gross_return,transaction_cost,net_return,turnover,long_exposure,short_exposure,gross_exposure,net_exposure,benchmark_return,cumulative_gross,cumulative_net,cumulative_benchmark
0.0,0.0,0.0,0.0,0.0,0.0,0.0,0.0,,0.0,0.0,
0.0,0.0,0.0,0.0,0.0,0.0,0.0,0.0,0.001691355739052769,0.0,0.0,0.001691355739052769
0.0,0.0,0.0,0.0,0.0,0.0,0.0,0.0,-0.012614189900842843,0.0,0.0,-0.010944169244272328
0.0,0.0,0.0,0.0,0.0,0.0,0.0,0.0,-0.02399157075113889,0.0,0.0,-0.034673172184674805
0.0,0.0,0.0,0.0,0.0,0.0,0.0,0.0,-0.010976577424965939,0.0,0.0,-0.04526915685058652
0.0,0.0,0.0,0.0,0.0,0.0,0.0,0.0,0.0009900085619998222,0.0,0.0,-0.044323965141463306
0.0,0.0,0.0,0.0,0.0,0.0,0.0,0.0,0.008068310066281281,0.0,0.0,-0.036613274569310406
0.0,0.0,0.0,0.0,0.0,0.0,0.0,0.0,-0.024940626560566947,0.0,0.0,-0.06064074312168466
0.0,0.0,0.0,0.0,0.0,0.0,0.0,0.0,0.01641683426715268,0.0,0.0,-0.04521943788419769
0.0,0.0,0.0,0.0,0.0,0.0,0.0,0.0,-0.021466134915907764,0.0,0.0,-0.0657148862456618
0.0,0.0,0.0,0.0,0.0,0.0,0.0,0.0,0.0013311325448583933,0.0,0.0,-0.06447122892456669
0.0,0.0,0.0,0.0,0.0,0.0,0.0,0.0,-0.01281507866317233,0.0,0.0,-0.07646010371755929
0.0,0.0,0.0,0.0,0.0,0.0,0.0,0.0,0.00560198534400036,0.0,0.0,-0.07128644675398543
0.0,0.0,0.0,0.0,0.0,0.0,0.0,0.0,0.020515302270975866,0.0,0.0,-0.052233607485991373
0.0,0.0,0.0,0.0,0.0,0.0,0.0,0.0,-0.01511654848954247,0.0,0.0,-0.06656056411518818
0.0,0.0,0.0,0.0,0.0,0.0,0.0,0.0,0.013643133483909997,0.0,0.0,-0.05382552529226603
0.0,0.0,0.0,0.0,0.0,0.0,0.0,0.0,-0.010883239214735552,0.0,0.0,-0.06412296843938703
0.0,0.0,0.0,0.0,0.0,0.0,0.0,0.0,0.005209141030690478,0.0,0.0,-0.05924785299460378
0.0,0.0,0.0,0.0,0.0,0.0,0.0,0.0,0.024377349666716785,0.0,0.0,-0.03631480895733863
0.0,0.0,0.0,0.0,0.0,0.0,0.0,0.0,-0.00036138407896757485,0.0,0.0,-0.03666306944251829
0.0,0.0,0.0,0.0,0.0,0.0,0.0,0.0,-0.01802215514781047,0.0,0.0,-0.05402447706464075
0.0,0.0,0.0,0.0,0.0,0.0,0.0,0.0,0.00599494829456404,0.0,0.0,-0.04835340271672006
0.0,0.0,0.0,0.0,0.0,0.0,0.0,0.0,0.0015682333872031329,0.0,0.0,-0.04686099875004213
0.0,0.0,0.0,0.0,0.0,0.0,0.0,0.0,-0.01905015156054557,0.0,0.0,-0.06501844118212086
0.0,0.0,0.0,0.0,0.0,0.0,0.0,0.0,-0.013461020592586581,0.0,0.0,-0.07760424719905701
0.0,0.0,0.0,0.0,0.0,0.0,0.0,0.0,5.3901989724103316e-05,0.0,0.0,-0.07755452823266795
0.0,0.0,0.0,0.0,0.0,0.0,0.0,0.0,-0.0008627967946913673,0.0,0.0,-0.07835041122898634
0.0,0.0,0.0,0.0,0.0,0.0,0.0,0.0,-0.013008061782981306,0.0,0.0,-0.09033928602197905
0.0,0.0,0.0,0.0,0.0,0.0,0.0,0.0,0.020616888657319254,0.0,0.0,-0.07158491236595665
0.0,0.0,0.0,0.0,0.0,0.0,0.0,0.0,0.016878282237962283,0.0,0.0,-0.05591486048288674
0.0,0.0,0.0,0.0,0.0,0.0,0.0,0.0,0.016334735606784,0.0,0.0,-0.04049347933858094
0.0,0.0,0.0,0.0,0.0,0.0,0.0,0.0,-0.00409585506492427,0.0,0.0,-0.044423478981059916
0.0,0.0,0.0,0.0,0.0,0.0,0.0,0.0,-0.00046851132076819457,0.0,0.0,-0.04487117739901758
0.0,0.0,0.0,0.0,0.0,0.0,0.0,0.0,0.01447916030883789,0.0,0.0,-0.031041714060986325
0.0,0.0,0.0,0.0,0.0,0.0,0.0,0.0,-0.01262958964213523,0.0,0.0,-0.043279259592742814
0.0,0.0,0.0,0.0,0.0,0.0,0.0,0.0,0.004575653028860094,0.0,0.0,-0.038901637439125114
0.0,0.0,0.0,0.0,0.0,0.0,0.0,0.0,0.012111782478534394,0.0,0.0,-0.02726102313131218
0.0,0.0,0.0,0.0,0.0,0.0,0.0,0.0,-0.002301303895330009,0.0,0.0,-0.029499591127919444
0.0,0.0,0.0,0.0,0.0,0.0,0.0,0.0,-0.007842528105064694,0.0,0.0,-0.03711076786047551
0.0,0.0,0.0,0.0,0.0,0.0,0.0,0.0,0.02350693898092482,0.0,0.0,-0.01447618943518214
0.0,0.0,0.0,0.0,0.0,0.0,0.0,0.0,0.004492450592632702,0.0,0.0,-0.010048772408356554
0.0,2e-05,-2e-05,0.02,0.0,0.0,0.0,0.0,0.003919591855763294,0.0,-2.0000000000020002e-05,-0.006168567639085465
9.234989166864161e-05,0.0,9.234989166864161e-05,0.0,0.0,0.02,0.02,-0.02,0.003253548405526052,9.234989166873042e-05,7.234804467093348e-05,-0.0029350889669659264
0.0003618284742160838,0.0,0.0003618284742160838,0.0,0.0,0.02,0.02,-0.02,0.000798301990502015,0.0004542117807053714,0.00043420269646965437,-0.002139130063828487
-0.0003752444912804931,0.0,-0.0003752444912804931,0.0,0.0,0.02,0.02,-0.02,-0.010917804882538684,7.879684895639727e-05,5.879527301932974e-05,-0.01303358034171187
-0.0002782386414006588,0.0,-0.0002782386414006588,0.0,0.0,0.02,0.02,-0.02,0.004939571655629527,-0.00019946371677248553,-0.00021945972749815024,-0.008158388990109677
2.352276131734943e-05,2e-05,3.522761317349428e-06,0.02,0.0,0.02,0.02,-0.02,0.0008024295285495864,-0.00017594564739242813,-0.00021593773928507698,-0.00736250599379118
0.0,0.0,0.0,0.0,0.0,0.0,0.0,0.0,0.016137122025887685,-0.00017594564739242813,-0.00021593773928507698,0.008655806374458397
0.0,0.0,0.0,0.0,0.0,0.0,0.0,0.0,-0.0012822771448002257,-0.00017594564739242813,-0.00021593773928507698,0.0073624300869743475
0.0,0.0,0.0,0.0,0.0,0.0,0.0,0.0,-0.0016296386718750444,-0.00017594564739242813,-0.00021593773928507698,0.005720793314310635
0.0,0.0,0.0,0.0,0.0,0.0,0.0,0.0,0.0057871997800960084,-0.00017594564739242813,-0.00021593773928507698,0.011541100468217103
0.0,0.0,0.0,0.0,0.0,0.0,0.0,0.0,0.006344096430385804,-0.00017594564739242813,-0.00021593773928507698,0.017958414752885954
0.0,0.0,0.0,0.0,0.0,0.0,0.0,0.0,-0.0012217172166084644,-0.00017594564739242813,-0.00021593773928507698,0.01671475743179096
0.0,0.0,0.0,0.0,0.0,0.0,0.0,0.0,0.0014188926470526386,-0.00017594564739242813,-0.00021593773928507698,0.018157366525260787
0.0,0.0,0.0,0.0,0.0,0.0,0.0,0.0,-0.000537453517055142,-0.00017594564739242813,-0.00021593773928507698,0.01761015426770629
0.0,0.0,0.0,0.0,0.0,0.0,0.0,0.0,-0.006599486022871526,-0.00017594564739242813,-0.00021593773928507698,0.010894450277884493
0.0,0.0,0.0,0.0,0.0,0.0,0.0,0.0,-0.00044294864281180235,-0.00017594564739242813,-0.00021593773928507698,0.010446675953107887
0.0,0.0,0.0,0.0,0.0,0.0,0.0,0.0,0.0005908348703302924,-0.00017594564739242813,-0.00021593773928507698,0.01104368308387027
0.0,0.0,0.0,0.0,0.0,0.0,0.0,0.0,0.009250096305900124,-0.00017594564739242813,-0.00021593773928507698,0.020395934521868053
0.0,0.0,0.0,0.0,0.0,0.0,0.0,0.0,0.004387720245211835,-0.00017594564739242813,-0.00021593773928507698,0.024873146421901415
0.0,0.0,0.0,0.0,0.0,0.0,0.0,0.0,-0.002426948789588157,-0.00017594564739242813,-0.00021593773928507698,0.02238583177971143
0.0,0.0,0.0,0.0,0.0,0.0,0.0,0.0,0.0068119592612911894,-0.00017594564739242813,-0.00021593773928507698,0.02935028241511617
0.0,0.0,0.0,0.0,0.0,0.0,0.0,0.0,-0.0032379575433703067,-0.00017594564739242813,-0.00021593773928507698,0.026017289903399687
0.0,0.0,0.0,0.0,0.0,0.0,0.0,0.0,-0.009987866950757596,-0.00017594564739242813,-0.00021593773928507698,0.015769565722667744
0.0,0.0,0.0,0.0,0.0,0.0,0.0,0.0,0.010921179787825253,-0.00017594564739242813,-0.00021593773928507698,0.026862967772926183
0.0,0.0,0.0,0.0,0.0,0.0,0.0,0.0,-0.011965900797467954,-0.00017594564739242813,-0.00021593773928507698,0.014575627367961808
0.0,0.0,0.0,0.0,0.0,0.0,0.0,0.0,0.0026967544005278565,-0.00017594564739242813,-0.00021593773928507698,0.017311688655734736
0.0,0.0,0.0,0.0,0.0,0.0,0.0,0.0,-0.002347167371829162,-0.00017594564739242813,-0.00021593773928507698,0.014923887853141471
0.0,0.0,0.0,0.0,0.0,0.0,0.0,0.0,0.009312782358081861,-0.00017594564739242813,-0.00021593773928507698,0.024375653130735975
0.0,0.0,0.0,0.0,0.0,0.0,0.0,0.0,0.010101019082897178,-0.00017594564739242813,-0.00021593773928507698,0.03472289115106486
0.0,0.0,0.0,0.0,0.0,0.0,0.0,0.0,4.805051363421242e-05,-0.00017594564739242813,-0.00021593773928507698,0.034772610117453695
0.0,0.0,0.0,0.0,0.0,0.0,0.0,0.0,-0.0011056955608520491,-0.00017594564739242813,-0.00021593773928507698,0.033628466635955645
0.0,0.0,0.0,0.0,0.0,0.0,0.0,0.0,0.007026695170106345,-0.00017594564739242813,-0.00021593773928507698,0.04089145879015099
0.0,0.0,0.0,0.0,0.0,0.0,0.0,0.0,0.0031542170999507846,-0.00017594564739242813,-0.00021593773928507698,0.04417465642865959
0.0,0.0,0.0,0.0,0.0,0.0,0.0,0.0,0.0009528928673046,-0.00017594564739242813,-0.00021593773928507698,0.04516964301099069
0.0,0.0,0.0,0.0,0.0,0.0,0.0,0.0,-0.005378414326441039,-0.00017594564739242813,-0.00021593773928507698,0.039548287629459056
0.0,4e-05,-4e-05,0.04,0.0,0.0,0.0,0.0,0.0,-0.00017594564739242813,-0.00025592910177552053,0.039548287629459056
-0.00024782583107452183,0.0,-0.00024782583107452183,0.0,0.0,0.04,0.04,-0.04,-0.0017227382315576634,-0.0004237278745906625,-0.0005036915070076864,0.037757418050809566
0.0007109285119229436,0.0,0.0007109285119229436,0.0,0.0,0.04,0.04,-0.04,0.0014860148491766534,0.0002868993971048006,0.00020687891626169908,0.039299540983876335
0.0003022079759978125,2e-05,0.0002822079759978125,0.02,0.0,0.04,0.04,-0.04,0.0020582420942900637,0.0005891940763886883,0.0004891452751398795,0.04143867104770571
0.0014742844646024422,2e-05,0.0014542844646024422,0.02,0.0,0.06,0.06,-0.06,-0.009075753999901792,0.0020643471806647273,0.001944141096116736,0.031986829863292154
0.0003075512360392874,0.0001,0.0002075512360392874,0.1,0.02,0.06,0.08,-0.039999999999999994,-0.00539886784123178,0.0023725333092310397,0.0021520958410436997,0.026415269354968407
0.0013116753268086457,0.0,0.0013116753268086457,0.0,0.08,0.02,0.1,0.06,0.00794842909462723,0.0036873206294434357,0.0034665940188678412,0.034573658345079084
-0.0015017912688125535,0.0,-0.0015017912688125535,0.0,0.08,0.02,0.1,0.06,-0.008703166552722852,0.002179991774704293,0.0019595966494252437,0.025569591485442134
0.00012012278095047792,2e-05,0.00010012278095047792,0.02,0.08,0.02,0.1,0.06,-0.005578236005264525,0.0023003764223290535,0.0020599156306417843,0.019848722264313556
-0.00020664653905544395,2e-05,-0.00022664653905544394,0.02,0.08,0.0,0.08,0.08,-0.00019507968979282087,0.0020932545184473295,0.001832802218837859,0.019649770491938723
0.0006444631070467155,6e-05,0.0005844631070467155,0.06,0.06,0.0,0.06,0.06,0.003659072037534017,0.002739066650804922,0.002418336531163856,0.023380742455223702
0.0,0.0,0.0,0.0,0.0,0.0,0.0,0.0,0.0008263570286630717,0.002739066650804922,0.002418336531163856,0.024226420324749975
0.0,0.0,0.0,0.0,0.0,0.0,0.0,0.0,0.01243381206558225,0.002739066650804922,0.002418336531163856,0.036961459147671905
0.0,0.0,0.0,0.0,0.0,0.0,0.0,0.0,-0.009354746830369964,0.002739066650804922,0.002418336531163856,0.02726094722449446
0.0,0.0,0.0,0.0,0.0,0.0,0.0,0.0,0.00029054507793579987,0.002739066650804922,0.002418336531163856,0.027559412836466235
0.0,0.0,0.0,0.0,0.0,0.0,0.0,0.0,-0.008714189935286054,0.002739066650804922,0.002418336531163856,0.01860506494321834
0.0,0.0,0.0,0.0,0.0,0.0,0.0,0.0,0.009865229178805723,0.002739066650804922,0.002418336531163856,0.02865383735157545
0.0,0.0,0.0,0.0,0.0,0.0,0.0,0.0,-0.009333555891163359,0.002739066650804922,0.002418336531163856,0.019052839267994948
0.0,0.0,0.0,0.0,0.0,0.0,0.0,0.0,0.00029288531513849136,0.002739066650804922,0.002418336531163856,0.019351304879966724
0.0,0.0,0.0,0.0,0.0,0.0,0.0,0.0,-0.003464968528515411,0.002739066650804922,0.002418336531163856,0.01581928468905658
0.0,0.0,0.0,0.0,0.0,0.0,0.0,0.0,0.006317377885411313,0.002739066650804922,0.002418336531163856,0.022236598973725652
0.0,0.0,0.0,0.0,0.0,0.0,0.0,0.0,-0.0013625907431599193,0.002739066650804922,0.002418336531163856,0.02084370884664488
0.0,0.0,0.0,0.0,0.0,0.0,0.0,0.0,0.012962274335038826,0.002739066650804922,0.002418336531163856,0.03407616505391364
0.0,0.0,0.0,0.0,0.0,0.0,0.0,0.0,0.006783103358974252,0.002739066650804922,0.002418336531163856,0.04109041056252605
0.0,0.0,0.0,0.0,0.0,0.0,0.0,0.0,0.00028668558363764696,0.002739066650804922,0.002418336531163856,0.041388876174497824
0.0,0.0,0.0,0.0,0.0,0.0,0.0,0.0,0.0042992699484945,0.002739066650804922,0.002418336531163856,0.04586608807453141
0.0,0.0,0.0,0.0,0.0,0.0,0.0,0.0,-0.0019026310160862314,0.002739066650804922,0.002418336531163856,0.04387619081668803
0.0,0.0,0.0,0.0,0.0,0.0,0.0,0.0,0.0020492181761093686,0.002739066650804922,0.002418336531163856,0.04601532088051741
0.0,0.0,0.0,0.0,0.0,0.0,0.0,0.0,0.0030437027471552636,0.002739066650804922,0.002418336531163856,0.04919908058624789
0.0,0.0,0.0,0.0,0.0,0.0,0.0,0.0,-0.0029870791895760807,0.002739066650804922,0.002418336531163856,0.04606503984690624
0.0,0.0,0.0,0.0,0.0,0.0,0.0,0.0,0.005088488350914355,0.002739066650804922,0.002418336531163856,0.05138792961646588
0.0,0.0,0.0,0.0,0.0,0.0,0.0,0.0,0.001561327479233654,0.002739066650804922,0.002418336531163856,0.05302949048231054
0.0,0.0,0.0,0.0,0.0,0.0,0.0,0.0,0.0032596488344700525,0.002739066650804922,0.002418336531163856,0.05646199683362374
0.0,0.0,0.0,0.0,0.0,0.0,0.0,0.0,-0.0013655096896940666,0.002739066650804922,0.002418336531163856,0.05501938774015391
0.0,0.0,0.0,0.0,0.0,0.0,0.0,0.0,-0.009477529656177208,0.002739066650804922,0.002418336531163856,0.04502041020500469
0.0,0.0,0.0,0.0,0.0,0.0,0.0,0.0,-0.0077117642666439945,0.002739066650804922,0.002418336531163856,0.03696145914767213
0.0,0.0,0.0,0.0,0.0,0.0,0.0,0.0,-0.001966916133902208,0.002739066650804922,0.002418336531163856,0.034921842923439694
0.0,0.0,0.0,0.0,0.0,0.0,0.0,0.0,-0.0013939304724642776,0.002739066650804922,0.002418336531163856,0.03347923382996987
0.0,0.0,0.0,0.0,0.0,0.0,0.0,0.0,0.0029843326940433013,0.002739066650804922,0.002418336531163856,0.03656347969610341
0.0,0.0,0.0,0.0,0.0,0.0,0.0,0.0,-0.008878393665489703,0.002739066650804922,0.002418336531163856,0.027360461064091623
0.0,0.0,0.0,0.0,0.0,0.0,0.0,0.0,0.006440062965038518,0.002739066650804922,0.002418336531163856,0.03397672712113531
0.0,0.0,0.0,0.0,0.0,0.0,0.0,0.0,0.0028385678160469663,0.002739066650804922,0.002418336531163856,0.03691174018128285
0.0,0.0,0.0,0.0,0.0,0.0,0.0,0.0,-0.001631147255365284,0.002739066650804922,0.002418336531163856,0.03522038444223008
0.0,0.0,0.0,0.0,0.0,0.0,0.0,0.0,0.013022543851969326,0.002739066650804922,0.002418336531163856,0.04870158729508156
0.0,0.0,0.0,0.0,0.0,0.0,0.0,0.0,-0.03590907524831999,0.002739066650804922,0.002418336531163856,0.011043683083869826
0.0,0.0,0.0,0.0,0.0,0.0,0.0,0.0,-0.0179098567765531,0.002739066650804922,0.002418336531163856,-0.007063964475001017
0.0,0.0,0.0,0.0,0.0,0.0,0.0,0.0,0.018036025724666338,0.002739066650804922,0.002418336531163856,0.010844655404676162
0.0,0.0,0.0,0.0,0.0,0.0,0.0,0.0,0.01702759235153195,0.002739066650804922,0.002418336531163856,0.028056906127631676
0.0,0.0,0.0,0.0,0.0,0.0,0.0,0.0,0.013645562834888825,0.002739066650804922,0.002418336531163856,0.042085321238037654
0.0,0.0,0.0,0.0,0.0,0.0,0.0,0.0,0.0021004508801811816,0.002739066650804922,0.002418336531163856,0.044274170268256086
0.0,0.0,0.0,0.0,0.0,0.0,0.0,0.0,-0.007193190358265378,0.002739066650804922,0.002418336531163856,0.03676250737529685
0.0,0.0,0.0,0.0,0.0,0.0,0.0,0.0,0.005997792706853966,0.002739066650804922,0.002418336531163856,0.042980793980772036
0.0,0.0,0.0,0.0,0.0,0.0,0.0,0.0,-0.0006200747903354342,0.002739066650804922,0.002418336531163856,0.042334067883620596
0.0,0.0,0.0,0.0,0.0,0.0,0.0,0.0,0.014890445928336327,0.002739066650804922,0.002418336531163856,0.05785488696070451
0.0,0.0,0.0,0.0,0.0,0.0,0.0,0.0,0.003526922273814348,0.002739066650804922,0.002418336531163856,0.06158585892398949
0.0,0.0,0.0,0.0,0.0,0.0,0.0,0.0,0.007263369709887169,0.002739066650804922,0.002418336531163856,0.06929654949614261
0.0,0.0,0.0,0.0,0.0,0.0,0.0,0.0,-0.00013956166421391636,0.002739066650804922,0.002418336531163856,0.06914731669015683
0.0,0.0,0.0,0.0,0.0,0.0,0.0,0.0,0.005583458768219751,0.002739066650804922,0.002418336531163856,0.07511685665004908
0.0,0.0,0.0,0.0,0.0,0.0,0.0,0.0,-0.0013418160868251539,0.002739066650804922,0.002418336531163856,0.07367424755657925
0.0,0.0,0.0,0.0,0.0,0.0,0.0,0.0,0.002687308650947795,0.002739066650804922,0.002418336531163856,0.07655954165033796
0.0,0.0,0.0,0.0,0.0,0.0,0.0,0.0,-0.0010165945057079018,0.002739066650804922,0.002418336531163856,0.07546511713522874
0.0,2e-05,-2e-05,0.02,0.0,0.0,0.0,0.0,0.004162976485132752,0.002739066650804922,0.0023982881644331044,0.07994225312844327
-3.9349172116533996e-05,0.0,-3.9349172116533996e-05,0.0,0.02,0.0,0.02,0.02,-0.0037771987620903724,0.002699609698683325,0.0023588446216626924,0.07586309658679746
0.00027598583092892427,0.0,0.00027598583092892427,0.0,0.02,0.0,0.02,0.02,0.004485139878580124,0.0029763405836380485,0.0026354814602844723,0.08068849306519166
5.6567031385981185e-05,0.0,5.6567031385981185e-05,0.0,0.02,0.0,0.02,0.02,-0.00271594357282523,0.003033075977775246,0.0026921975730329617,0.07775340409822507
1.0575984325380539e-05,0.0,1.0575984325380539e-05,0.0,0.02,0.0,0.02,0.02,0.00046160215247192937,0.003043684039864658,0.0027028020299977307,0.07825089738939073
-0.00020084556436922085,2e-05,-0.00022084556436922085,0.02,0.02,0.0,0.02,0.02,-0.0010611106230176137,0.0028422271650567765,0.0024813595637889208,0.07710675390789268
0.0,0.0,0.0,0.0,0.0,0.0,0.0,0.0,0.0011546277252305615,0.0028422271650567765,0.0024813595637889208,0.07835041122898789
0.0,4e-05,-4e-05,0.04,0.0,0.0,0.0,0.0,0.0016145723016485203,0.0028422271650567765,0.00244126030940639,0.0800914859344295
0.0009301415079059194,0.0,0.0009301415079059194,0.0,0.02,0.02,0.04,0.0,-0.0008290009203625326,0.003775012346423745,0.0033736725348576524,0.07919608909851417
-0.00046138849414383736,0.0,-0.00046138849414383736,0.0,0.02,0.02,0.04,0.0,-0.006407298672469919,0.0033118821050179825,0.0029107274670232552,0.07228135742949848
-0.00025959708798772407,0.0,-0.00025959708798772407,0.0,0.02,0.02,0.04,0.0,0.002922707562533322,0.003051425262080132,0.0026503747626611673,0.07541532226202108
0.00016474804465800076,0.0,0.00016474804465800076,0.0,0.02,0.02,0.04,0.0,0.001063979064302556,0.00321667602308362,0.0028155594513790128,0.07655954165033796
0.00011867689279569494,4e-05,7.867689279569495e-05,0.04,0.02,0.02,0.04,0.0,0.008178868738597966,0.0033357346609947935,0.00289445786364384,0.08536458083078124
0.0,0.0,0.0,0.0,0.0,0.0,0.0,0.0,-0.0005957907616973568,0.0033357346609947935,0.00289445786364384,0.08471793064044864
0.0,0.0,0.0,0.0,0.0,0.0,0.0,0.0,0.0005961459399410618,0.0033357346609947935,0.00289445786364384,0.08536458083078124
0.0,0.0,0.0,0.0,0.0,0.0,0.0,0.0,-0.002474989936108618,0.0033357346609947935,0.00289445786364384,0.0826783144162162
0.0,0.0,0.0,0.0,0.0,0.0,0.0,0.0,0.004640665822773338,0.0033357346609947935,0.00289445786364384,0.08770266266698545
0.0,0.0,0.0,0.0,0.0,0.0,0.0,0.0,-0.0008689100750999268,0.0033357346609947935,0.00289445786364384,0.08675754686468107
0.0,0.0,0.0,0.0,0.0,0.0,0.0,0.0,0.0028837755408868126,0.0033357346609947935,0.00289445786364384,0.08989151169720366
0.0,0.0,0.0,0.0,0.0,0.0,0.0,0.0,-0.005157650476568132,0.0033357346609947935,0.00289445786364384,0.08427023222249108
0.0,0.0,0.0,0.0,0.0,0.0,0.0,0.0,0.0018810258335995034,0.0033357346609947935,0.00289445786364384,0.08630977253990446
0.0,0.0,0.0,0.0,0.0,0.0,0.0,0.0,0.0022439231768132117,0.0033357346609947935,0.00289445786364384,0.08874736821570539
0.0,0.0,0.0,0.0,0.0,0.0,0.0,0.0,-0.0014621553656507524,0.0033357346609947935,0.00289445786364384,0.08715545040943073
0.0,0.0,0.0,0.0,0.0,0.0,0.0,0.0,-4.573307926691861e-05,0.0033357346609947935,0.00289445786364384,0.08710573144304168
0.0,0.0,0.0,0.0,0.0,0.0,0.0,0.0,0.0020134647136049733,0.0033357346609947935,0.00289445786364384,0.08929458047325989
0.0,0.0,0.0,0.0,0.0,0.0,0.0,0.0,-0.0051148335888194785,0.0033357346609947935,0.00289445786364384,0.08372301996493614
0.0,0.0,0.0,0.0,0.0,0.0,0.0,0.0,-0.0006885891717723913,0.0033357346609947935,0.00289445786364384,0.08297678002818776
0.0,0.0,0.0,0.0,0.0,0.0,0.0,0.0,-0.0018833425257550607,0.0033357346609947935,0.00289445786364384,0.08093716380395533
0.0,0.0,0.0,0.0,0.0,0.0,0.0,0.0,0.004924328580606652,0.0033357346609947935,0.00289445786364384,0.08626005357351496
0.0,0.0,0.0,0.0,0.0,0.0,0.0,0.0,-0.0016486563901140228,0.0033357346609947935,0.00289445786364384,0.08446918399486547
0.0,0.0,0.0,0.0,0.0,0.0,0.0,0.0,-0.002844014299025255,0.0033357346609947935,0.00289445786364384,0.08138493812873193
0.0,0.0,0.0,0.0,0.0,0.0,0.0,0.0,4.5977121222895434e-05,0.0033357346609947935,0.00289445786364384,0.08143465709512099
0.0,0.0,0.0,0.0,0.0,0.0,0.0,0.0,0.004508007407380887,0.0033357346609947935,0.00289445786364384,0.08630977253990424
0.0,0.0,0.0,0.0,0.0,0.0,0.0,0.0,0.0030224100236626583,0.0033357346609947935,0.00289445786364384,0.08959304608523144
0.0,0.0,0.0,0.0,0.0,0.0,0.0,0.0,-9.133119925319733e-05,0.0033357346609947935,0.00289445786364384,0.0894935322456345
0.0,0.0,0.0,0.0,0.0,0.0,0.0,0.0,-0.002283000833481985,0.0033357346609947935,0.00289445786364384,0.08700621760344451
0.0,0.0,0.0,0.0,0.0,0.0,0.0,0.0,-0.023934812406832262,0.0033357346609947935,0.00289445786364384,0.060988927700045714
0.0,0.0,0.0,0.0,0.0,0.0,0.0,0.0,0.014347325469371563,0.0033357346609947935,0.00289445786364384,0.07621128116515785
0.0,0.0,0.0,0.0,0.0,0.0,0.0,0.0,-0.014375523079394936,0.0033357346609947935,0.00289445786364384,0.060740181054462994
0.0,0.0,0.0,0.0,0.0,0.0,0.0,0.0,-0.00037519032339572433,0.0033357346609947935,0.00289445786364384,0.060342201602894274
0.0,0.0,0.0,0.0,0.0,0.0,0.0,0.0,0.009992985896339901,0.0033357346609947935,0.00289445786364384,0.0709381862688061
0.0,0.0,0.0,0.0,0.0,0.0,0.0,0.0,-0.00887218354208319,0.0033357346609947935,0.00289445786364384,0.06143662611800349
0.0,0.0,0.0,0.0,0.0,0.0,0.0,0.0,0.00018750783070453636,0.0033357346609947935,0.00289445786364384,0.061635653797197154
0.0,0.0,0.0,0.0,0.0,0.0,0.0,0.0,4.68324195888048e-05,0.0033357346609947935,0.00289445786364384,0.06168537276358621
0.0,0.0,0.0,0.0,0.0,0.0,0.0,0.0,0.011245474537833866,0.0033357346609947935,0.00289445786364384,0.07362452859018975
0.0,0.0,0.0,0.0,0.0,0.0,0.0,0.0,0.006301479498698415,0.0033357346609947935,0.00289445786364384,0.0803899515464006
0.0,0.0,0.0,0.0,0.0,0.0,0.0,0.0,-0.005479267072237448,0.0033357346609947935,0.00289445786364384,0.07447020645971625
0.0,0.0,0.0,0.0,0.0,0.0,0.0,0.0,-0.008102226748891828,0.0033357346609947935,0.00289445786364384,0.06576460521205107
0.0,0.0,0.0,0.0,0.0,0.0,0.0,0.0,0.00620799942565875,0.0033357346609947935,0.00289445786364384,0.07238087126909498
0.0,0.0,0.0,0.0,0.0,0.0,0.0,0.0,0.00496354793837539,0.0033357346609947935,0.00289445786364384,0.07770368513183601
0.0,0.0,0.0,0.0,0.0,0.0,0.0,0.0,-0.009047298372365287,0.0033357346609947935,0.00289445786364384,0.06795337833545068
0.0,0.0,0.0,0.0,0.0,0.0,0.0,0.0,0.007546163737871758,0.0033357346609947935,0.00289445786364384,0.07601232939278324
0.0,0.0,0.0,0.0,0.0,0.0,0.0,0.0,-0.0024040881420446247,0.0033357346609947935,0.00289445786364384,0.07342550091099631
0.0,0.0,0.0,0.0,0.0,0.0,0.0,0.0,-0.005097813095460868,0.0033357346609947935,0.00289445786364384,0.06795337833545068
0.0,0.0,0.0,0.0,0.0,0.0,0.0,0.0,0.0044252479944231204,0.0033357346609947935,0.00289445786364384,0.07267933688106698
0.0,0.0,0.0,0.0,0.0,0.0,0.0,0.0,0.0006956077219675283,0.0033357346609947935,0.00289445786364384,0.07342550091099653
0.0,0.0,0.0,0.0,0.0,0.0,0.0,0.0,-0.0034294443291796872,0.0033357346609947935,0.00289445786364384,0.06974424791410039
0.0,0.0,0.0,0.0,0.0,0.0,0.0,0.0,0.005208381747325852,0.0033357346609947935,0.00289445786364384,0.07531588432924297
0.0,0.0,0.0,0.0,0.0,0.0,0.0,0.0,-0.012629584289772455,0.0033357346609947935,0.00289445786364384,0.06173509172997549
0.0,0.0,0.0,0.0,0.0,0.0,0.0,0.0,0.0013119713615477036,0.0033357346609947935,0.00289445786364384,0.06312805776387553
0.0,0.0,0.0,0.0,0.0,0.0,0.0,0.0,-0.003275523770716493,0.0033357346609947935,0.00289445786364384,0.05964575653935422
0.0,0.0,0.0,0.0,0.0,0.0,0.0,0.0,0.00051641055907381,0.0033357346609947935,0.00289445786364384,0.06019296879690894
0.0,2e-05,-2e-05,0.02,0.0,0.0,0.0,0.0,-0.003472176479584199,0.0033357346609947935,0.0028743999744864634,0.05651179170683185
0.0002616834913442023,0.0,0.0002616834913442023,0.0,0.02,0.0,0.02,0.02,0.006262368398515461,0.003598291059031311,0.003136835648851477,0.06312805776387576
0.0002583014532799899,0.0,0.0002583014532799899,0.0,0.02,0.0,0.02,0.02,0.0026671285738755213,0.0038575219561212126,0.003395947351338302,0.06596355698442657
0.00010928980733461824,0.0,0.00010928980733461824,0.0,0.02,0.0,0.02,0.02,-0.0018666879725734997,0.003967233351287236,0.00350560830110469,0.06397373563340203
0.0001328509829698854,0.0,0.0001328509829698854,0.0,0.02,0.0,0.02,0.02,0.0004675090819328265,0.004100611385107422,0.003638925007583227,0.06447115301774864
0.00011997646192207778,2e-05,9.997646192207778e-05,0.02,0.02,0.0,0.02,0.02,0.0042527510995378215,0.004221079823875318,0.003739265276352821,0.06899808388417106
0.0,0.0,0.0,0.0,0.0,0.0,0.0,0.0,-0.00335055713503718,0.004221079823875318,0.003739265276352821,0.06541634472687186
0.0,0.0,0.0,0.0,0.0,0.0,0.0,0.0,-0.002007716671137416,0.004221079823875318,0.003739265276352821,0.06327729056986153
0.0,0.0,0.0,0.0,0.0,0.0,0.0,0.0,-0.002666825627254843,0.004221079823875318,0.003739265276352821,0.06044171544249166
0.0,4e-05,-4e-05,0.04,0.0,0.0,0.0,0.0,-0.002955410649828849,0.004221079823875318,0.0036991157057417734,0.057307674703150235
-0.0001686380225103834,0.0,-0.0001686380225103834,0.0,0.02,0.02,0.04,0.0,4.709591578611061e-05,0.00405172996681058,0.003529853871673705,0.05735746957635812
0.00044198239304676034,0.0,0.00044198239304676034,0.0,0.02,0.02,0.04,0.0,-0.007245394132254446,0.00449550315316416,0.003973396397981777,0.04969649797059428
0.00030073461253449013,0.0,0.00030073461253449013,0.0,0.02,0.02,0.04,0.0,-0.006018620192091095,0.004797589719097717,0.004275325948342568,0.0433787734323412
-3.840408963292852e-05,0.0,-3.840408963292852e-05,0.0,0.02,0.02,0.04,0.0,-0.004577127342062948,0.004759001382399264,0.004236757668708568,0.03860309592033584
0.00019661454420753397,4e-05,0.00015661454420753398,0.04,0.02,0.02,0.04,0.0,-0.0011016176304425862,0.0049565516154945755,0.0043940357507872285,0.03745895243883779
0.0,0.0,0.0,0.0,0.0,0.0,0.0,0.0,0.02205701643449487,0.0049565516154945755,0.0043940357507872285,0.06034220160289516
0.0,0.0,0.0,0.0,0.0,0.0,0.0,0.0,0.0045039021410124835,0.0049565516154945755,0.0043940357507872285,0.0651178791149003
0.0,0.0,0.0,0.0,0.0,0.0,0.0,0.0,0.010602046919760744,0.0049565516154945755,0.0043940357507872285,0.07641030884435263
0.0,0.0,0.0,0.0,0.0,0.0,0.0,0.0,0.002495578491299444,0.0049565516154945755,0.0043940357507872285,0.07909657525891767
0.0,2e-05,-2e-05,0.02,0.0,0.0,0.0,0.0,-0.002304997253460117,0.0049565516154945755,0.00437394787007217,0.07660926061672768
0.0009844256321032984,0.0,0.0009844256321032984,0.0,0.0,0.02,0.02,-0.02,0.0007855012031401376,0.005945856604054889,0.005362679328572151,0.07745493848625395
-0.0006097563478516666,0.0,-0.0006097563478516666,0.0,0.0,0.02,0.02,-0.02,0.007802772380907985,0.005332474732395509,0.004749653052958491,0.08586207412194735
-0.0012623265912247161,0.0,-0.0012623265912247161,0.0,0.0,0.02,0.02,-0.02,-0.0018783382096493328,0.0040634168165190054,0.0034813308483858663,0.08382245789771492
-0.00016588499997189922,0.0,-0.00016588499997189922,0.0,0.0,0.02,0.02,-0.02,0.005140727961985503,0.0038968577566484974,0.0033148683478463337,0.0893940943128575
-0.00020997969197115386,2e-05,-0.00022997969197115385,0.02,0.0,0.02,0.02,-0.02,-0.0022375701213421806,0.0036860598036860814,0.0030841263034735444,0.08695649863705635
0.0,0.0,0.0,0.0,0.0,0.0,0.0,0.0,0.007551459480477751,0.0036860598036860814,0.0030841263034735444,0.09516460659355608
0.0,0.0,0.0,0.0,0.0,0.0,0.0,0.0,0.0019532498137269094,0.0036860598036860814,0.0030841263034735444,0.09730373665738523
0.0,0.0,0.0,0.0,0.0,0.0,0.0,0.0,0.0005439981693327045,0.0036860598036860814,0.0030841263034735444,0.09790066788132878
0.0,0.0,0.0,0.0,0.0,0.0,0.0,0.0,0.00371548407592881,0.0036860598036860814,0.0030841263034735444,0.10197990032979343
0.0,0.0,0.0,0.0,0.0,0.0,0.0,0.0,-0.004694874164243412,0.0036860598036860814,0.0030841263034735444,0.09680624336621957
0.0,0.0,0.0,0.0,0.0,0.0,0.0,0.0,0.0019503263012654593,0.0036860598036860814,0.0030841263034735444,0.09894537343004894
0.0,0.0,0.0,0.0,0.0,0.0,0.0,0.0,-0.0023991615160512403,0.0036860598036860814,0.0030841263034735444,0.09630882598187296
0.0,0.0,0.0,0.0,0.0,0.0,0.0,0.0,-0.003675458483742511,0.0036860598036860814,0.0030841263034735444,0.09227938840661598
0.0,0.0,0.0,0.0,0.0,0.0,0.0,0.0,0.0005009124556802913,0.0036860598036860814,0.0030841263034735444,0.09282652475735165
0.0,0.0,0.0,0.0,0.0,0.0,0.0,0.0,0.006008773526166689,0.0036860598036860814,0.0030841263034735444,0.09939307184800628
0.0,0.0,0.0,0.0,0.0,0.0,0.0,0.0,0.0031674070056206816,0.0036860598036860814,0.0030841263034735444,0.10287529716570853
0.0,0.0,0.0,0.0,0.0,0.0,0.0,0.0,0.013080781214221071,0.0036860598036860814,0.0030841263034735444,0.11730176763450229
0.0,0.0,0.0,0.0,0.0,0.0,0.0,0.0,0.002448743446227919,0.0036860598036860814,0.0030841263034735444,0.12003775301545616
0.0,0.0,0.0,0.0,0.0,0.0,0.0,0.0,0.006040420374058941,0.0036860598036860814,0.0030841263034735444,0.12680325187848585
0.0,0.0,0.0,0.0,0.0,0.0,0.0,0.0,-0.0011478279684832282,0.0036860598036860814,0.0030841263034735444,0.1255098755910018
0.0,0.0,0.0,0.0,0.0,0.0,0.0,0.0,0.006674008869993031,0.0036860598036860814,0.0030841263034735444,0.1330215384839608
0.0,0.0,0.0,0.0,0.0,0.0,0.0,0.0,-0.008254257417305233,0.0036860598036860814,0.0030841263034735444,0.12366928704596303
0.0,0.0,0.0,0.0,0.0,0.0,0.0,0.0,0.004117197873551248,0.0036860598036860814,0.0030841263034735444,0.12829565584516356
0.0,0.0,0.0,0.0,0.0,0.0,0.0,0.0,-0.007803907638611385,0.0036860598036860814,0.0030841263034735444,0.11949054075790144
0.0,0.0,0.0,0.0,0.0,0.0,0.0,0.0,0.0021774151607845127,0.0036860598036860814,0.0030841263034735444,0.1219281364337026
0.0,0.0,0.0,0.0,0.0,0.0,0.0,0.0,0.0038575582933375596,0.0036860598036860814,0.0030841263034735444,0.12625603962093113
0.0,0.0,0.0,0.0,0.0,0.0,0.0,0.0,-0.00278263975709947,0.0036860598036860814,0.0030841263034735444,0.12312207478840853
0.0,0.0,0.0,0.0,0.0,0.0,0.0,0.0,-0.0017274189762506165,0.0036860598036860814,0.0030841263034735444,0.12118197240377304
0.0,0.0,0.0,0.0,0.0,0.0,0.0,0.0,0.0014642018985946414,0.0036860598036860814,0.0030841263034735444,0.12282360917643675
0.0,0.0,0.0,0.0,0.0,0.0,0.0,0.0,0.002481048876595171,0.0036860598036860814,0.0030841263034735444,0.12560938943059852
0.0,0.0,0.0,0.0,0.0,0.0,0.0,0.0,-0.008264508510481994,0.0036860598036860814,0.0030841263034735444,0.11630678105217096
0.0,0.0,0.0,0.0,0.0,0.0,0.0,0.0,-0.00022276200681092817,0.0036860598036860814,0.0030841263034735444,0.11605811031340707
0.0,0.0,0.0,0.0,0.0,0.0,0.0,0.0,-0.0036550358899495317,0.0036860598036860814,0.0030841263034735444,0.1119788778649422
0.0,0.0,0.0,0.0,0.0,0.0,0.0,0.0,0.007650009945893599,0.0036860598036860814,0.0030841263034735444,0.12048552734023255
0.0,0.0,0.0,0.0,0.0,0.0,0.0,0.0,0.005949193328053326,0.0036860598036860814,0.0030841263034735444,0.1271515123636653
0.0,0.0,0.0,0.0,0.0,0.0,0.0,0.0,-0.0007944564088429029,0.0036860598036860814,0.0030841263034735444,0.1262560396209309
0.0,0.0,0.0,0.0,0.0,0.0,0.0,0.0,0.0035777952262365798,0.0036860598036860814,0.0030841263034735444,0.1302855531030067
0.0,0.0,0.0,0.0,0.0,0.0,0.0,0.0,-0.0033009109539110515,0.0036860598036860814,0.0030841263034735444,0.1265545811397215
0.0,0.0,0.0,0.0,0.0,0.0,0.0,0.0,0.0,0.0036860598036860814,0.0030841263034735444,0.1265545811397215
0.0,0.0,0.0,0.0,0.0,0.0,0.0,0.0,0.0028261033766421306,0.0036860598036860814,0.0030841263034735444,0.12973834084545222
0.0,0.0,0.0,0.0,0.0,0.0,0.0,0.0,-0.0025099397133390156,0.0036860598036860814,0.0030841263034735444,0.12690276571808257
0.0,0.0,0.0,0.0,0.0,0.0,0.0,0.0,0.0022955205723882433,0.0036860598036860814,0.0030841263034735444,0.12948959419986972
0.0,0.0,0.0,0.0,0.0,0.0,0.0,0.0,-0.0035234663774721398,0.0036860598036860814,0.0030841263034735444,0.1255098755910018
0.0,0.0,0.0,0.0,0.0,0.0,0.0,0.0,0.0022099447513812542,0.0036860598036860814,0.0030841263034735444,0.127997190233192
0.0,0.0,0.0,0.0,0.0,0.0,0.0,0.0,-0.003704504246485718,0.0036860598036860814,0.0030841263034735444,0.12381851985194925
0.0,0.0,0.0,0.0,0.0,0.0,0.0,0.0,0.0036740375264483482,0.0036860598036860814,0.0030841263034735444,0.12794747126680295
0.0,0.0,0.0,0.0,0.0,0.0,0.0,0.0,-0.00260215040304157,0.0036860598036860814,0.0030841263034735444,0.12501238229983636
0.0,0.0,0.0,0.0,0.0,0.0,0.0,0.0,0.0064117278185511495,0.0036860598036860814,0.0030841263034735444,0.13222565548764265
0.0,0.0,0.0,0.0,0.0,0.0,0.0,0.0,0.008655541159375613,0.0036860598036860814,0.0030841263034735444,0.14202568125041704
0.0,0.0,0.0,0.0,0.0,0.0,0.0,0.0,-0.0010454566603079751,0.0036860598036860814,0.0030841263034735444,0.1408317428957111
0.0,4e-05,-4e-05,0.04,0.0,0.0,0.0,0.0,-0.001569792907500922,0.0036860598036860814,0.0030440029384213307,0.1390408733170614
0.0008480082674329759,0.0,0.0008480082674329759,0.0,0.0,0.04,0.04,-0.04,-0.006201677780385717,0.004537193880306711,0.0038945925455120545,0.13197690884205993
0.00017243310155141023,2e-05,0.00015243310155141023,0.02,0.0,0.04,0.04,-0.04,-8.791154556209158e-05,0.004710409344271138,0.004047619311884576,0.13187739500246298
-4.291922024203255e-05,0.0,-4.291922024203255e-05,0.0,0.02,0.04,0.06,-0.02,0.00039553614193055253,0.004667287956932942,0.004004526370977812,0.13232509342042076
-0.00016912593099871473,0.0,-0.00016912593099871473,0.0,0.02,0.04,0.06,-0.02,0.0006590332944880206,0.0044973726665131775,0.0038347231707283047,0.13307133335716914
-0.000266539739907361,4e-05,-0.000306539739907361,0.04,0.02,0.04,0.06,-0.02,0.006892883329587374,0.004229634198064991,0.0035270079357776485,0.14088146186210015
-5.506424572969903e-05,0.0,-5.506424572969903e-05,0.0,0.02,0.0,0.02,0.02,-0.0017877547251082815,0.004174337050718568,0.003471749478016317,0.13884184563786772
-0.00012963652175059792,2e-05,-0.00014963652175059791,0.02,0.02,0.0,0.02,0.02,4.372413377562445e-05,0.004044159382432078,0.0033215934557493387,0.1388916405110756
0.0,0.0,0.0,0.0,0.0,0.0,0.0,0.0,0.0013104003169328582,0.004044159382432078,0.0033215934557493387,0.14038404447775354
0.0,0.0,0.0,0.0,0.0,0.0,0.0,0.0,0.005932649527842226,0.004044159382432078,0.0033215934557493387,0.14714954334078323
0.0,2e-05,-2e-05,0.02,0.0,0.0,0.0,0.0,0.003946176839699778,0.004044159382432078,0.003301527023880313,0.15167639830038682
-0.0009223730793581719,0.0,-0.0009223730793581719,0.0,0.02,0.0,0.02,0.02,0.005442571791810069,0.003118056079330911,0.002376108704874591,0.1579444797790699
7.38142844710632e-05,0.0,7.38142844710632e-05,0.0,0.02,0.0,0.02,0.02,0.003995328688024102,0.00319210052088037,0.0024500983801094556,0.16257084857827042
4.04474326277926e-05,0.0,4.04474326277926e-05,0.0,0.02,0.0,0.02,0.02,0.005220373284700264,0.0032326770657788995,0.0024906449129264985,0.16863990237775983
-0.0003210995287798801,0.0,-0.0003210995287798801,0.0,0.02,0.0,0.02,0.02,-0.0008513406683170466,0.002910539525916578,0.002168745639238745,0.16764499170224756
-3.7311116916649568e-06,2e-05,-2.3731111691664957e-05,0.02,0.02,0.0,0.02,0.02,0.0015763254740255306,0.002906797554676821,0.002144963060802141,0.1694855802472861
0.0,2e-05,-2e-05,0.02,0.0,0.0,0.0,0.0,0.005955205143060249,0.002906797554676821,0.0021249201615409774,0.17645010678950945
-7.277769400037216e-05,0.0,-7.277769400037216e-05,0.0,0.0,0.02,0.02,-0.02,-0.0008880151760716215,0.002833808310653385,0.002051987820751222,0.1754054012407893
0.00011156034388450031,0.0,0.00011156034388450031,0.0,0.0,0.02,0.02,-0.02,0.0006771781908583296,0.002945684795167658,0.002163777085102847,0.17620136014392673
-0.0003029017215566343,0.0,-0.0003029017215566343,0.0,0.0,0.02,0.02,-0.02,0.0012688337365085456,0.002641890820615389,0.0018602199517421258,0.17769376411060467
0.00017958166222949325,0.0,0.00017958166222949325,0.0,0.0,0.02,0.02,-0.02,0.001562875342579817,0.0028219469179897594,0.002040135675362542,0.17953435265564321
0.0002258158222302198,2e-05,0.0002058158222302198,0.02,0.0,0.02,0.02,-0.02,-0.002699166580916068,0.0030483999804835626,0.0022463713897942217,0.17635059294991273
0.0,0.0,0.0,0.0,0.0,0.0,0.0,0.0,0.01399753686094174,0.0030483999804835626,0.0022463713897942217,0.19281660373611986
0.0,0.0,0.0,0.0,0.0,0.0,0.0,0.0,-0.006297416442252124,0.0030483999804835626,0.0022463713897942217,0.18530494084316063
0.0,2e-05,-2e-05,0.02,0.0,0.0,0.0,0.0,0.0006295122919159901,0.0030483999804835626,0.0022263264623663126,0.18605110487309018
0.000414659801854409,0.0,0.000414659801854409,0.0,0.0,0.02,0.02,-0.02,-0.0029779022755256346,0.003464323831269933,0.002641909432310463,0.18251916058899886
-3.23882060072922e-05,0.0,-3.23882060072922e-05,0.0,0.0,0.02,0.02,-0.02,-0.0029868608548812015,0.003431823422028746,0.0026094356595962598,0.1789871403980885
9.101730620789673e-05,0.0,9.101730620789673e-05,0.0,0.0,0.02,0.02,-0.02,-0.0018565503856803334,0.0035231530835597713,0.0027006904696085243,0.17679829136787029
5.654489956359532e-05,0.0,5.654489956359532e-05,0.0,0.0,0.02,0.02,-0.02,0.001268190120282231,0.0035798971994605022,0.002757388079443368,0.178290695334548
4.8260740177816786e-05,2e-05,2.8260740177816784e-05,0.02,0.0,0.02,0.02,-0.02,0.0035041874057075706,0.003628330708126848,0.0027857267454491907,0.1824196467494017
0.0,0.0,0.0,0.0,0.0,0.0,0.0,0.0,0.0005048387225166096,0.003628330708126848,0.0027857267454491907,0.18301657797334525
0.0,0.0,0.0,0.0,0.0,0.0,0.0,0.0,-0.003826599686521437,0.003628330708126848,0.0027857267454491907,0.17848964710692283
0.0,0.0,0.0,0.0,0.0,0.0,0.0,0.0,0.00865345337515544,0.003628330708126848,0.0027857267454491907,0.18868765232126594
0.0,0.0,0.0,0.0,0.0,0.0,0.0,0.0,-0.0019669438238366643,0.003628330708126848,0.0027857267454491907,0.18634957048506173
0.0,0.0,0.0,0.0,0.0,0.0,0.0,0.0,-0.006080161750333102,0.003628330708126848,0.0027857267454491907,0.17913637320407427
0.0,0.0,0.0,0.0,0.0,0.0,0.0,0.0,-0.0010968843951183471,0.003628330708126848,0.0027857267454491907,0.17784299691659022
0.0,0.0,0.0,0.0,0.0,0.0,0.0,0.0,-0.012839500317040176,0.003628330708126848,0.0027857267454491907,0.1627200813842562
0.0,0.0,0.0,0.0,0.0,0.0,0.0,0.0,0.0023531556146476618,0.003628330708126848,0.0027857267454491907,0.16545614267202913
0.0,0.0,0.0,0.0,0.0,0.0,0.0,0.0,-0.0010670992031014404,0.003628330708126848,0.0027857267454491907,0.16421248535093413
0.0,0.0,0.0,0.0,0.0,0.0,0.0,0.0,-0.000726394777729511,0.003628330708126848,0.0027857267454491907,0.16336680748140764
0.0,0.0,0.0,0.0,0.0,0.0,0.0,0.0,-0.0010262785108084982,0.003628330708126848,0.0027857267454491907,0.16217286912670148
0.0,0.0,0.0,0.0,0.0,0.0,0.0,0.0,0.007276826652523827,0.003628330708126848,0.0027857267454491907,0.17062979963560276
0.0,0.0,0.0,0.0,0.0,0.0,0.0,0.0,0.0009348374769126977,0.003628330708126848,0.0027857267454491907,0.17172414824389293
0.0,0.0,0.0,0.0,0.0,0.0,0.0,0.0,0.0031841726304582263,0.003628330708126848,0.0027857267454491907,0.17545512020717813
0.0,0.0,0.0,0.0,0.0,0.0,0.0,0.0,-0.002327596633780238,0.003628330708126848,0.0027857267454491907,0.17271913482622425
0.0,0.0,0.0,0.0,0.0,0.0,0.0,0.0,-0.0017392197020257294,0.003628330708126848,0.0027857267454491907,0.17067951860199182
0.0,0.0,0.0,0.0,0.0,0.0,0.0,0.0,0.0006373768551282133,0.003628330708126848,0.0027857267454491907,0.17142568263192137
0.0,0.0,0.0,0.0,0.0,0.0,0.0,0.0,-0.0029726386994337606,0.003628330708126848,0.0027857267454491907,0.1679434573142191
0.0,0.0,0.0,0.0,0.0,0.0,0.0,0.0,0.0028111579586889146,0.003628330708126848,0.0027857267454491907,0.17122673085954654
0.0,0.0,0.0,0.0,0.0,0.0,0.0,0.0,-0.0010193913127561904,0.003628330708126848,0.0027857267454491907,0.17003279250484038
0.0,0.0,0.0,0.0,0.0,0.0,0.0,0.0,0.0005952355079292815,0.003628330708126848,0.0027857267454491907,0.17072923756838088
0.0,0.0,0.0,0.0,0.0,0.0,0.0,0.0,-0.0011897628267779625,0.003628330708126848,0.0027857267454491907,0.16933634744129988
0.0,0.0,0.0,0.0,0.0,0.0,0.0,0.0,-0.0043818548030066795,0.003628330708126848,0.0027857267454491907,0.1642124853509339
0.0,0.0,0.0,0.0,0.0,0.0,0.0,0.0,-0.00649491210694908,0.003628330708126848,0.0027857267454491907,0.1566510275847668
0.0,0.0,0.0,0.0,0.0,0.0,0.0,0.0,0.008859889321111591,0.003628330708126848,0.0027857267454491907,0.16689882767231778
0.0,2e-05,-2e-05,0.02,0.0,0.0,0.0,0.0,-0.0029842357725798907,0.003628330708126848,0.0027656710309142962,0.16341652644779647
2.6420685032979565e-05,0.0,2.6420685032979565e-05,0.0,0.02,0.0,0.02,0.02,-0.001838597018680388,0.0036548472561426237,0.002792164786870499,0.16127747229078615
0.00029023740283866227,0.0,0.00029023740283866227,0.0,0.02,0.0,0.02,0.02,0.008139110163697394,0.003946145432356607,0.0030832125803652577,0.17072923756838088
-0.00031209416134698076,0.0,-0.00031209416134698076,0.0,0.02,0.0,0.02,0.02,-0.003186878608271826,0.003632819702060308,0.0027701561663737717,0.1669982656050959
0.0008102158638332746,0.0,0.0008102158638332746,0.0,0.02,0.0,0.02,0.02,0.010997919226438668,0.004445978934046524,0.003582616454678389,0.17983281826761477
0.0002962339347441345,2e-05,0.0002762339347441345,0.02,0.02,0.0,0.02,0.02,0.005818631755562409,0.004743529918624034,0.0038598400296625535,0.1866978309702414
0.0,0.0,0.0,0.0,0.0,0.0,0.0,0.0,-0.000628837364721746,0.004743529918624034,0.0038598400296625535,0.185951591033493
0.0,0.0,0.0,0.0,0.0,0.0,0.0,0.0,0.0008389773999661898,0.004743529918624034,0.0038598400296625535,0.18694657761582412
0.0,2e-05,-2e-05,0.02,0.0,0.0,0.0,0.0,-0.0021793975656284603,0.004743529918624034,0.003839762832861915,0.1843597491340372
-0.0001462040865240577,0.0,-0.0001462040865240577,0.0,0.02,0.0,0.02,0.02,0.002520122816330961,0.004596632308641269,0.0036929973573203156,0.18734448116057378
-0.00010573972210621507,0.0,-0.00010573972210621507,0.0,0.02,0.0,0.02,0.02,0.0003771225047839444,0.004490406539912062,0.003586867138699823,0.1877922554853504
0.00025816260487339983,0.0,0.00025816260487339983,0.0,0.02,0.0,0.02,0.02,-0.0012145937083074543,0.004749728399834785,0.003845955738537077,0.1863495704850615
-0.00035794670919453653,2e-05,-0.00037794670919453653,0.02,0.02,0.0,0.02,0.02,0.0011740975524705544,0.004390081540989854,0.003466555463027543,0.1877424606121425
0.00010613058261922825,2e-05,8.613058261922826e-05,0.02,0.04,0.0,0.04,0.04,0.003937018189952068,0.0044966780455208966,0.0035529846220885286,0.19241862428455092
0.00010915761920243128,0.0,0.00010915761920243128,0.0,0.02,0.0,0.02,0.02,-0.00016684725340843087,0.004606326511393144,0.00366253007663353,0.1922196725121761
-7.679092286887012e-05,0.0,-7.679092286887012e-05,0.0,0.02,0.0,0.02,0.02,-0.000917972199538597,0.004529181864460385,0.0035854579047001067,0.19112524799706687
-2.5252850451999986e-05,2e-05,-4.525285045199999e-05,0.02,0.02,0.0,0.02,0.02,0.0017958263924027218,0.004503814639256198,0.0035400428020577746,0.1932643021540772
-0.0008923669138131473,2e-05,-0.0009123669138131474,0.02,0.02,0.02,0.04,0.0,-0.002042732498225175,0.003607428670272972,0.0026244460703186423,0.1908267823850951
-0.00021976275597863194,0.0,-0.00021976275597863194,0.0,0.0,0.02,0.02,-0.02,-0.001671021585404553,0.0033868731358277504,0.0024041065588387145,0.18883688512725172
-0.0010039881469665213,0.0,-0.0010039881469665213,0.0,0.0,0.02,0.02,-0.02,0.005523505514342997,0.002379484608377558,0.001397704717382986,0.19540343221790635
-0.00037227310631278155,0.0,-0.00037227310631278155,0.0,0.0,0.02,0.02,-0.02,-0.0009155273321229673,0.002006325683938215,0.0010249112831932639,0.19430900770279735
0.0013288494397712246,2e-05,0.0013088494397712246,0.02,0.0,0.02,0.02,-0.02,-0.017744062289010265,0.003337841228470584,0.002335102177523307,0.17311711427779297
0.0,0.0,0.0,0.0,0.0,0.0,0.0,0.0,0.004028483244579384,0.003337841228470584,0.002335102177523307,0.17784299691659045
0.0,0.0,0.0,0.0,0.0,0.0,0.0,0.0,0.006504173917067035,0.003337841228470584,0.002335102177523307,0.18550389261553546
0.0,0.0,0.0,0.0,0.0,0.0,0.0,0.0,0.00507744839185631,0.003337841228470584,0.002335102177523307,0.1915232274486356
0.0,0.0,0.0,0.0,0.0,0.0,0.0,0.0,0.002212753715109317,0.003337841228470584,0.002335102177523307,0.19415977489681158
0.0,0.0,0.0,0.0,0.0,0.0,0.0,0.0,0.0023328371234097034,0.003337841228470584,0.002335102177523307,0.19694555515097334
0.0,0.0,0.0,0.0,0.0,0.0,0.0,0.0,0.004779493344279961,0.003337841228470584,0.002335102177523307,0.20266634846528286
0.0,2e-05,-2e-05,0.02,0.0,0.0,0.0,0.0,-0.00020676619004200703,0.003337841228470584,0.0023150554754798325,0.20241767772651897
0.00011919459743126471,0.0,0.00011919459743126471,0.0,0.02,0.0,0.02,0.02,-0.000868837483074425,0.0034574336785433424,0.0024345260150164805,0.20137297217779881
0.00016878990859480413,0.0,0.00016878990859480413,0.0,0.02,0.0,0.02,0.02,-0.0002484370956262749,0.003626807167052659,0.002603726847034693,0.20107450656582704
2.217061632216133e-05,0.0,2.217061632216133e-05,0.0,0.02,0.0,0.02,0.02,0.007952278618002628,0.0036490581919250697,0.002625955189585749,0.21062578568301848
3.7645610219763096e-05,0.0,3.7645610219763096e-05,0.0,0.02,0.0,0.02,0.02,0.0033283923264393334,0.003686841173167199,0.0026636996554909587,0.21465522325827546
0.00012267233274733337,2e-05,0.00010267233274733337,0.02,0.02,0.0,0.02,0.02,-0.0007371613102798991,0.0038099657793218,0.0027666454764956327,0.21375982642236013
0.0,0.0,0.0,0.0,0.0,0.0,0.0,0.0,-0.0031968472549533944,0.0038099657793218,0.0027666454764956327,0.20987962165308915
0.0,0.0,0.0,0.0,0.0,0.0,0.0,0.0,0.0018502402689852815,0.0038099657793218,0.0027666454764956327,0.21211818964969642
0.0,0.0,0.0,0.0,0.0,0.0,0.0,0.0,0.000492469487745284,0.0038099657793218,0.0027666454764956327,0.21271512087363997
0.0,0.0,0.0,0.0,0.0,0.0,0.0,0.0,-0.0015177418944959387,0.0038099657793218,0.0027666454764956327,0.21087453232860143
0.0,0.0,0.0,0.0,0.0,0.0,0.0,0.0,-0.0002054272667741941,0.0038099657793218,0.0027666454764956327,0.2106257856830187
0.0,0.0,0.0,0.0,0.0,0.0,0.0,0.0,0.004889885101995839,0.0038099657793218,0.0027666454764956327,0.21654560667652212
0.0,0.0,0.0,0.0,0.0,0.0,0.0,0.0,-0.0012676244315079632,0.0038099657793218,0.0027666454764956327,0.21500348374345535
0.0,0.0,0.0,0.0,0.0,0.0,0.0,0.0,-0.001924341672667862,0.0038099657793218,0.0027666454764956327,0.21266540190725114
0.0,0.0,0.0,0.0,0.0,0.0,0.0,0.0,-0.004635537034940129,0.0038099657793218,0.0027666454764956327,0.2070440465257195
0.0,0.0,0.0,0.0,0.0,0.0,0.0,0.0,0.00832510829847588,0.0038099657793218,0.0027666454764956327,0.21709281893407661
0.0,0.0,0.0,0.0,0.0,0.0,0.0,0.0,-0.006744090290917382,0.0038099657793218,0.0027666454764956327,0.20888463507075805
0.0,0.0,0.0,0.0,0.0,0.0,0.0,0.0,-0.00024689337866745653,0.0038099657793218,0.0027666454764956327,0.20858616945878627
0.0,0.0,0.0,0.0,0.0,0.0,0.0,0.0,-0.0004527705772106039,0.0038099657793218,0.0027666454764956327,0.20803895720123178
0.0,0.0,0.0,0.0,0.0,0.0,0.0,0.0,0.001194237149132249,0.0038099657793218,0.0027666454764956327,0.20948164220152043
0.0,0.0,0.0,0.0,0.0,0.0,0.0,0.0,0.0006580364418511397,0.0038099657793218,0.0027666454764956327,0.21027752519783904
0.0,0.0,0.0,0.0,0.0,0.0,0.0,0.0,-0.008056194291447882,0.0038099657793218,0.0027666454764956327,0.20052729430827254
0.0,0.0,0.0,0.0,0.0,0.0,0.0,0.0,0.00895041497418747,0.0038099657793218,0.0027666454764956327,0.21127251178017015
0.0,0.0,0.0,0.0,0.0,0.0,0.0,0.0,-0.008788859260625892,0.0038099657793218,0.0027666454764956327,0.20062680814786948
0.0,0.0,0.0,0.0,0.0,0.0,0.0,0.0,0.0018644994276453275,0.0038099657793218,0.0027666454764956327,0.20286537614447675
0.0,0.0,0.0,0.0,0.0,0.0,0.0,0.0,0.0016956313355447339,0.0038099657793218,0.0027666454764956327,0.20490499236870918
0.0,0.0,0.0,0.0,0.0,0.0,0.0,0.0,0.002312033124441948,0.0038099657793218,0.0027666454764956327,0.20769077262287117
0.0,0.0,0.0,0.0,0.0,0.0,0.0,0.0,-0.009144462584478208,0.0038099657793218,0.0027666454764956327,0.19664708953900178
0.0,0.0,0.0,0.0,0.0,0.0,0.0,0.0,0.006485127993359763,0.0038099657793218,0.0027666454764956327,0.20440749907754374
0.0,0.0,0.0,0.0,0.0,0.0,0.0,0.0,0.0010738693411280753,0.0038099657793218,0.0027666454764956327,0.2057008753650278
0.0,0.0,0.0,0.0,0.0,0.0,0.0,0.0,-0.0007426359673532446,0.0038099657793218,0.0027666454764956327,0.20480547852911246
0.0,0.0,0.0,0.0,0.0,0.0,0.0,0.0,0.0075147283004384224,0.0038099657793218,0.0027666454764956327,0.21385926435513847
0.0,0.0,0.0,0.0,0.0,0.0,0.0,0.0,0.0016802740516348447,0.0038099657793218,0.0027666454764956327,0.2158988805793709
0.0,0.0,0.0,0.0,0.0,0.0,0.0,0.0,0.004664100311712049,0.0038099657793218,0.0027666454764956327,0.22156995492729137
0.0,0.0,0.0,0.0,0.0,0.0,0.0,0.0,-0.00012216476459980807,0.0038099657793218,0.0027666454764956327,0.22142072212130537
0.0,0.0,0.0,0.0,0.0,0.0,0.0,0.0,0.000529486757051556,0.0038099657793218,0.0027666454764956327,0.22206744821845703
0.0,0.0,0.0,0.0,0.0,0.0,0.0,0.0,0.005413994183945503,0.0038099657793218,0.0027666454764956327,0.22868371427550094
0.0,0.0,0.0,0.0,0.0,0.0,0.0,0.0,0.00044536462166533397,0.0038099657793218,0.0027666454764956327,0.22923092653305566
0.0,2e-05,-2e-05,0.02,0.0,0.0,0.0,0.0,-0.0008903327206352118,0.0038099657793218,0.002746590143586136,0.22813650201794644
-5.149815396364055e-05,0.0,-5.149815396364055e-05,0.0,0.02,0.0,0.02,0.02,-0.0002430231586484366,0.003758271419153747,0.002694950545300445,0.22783803640597466
0.00016032716834704975,0.0,0.00016032716834704975,0.0,0.02,0.0,0.02,0.02,0.002430884154129398,0.00391920114051536,0.0028557097874373216,0.23082276843251126
-3.774076965666895e-05,0.0,-3.774076965666895e-05,0.0,0.02,0.0,0.02,0.02,4.039490303897608e-05,0.003881312457191255,0.0028178612410953985,0.23087248739890032
-0.0002403779481349555,0.0,-0.0002403779481349555,0.0,0.02,0.0,0.02,0.02,-0.0009295385941365808,0.003640001527131842,0.0025768059412571986,0.22972834391740204
-3.280556057275952e-05,6e-05,-9.280556057275952e-05,0.06,0.02,0.0,0.02,0.02,-0.0011731120134015338,0.003607076554268618,0.0024837612387644814,0.22828573482393222
0.0005219704421197835,0.0,0.0005219704421197835,0.0,0.0,0.04,0.04,-0.04,-0.0005670057412499041,0.004130929783732196,0.003007028130836087,0.22758928976039172
-0.00020276459547223345,0.0,-0.00020276459547223345,0.0,0.0,0.04,0.04,-0.04,0.0022288083731218933,0.003927327581953577,0.0028036538165214786,0.23032535104816443
-0.00010124789161178427,0.0,-0.00010124789161178427,0.0,0.0,0.04,0.04,-0.04,0.0004851816013016208,0.003825682056704416,0.0027021220608718366,0.23092228227210798
0.00020743492511744456,0.0,0.00020743492511744456,0.0,0.0,0.04,0.04,-0.04,-0.001939846923711186,0.0040339105618929505,0.00291011750047665,0.22853448146951494
5.619823111303157e-05,4e-05,1.6198231113031568e-05,0.04,0.0,0.04,0.04,-0.04,0.0018221450275694995,0.00409033549164417,0.0029263628703455336,0.2307730494661222
0.0,0.0,0.0,0.0,0.0,0.0,0.0,0.0,0.0018592273888260458,0.00409033549164417,0.0029263628703455336,0.23306133642911853
0.0,0.0,0.0,0.0,0.0,0.0,0.0,0.0,-0.002460969953475667,0.00409033549164417,0.0029263628703455336,0.23002680952937382
0.0,0.0,0.0,0.0,0.0,0.0,0.0,0.0,-4.0421042861726875e-05,0.00409033549164417,0.0029263628703455336,0.22997709056298477
0.0,0.0,0.0,0.0,0.0,0.0,0.0,0.0,-0.014115290164465333,0.00409033549164417,0.0029263628703455336,0.21261560703404347
0.0,2e-05,-2e-05,0.02,0.0,0.0,0.0,0.0,0.0014768650248777604,0.00409033549164417,0.0029063043430881397,0.21440647661269296
0.0015952814277916084,0.0,0.0015952814277916084,0.0,0.02,0.0,0.02,0.02,0.009913150161188655,0.005692142155679036,0.004506222144221805,0.22644507037207462
-0.00016864631481898983,0.0,-0.00016864631481898983,0.0,0.02,0.0,0.02,0.02,-0.00012167916003003043,0.005522535882062085,0.004336815871644584,0.22629583756608884
-0.00021918860351764159,0.0,-0.00021918860351764159,0.0,0.02,0.0,0.02,0.02,0.001744383368433411,0.005302136801616619,0.004116676687512255,0.22843496762991822
-0.00044565551815671343,2e-05,-0.00046565551815671343,0.02,0.02,0.0,0.02,0.02,-0.01559085634345192,0.004854118356936388,0.0036491042161395093,0.20928261452232721
0.00010158398405373691,2e-05,8.158398405373692e-05,0.02,0.02,0.02,0.04,0.0,-0.0015631643825246844,0.004956195441671918,0.0037309859086533947,0.2073923070108996
-0.0001008699082647313,0.0,-0.0001008699082647313,0.0,0.0,0.02,0.02,-0.02,0.0007827744112798296,0.00485482560242767,0.003629739656182407,0.20833742281320378
-7.778134792480352e-05,0.0,-7.778134792480352e-05,0.0,0.0,0.02,0.02,-0.02,0.010457013621846034,0.004776666639623617,0.0035516759822145083,0.22097302370334782
1.4995164649338478e-05,0.0,1.4995164649338478e-05,0.0,0.0,0.02,0.02,-0.02,-0.0035854175116486475,0.00479173343117556,0.0035667244048298574,0.21659532564291117
0.00040520328326352443,2e-05,0.00038520328326352443,0.02,0.0,0.02,0.02,-0.02,-0.0023306839676145996,0.0051988783405578776,0.0039533016020447675,0.21375982642236036
0.0,0.0,0.0,0.0,0.0,0.0,0.0,0.0,0.00233612874542799,0.0051988783405578776,0.0039533016020447675,0.2165953256429114
0.0,0.0,0.0,0.0,0.0,0.0,0.0,0.0,4.092969301972005e-05,0.0051988783405578776,0.0039533016020447675,0.21664512051611928
0.0,0.0,0.0,0.0,0.0,0.0,0.0,0.0,0.0011448614748810204,0.0051988783405578776,0.0039533016020447675,0.21803801064320005
0.0,0.0,0.0,0.0,0.0,0.0,0.0,0.0,0.004737546965099426,0.0051988783405578776,0.0039533016020447675,0.2238085229238984
0.0,0.0,0.0,0.0,0.0,0.0,0.0,0.0,0.006016060401509371,0.0051988783405578776,0.0039533016020447675,0.23117102891769048
0.0,0.0,0.0,0.0,0.0,0.0,0.0,0.0,0.0014141615295903964,0.0051988783405578776,0.0039533016020447675,0.23291210362313208
0.0,0.0,0.0,0.0,0.0,0.0,0.0,0.0,-0.0071820481181339435,0.0051988783405578776,0.0039533016020447675,0.2240572695694809
0.0,0.0,0.0,0.0,0.0,0.0,0.0,0.0,0.003413786662704421,0.0051988783405578776,0.0039533016020447675,0.22823593995072367
0.0,0.0,0.0,0.0,0.0,0.0,0.0,0.0,-0.0001215017417515174,0.0051988783405578776,0.0039533016020447675,0.2280867071447379
0.0,0.0,0.0,0.0,0.0,0.0,0.0,0.0,-0.0011746801631163928,0.0051988783405578776,0.0039533016020447675,0.22664409805126806
0.0,0.0,0.0,0.0,0.0,0.0,0.0,0.0,0.010665929366869165,0.0051988783405578776,0.0039533016020447675,0.23972739735936988
0.0,0.0,0.0,0.0,0.0,0.0,0.0,0.0,0.0033706364722949633,0.0051988783405578776,0.0039533016020447675,0.24390606774061263
0.0,0.0,0.0,0.0,0.0,0.0,0.0,0.0,0.00047988448599478595,0.0051988783405578776,0.0039533016020447675,0.24450299896455618
0.0,0.0,0.0,0.0,0.0,0.0,0.0,0.0,-0.0003197898694496937,0.0051988783405578776,0.0039533016020447675,0.24410501951298746
0.0,0.0,0.0,0.0,0.0,0.0,0.0,0.0,-0.003598680113811592,0.0051988783405578776,0.0039533016020447675,0.23962788351977293
0.0,0.0,0.0,0.0,0.0,0.0,0.0,0.0,0.002126886207730161,0.0051988783405578776,0.0039533016020447675,0.24226443096794892
0.0,0.0,0.0,0.0,0.0,0.0,0.0,0.0,0.0010011212509126732,0.0051988783405578776,0.0039533016020447675,0.2435080882890439
0.0,0.0,0.0,0.0,0.0,0.0,0.0,0.0,0.0003600285532310288,0.0051988783405578776,0.0039533016020447675,0.2439557867070017
0.0,0.0,0.0,0.0,0.0,0.0,0.0,0.0,-0.002679349658028851,0.0051988783405578776,0.0039533016020447675,0.2406227941952852
0.0,0.0,0.0,0.0,0.0,0.0,0.0,0.0,0.00020050143101246753,0.0051988783405578776,0.0039533016020447675,0.24087154084086815
0.0,0.0,0.0,0.0,0.0,0.0,0.0,0.0,-0.002044618989068492,0.0051988783405578776,0.0039533016020447675,0.23833443132547028
0.0,0.0,0.0,0.0,0.0,0.0,0.0,0.0,0.0006026158345202592,0.0051988783405578776,0.0039533016020447675,0.23908067126221866
0.0,0.0,0.0,0.0,0.0,0.0,0.0,0.0,0.0038943360108092406,0.0051988783405578776,0.0039533016020447675,0.24390606774061285
0.0,0.0,0.0,0.0,0.0,0.0,0.0,0.0,0.0011997722379379905,0.0051988783405578776,0.0039533016020447675,0.24539847170729057
0.0,0.0,0.0,0.0,0.0,0.0,0.0,0.0,0.003515037357976203,0.0051988783405578776,0.0039533016020447675,0.24977609386090815
0.0,0.0,0.0,0.0,0.0,0.0,0.0,0.0,0.004338700056587985,0.0051988783405578776,0.0039533016020447675,0.25519849747006473
0.0,0.0,0.0,0.0,0.0,0.0,0.0,0.0,0.002140112834726482,0.0051988783405578776,0.0039533016020447675,0.2578847638846298
0.0,0.0,0.0,0.0,0.0,0.0,0.0,0.0,0.0011864393381066929,0.0051988783405578776,0.0039533016020447675,0.2593771678513075
0.0,0.0,0.0,0.0,0.0,0.0,0.0,0.0,0.0059251065662095925,0.0051988783405578776,0.0039533016020447675,0.26683911177787767
0.0,0.0,0.0,0.0,0.0,0.0,0.0,0.0,-0.0011388068041758848,0.0051988783405578776,0.0039533016020447675,0.2653964267775888
0.0,0.0,0.0,0.0,0.0,0.0,0.0,0.0,-0.0016511309392124307,0.0051988783405578776,0.0039533016020447675,0.2633070915869675
0.0,0.0,0.0,0.0,0.0,0.0,0.0,0.0,0.0026383074502729364,0.0051988783405578776,0.0039533016020447675,0.266640084098684
0.0,0.0,0.0,0.0,0.0,0.0,0.0,0.0,0.0015710044888239683,0.0051988783405578776,0.0039533016020447675,0.2686299813565274
0.0,0.0,0.0,0.0,0.0,0.0,0.0,0.0,-0.0014900983312921001,0.0051988783405578776,0.0039533016020447675,0.26673959793828095
0.0,0.0,0.0,0.0,0.0,0.0,0.0,0.0,0.0012173953791108083,0.0051988783405578776,0.0039533016020447675,0.2682817208713477
0.0,0.0,0.0,0.0,0.0,0.0,0.0,0.0,0.0013335804744474267,0.0051988783405578776,0.0039533016020447675,0.26997307661040026
0.0,0.0,0.0,0.0,0.0,0.0,0.0,0.0,0.0007051115958491838,0.0051988783405578776,0.0039533016020447675,0.2708685493531344
0.0,0.0,0.0,0.0,0.0,0.0,0.0,0.0,0.000978588479294773,0.0051988783405578776,0.0039533016020447675,0.2721122066742294
0.0,0.0,0.0,0.0,0.0,0.0,0.0,0.0,0.000273705870075025,0.0051988783405578776,0.0039533016020447675,0.27246039125259025
0.0,0.0,0.0,0.0,0.0,0.0,0.0,0.0,0.005160452324470377,0.0051988783405578776,0.0039533016020447675,0.27902686243642627
0.0,0.0,0.0,0.0,0.0,0.0,0.0,0.0,-0.0038893860875633957,0.0051988783405578776,0.0039533016020447675,0.2740522331520461
0.0,0.0,0.0,0.0,0.0,0.0,0.0,0.0,0.0017571052780840368,0.0051988783405578776,0.0039533016020447675,0.2762908770554724
0.0,0.0,0.0,0.0,0.0,0.0,0.0,0.0,-0.004950125836241881,0.0051988783405578776,0.0039533016020447675,0.26997307661040026
0.0,0.0,0.0,0.0,0.0,0.0,0.0,0.0,0.001292654783710212,0.0051988783405578776,0.0039533016020447675,0.271614713383064
0.0,4e-05,-4e-05,0.04,0.0,0.0,0.0,0.0,0.00817618487525773,0.0051988783405578776,0.003913143469980618,0.2820116703697817
3.0117591051115328e-05,0.0,3.0117591051115328e-05,0.0,0.02,0.02,0.04,0.0,-0.0037250843463919603,0.005229152509300672,0.003943378915486573,0.2772360687645954
-0.0003625441131311713,0.0,-0.0003625441131311713,0.0,0.02,0.02,0.04,0.0,0.0015579119629380855,0.0048647125977105965,0.0035794051535438243,0.2792258901156197
-3.067874558482231e-05,0.0,-3.067874558482231e-05,0.0,0.02,0.02,0.04,0.0,0.0013221712850886025,0.0048338846088455956,0.0035486165962990146,0.2809172458546725
-7.306574968757086e-05,2e-05,-9.306574968757086e-05,0.02,0.02,0.02,0.04,0.0,0.00038838831530729756,0.0047604656677551205,0.003455220591947583,0.28141473914583814
0.0003766323493406665,4e-05,0.0003366323493406665,0.04,0.04,0.02,0.06,0.02,0.0033387005759824007,0.0051388909624641155,0.0037930160803134605,0.2856929992734967
0.00013972725383326612,0.0,0.00013972725383326612,0.0,0.02,0.0,0.02,0.02,0.0015476644518939153,0.005279336259419232,0.0039332733218673255,0.2876828206245212
8.880705097156217e-06,0.0,8.880705097156217e-06,0.0,0.02,0.0,0.02,0.02,-0.0006953551150749027,0.005288263848744812,0.003942188957204884,0.2867874237886059
-7.656060376213691e-05,0.0,-7.656060376213691e-05,0.0,0.02,0.0,0.02,0.02,0.0017009003788182042,0.005211298372309603,0.0038653265370760526,0.28897612100518644
-2.8959067762417414e-05,2e-05,-4.895906776241741e-05,0.02,0.02,0.0,0.02,0.02,-0.0036276947125475356,0.005182188390204345,0.0038161782265297983,0.2843001091464159
0.0,2e-05,-2e-05,0.02,0.0,0.0,0.0,0.0,-0.0003099395192390775,0.005182188390204345,0.00379610190296531,0.28390205378802835
0.00032478932816659033,0.0,0.00032478932816659033,0.0,0.0,0.02,0.02,-0.02,0.0009298703467017777,0.005508660837856727,0.004122124164518626,0.28509591623591546
-0.00014579201028782406,0.0,-0.00014579201028782406,0.0,0.0,0.02,0.02,-0.02,-0.0023225162277847877,0.005362065708831354,0.0039757311814621055,0.2821112601161977
0.0003921935667723431,0.0,0.0003921935667723431,0.0,0.0,0.02,0.02,-0.02,-0.005005270980996901,0.005756362243279245,0.004369484004427049,0.2756939458315286
-0.00015525298894113692,0.0,-0.00015525298894113692,0.0,0.0,0.02,0.02,-0.02,0.00850098524031706,0.005600215561894384,0.0042135526400339796,0.28653860123620434
2.3628013193615073e-05,2e-05,3.628013193615071e-06,0.02,0.0,0.02,0.02,-0.02,-0.002938712319133008,0.0056239758970551,0.004217195940052099,0.28275783439971125
0.0,0.0,0.0,0.0,0.0,0.0,0.0,0.0,0.0017063618490722465,0.0056239758970551,0.004217195940052099,0.28494668342992946
0.0,0.0,0.0,0.0,0.0,0.0,0.0,0.0,0.006542789474542232,0.0056239758970551,0.004217195940052099,0.29335381906562286
0.0,0.0,0.0,0.0,0.0,0.0,0.0,0.0,-0.000884574319736986,0.0056239758970551,0.004217195940052099,0.29220975149094364
0.0,0.0,0.0,0.0,0.0,0.0,0.0,0.0,0.0023097303795101,0.0056239758970551,0.004217195940052099,0.2951944076106614
0.0,0.0,0.0,0.0,0.0,0.0,0.0,0.0,-0.0004992102187241221,0.0056239758970551,0.004217195940052099,0.29454783332714785
0.0,0.0,0.0,0.0,0.0,0.0,0.0,0.0,0.010144810434635332,0.0056239758970551,0.004217195940052099,0.30768077569481966
0.0,0.0,0.0,0.0,0.0,0.0,0.0,0.0,-0.0006086798230359181,0.0056239758970551,0.004217195940052099,0.3068848167916822
0.0,0.0,0.0,0.0,0.0,0.0,0.0,0.0,0.008754970824701891,0.0056239758970551,0.004217195940052099,0.3183265552339394
0.0,0.0,0.0,0.0,0.0,0.0,0.0,0.0,-0.0020754623986969367,0.0056239758970551,0.004217195940052099,0.3155904180393476
0.0,0.0,0.0,0.0,0.0,0.0,0.0,0.0,-0.0012099251946583456,0.0056239758970551,0.004217195940052099,0.3139986520467106
0.0,0.0,0.0,0.0,0.0,0.0,0.0,0.0,-0.0035966235872882946,0.0056239758970551,0.004217195940052099,0.3092726935010943
0.0,0.0,0.0,0.0,0.0,0.0,0.0,0.0,0.00018993044000548132,0.0056239758970551,0.004217195940052099,0.3095213642398582
0.0,0.0,0.0,0.0,0.0,0.0,0.0,0.0,0.0031530812970503863,0.0056239758970551,0.004217195940052099,0.31365039156153074
0.0,0.0,0.0,0.0,0.0,0.0,0.0,0.0,0.005453108650988359,0.0056239758970551,0.004217195940052099,0.32081386987612914
0.0,0.0,0.0,0.0,0.0,0.0,0.0,0.0,0.003013023100993273,0.0056239758970551,0.004217195940052099,0.32479351257817823
0.0,0.0,0.0,0.0,0.0,0.0,0.0,0.0,0.0017648651008670413,0.0056239758970551,0.004217195940052099,0.32713159441438244
0.0,0.0,0.0,0.0,0.0,0.0,0.0,0.0,-0.00011244763263418278,0.0056239758970551,0.004217195940052099,0.32698236160839644
0.0,0.0,0.0,0.0,0.0,0.0,0.0,0.0,-0.00408620932667525,0.0056239758970551,0.004217195940052099,0.3215600339060587
0.0,0.0,0.0,0.0,0.0,0.0,0.0,0.0,0.0031996013392996403,0.0056239758970551,0.004217195940052099,0.32578849916050934
0.0,0.0,0.0,0.0,0.0,0.0,0.0,0.0,0.006341234398259399,0.0056239758970551,0.004217195940052099,0.33419563479620273
0.0,0.0,0.0,0.0,0.0,0.0,0.0,0.0,-0.003840412872545995,0.0056239758970551,0.004217195940052099,0.32907177270583676
0.0,0.0,0.0,0.0,0.0,0.0,0.0,0.0,-0.0005240657311842423,0.0056239758970551,0.004217195940052099,0.32837525173547744
0.0,0.0,0.0,0.0,0.0,0.0,0.0,0.0,0.0020596479627119635,0.0056239758970551,0.004217195940052099,0.3311112371164313
0.0,0.0,0.0,0.0,0.0,0.0,0.0,0.0,-0.0002615173411772975,0.0056239758970551,0.004217195940052099,0.3307631284448893
0.0,0.0,0.0,0.0,0.0,0.0,0.0,0.0,-0.001196244299415672,0.0056239758970551,0.004217195940052099,0.32917121063861465
0.0,0.0,0.0,0.0,0.0,0.0,0.0,0.0,0.0004865634253699014,0.0056239758970551,0.004217195940052099,0.3298179367357661
0.0,0.0,0.0,0.0,0.0,0.0,0.0,0.0,0.0020574135040394292,0.0056239758970551,0.004217195940052099,0.3325539221167202
0.0,0.0,0.0,0.0,0.0,0.0,0.0,0.0,-0.0037705222086674706,0.0056239758970551,0.004217195940052099,0.3275294979591321
0.0,0.0,0.0,0.0,0.0,0.0,0.0,0.0,0.007157325065401343,0.0056239758970551,0.004217195940052099,0.3370310581099347
0.0,0.0,0.0,0.0,0.0,0.0,0.0,0.0,0.006325156366117746,0.0056239758970551,0.004217195940052099,0.345487988618836
0.0,0.0,0.0,0.0,0.0,0.0,0.0,0.0,0.004214826508353253,0.0056239758970551,0.004217195940052099,0.35115898705993764
0.0,0.0,0.0,0.0,0.0,0.0,0.0,0.0,0.0066640704458234,0.0056239758970551,0.004217195940052099,0.3601632057332125
0.0,0.0,0.0,0.0,0.0,0.0,0.0,0.0,0.0018286883748257488,0.0056239758970551,0.004217195940052099,0.36265052037540246
0.0,0.0,0.0,0.0,0.0,0.0,0.0,0.0,0.002263416642797056,0.0056239758970551,0.004217195940052099,0.3657347662415362
0.0,0.0,0.0,0.0,0.0,0.0,0.0,0.0,-0.0015298805808321436,0.0056239758970551,0.004217195940052099,0.3636453551440959
0.0,0.0,0.0,0.0,0.0,0.0,0.0,0.0,0.007296074841767641,0.0056239758970551,0.004217195940052099,0.37359461371285607
0.0,0.0,0.0,0.0,0.0,0.0,0.0,0.0,0.006518971252997829,0.0056239758970551,0.004217195940052099,0.3825490375129228
0.0,0.0,0.0,0.0,0.0,0.0,0.0,0.0,-0.0034182936137424624,0.0056239758970551,0.004217195940052099,0.3778230789673065
0.0,2e-05,-2e-05,0.02,0.0,0.0,0.0,0.0,0.00953166089910118,0.0056239758970551,0.0041971115961332295,0.3909560213349783
0.00019243055428113553,0.0,0.00019243055428113553,0.0,0.02,0.0,0.02,0.02,-0.0016808080102507228,0.005817488676135296,0.004390349802925186,0.388618091312412
0.00015247762046258106,0.0,0.00015247762046258106,0.0,0.02,0.0,0.02,0.02,0.004549648731914546,0.005970853333428394,0.004543496853478768,0.39493581585066506
0.00013871451794798874,0.0,0.00013871451794798874,0.0,0.02,0.0,0.02,0.02,0.008130946647838755,0.00611039609541808,0.004682841620402556,0.4062779645465062
-1.2523767958203536e-05,0.0,-1.2523767958203536e-05,0.0,0.02,0.0,0.02,0.02,0.002122487878360557,0.006097795802276984,0.004670259205622473,0.40926277247986165
0.0001065163382754486,2e-05,8.65163382754486e-05,0.02,0.02,0.0,0.02,0.02,-0.00038835068594800237,0.006204961655432717,0.00475717959762334,0.4087154843154881
0.0,0.0,0.0,0.0,0.0,0.0,0.0,0.0,0.0004237415081964624,0.006204961655432717,0.00475717959762334,0.40931241553943165
0.0,0.0,0.0,0.0,0.0,0.0,0.0,0.0,0.01157782887620118,0.006204961655432717,0.00475717959762334,0.425629193519653
0.0,0.0,0.0,0.0,0.0,0.0,0.0,0.0,-0.00662989038142503,0.006204961655432717,0.00475717959762334,0.4161774282420583
0.0,0.0,0.0,0.0,0.0,0.0,0.0,0.0,-0.010257071045669863,0.006204961655432717,0.00475717959762334,0.40165159574730547
0.0,0.0,0.0,0.0,0.0,0.0,0.0,0.0,0.0004968204358588579,0.006204961655432717,0.00475717959762334,0.4023479649040269
0.0,0.0,0.0,0.0,0.0,0.0,0.0,0.0,-0.001135180316237494,0.006204961655432717,0.00475717959762334,0.40075604709775225
0.0,8e-05,-8e-05,0.08,0.0,0.0,0.0,0.0,-0.021769922073851533,0.006204961655432717,0.004676799023255462,0.370261697107958
0.0025997145629506413,0.0,0.0025997145629506413,0.0,0.02,0.06,0.08,-0.039999999999999994,-0.041822541371286714,0.008820807347561521,0.007288671928734836,0.31295387059117097
-0.0001207254997751449,0.0,-0.0001207254997751449,0.0,0.02,0.06,0.08,-0.039999999999999994,0.01970224056126546,0.008699016951410954,0.007167066500398445,0.3388220035954028
0.0008564826643855984,0.0,0.0008564826643855984,0.0,0.02,0.06,0.08,-0.039999999999999994,-0.005424855752199975,0.009562950173012563,0.008029687632996163,0.3315590873480263
0.0007131145254208282,0.0,0.0007131145254208282,0.0,0.02,0.06,0.08,-0.039999999999999994,-0.03750890290754394,0.010282884177107654,0.008748528245302811,0.28161376682503136
-0.0010641866193908834,0.0001,-0.0011641866193908834,0.1,0.02,0.06,0.08,-0.039999999999999994,0.015021523284711513,0.009207754649966704,0.00757415670638939,0.3008655578654005
-0.00034901816912284554,0.0,-0.00034901816912284554,0.0,0.02,0.0,0.02,0.02,0.014684498424055947,0.008855522807174276,0.007222495018960329,0.3199681160997836
0.0004034565644688115,0.0,0.0004034565644688115,0.0,0.02,0.0,0.02,0.02,0.0024873885249809824,0.009262552190451467,0.007628865546456476,0.323251389645111
0.0007557062215820398,0.0,0.0007557062215820398,0.0,0.02,0.0,0.02,0.02,0.013496226834175173,0.010025258180351493,0.008390336949195554,0.3411102905583989
0.0004208428597398761,0.0,0.0004208428597398761,0.0,0.02,0.0,0.02,0.02,0.012760126444360864,0.010450320098413624,0.008814710822331318,0.3582230274417577
-0.00021582056344704448,2e-05,-0.00023582056344704448,0.02,0.02,0.0,0.02,0.02,0.00029295891522274076,0.010232244140994773,0.008576811568811404,0.3586209309865076
0.0,2e-05,-2e-05,0.02,0.0,0.0,0.0,0.0,-0.0062611824788351145,0.010232244140994773,0.008556640032580054,0.3501143574180363
0.000550420549993722,0.0,0.000550420549993722,0.0,0.0,0.02,0.02,-0.02,-0.004974230412217784,0.010788296728436286,0.009111770333086744,0.3433985775213957
-0.0002731639231752814,0.0,-0.0002731639231752814,0.0,0.0,0.02,0.02,-0.02,0.0012960789458873467,0.010512185831802245,0.00883611740298007,0.3451397281336561
-2.5871025315167274e-05,0.0,-2.5871025315167274e-05,0.0,0.0,0.02,0.02,-0.02,0.01593934044334233,0.010486042845461396,0.00881001777824797,0.36658036820424345
-4.9521661846241294e-05,0.0,-4.9521661846241294e-05,0.0,0.0,0.02,0.02,-0.02,0.011612254889272533,0.01043600189734728,0.008760059829680422,0.382449447766507
0.00034364350278667024,2e-05,0.00032364350278667024,0.02,0.0,0.02,0.02,-0.02,-0.01248651060422723,0.010783231664380999,0.00908653846891494,0.36518747807716245
0.0,0.0,0.0,0.0,0.0,0.0,0.0,0.0,-0.01013008364060719,0.010783231664380999,0.00908653846891494,0.3513580147391313
0.0,0.0,0.0,0.0,0.0,0.0,0.0,0.0,-0.01454070229413773,0.010783231664380999,0.00908653846891494,0.3317083201540125
0.0,0.0,0.0,0.0,0.0,0.0,0.0,0.0,0.005154928286544624,0.010783231664380999,0.00908653846891494,0.33857318104300127
0.0,0.0,0.0,0.0,0.0,0.0,0.0,0.0,0.011557960548304713,0.010783231664380999,0.00908653846891494,0.35404435706051496
0.0,0.0,0.0,0.0,0.0,0.0,0.0,0.0,0.002535002884813009,0.010783231664380999,0.00908653846891494,0.35747686341182816
0.0,0.0,0.0,0.0,0.0,0.0,0.0,0.0,-0.00036648380872972286,0.010783231664380999,0.00908653846891494,0.3569793701206625
0.0,0.0,0.0,0.0,0.0,0.0,0.0,0.0,0.00483909131947291,0.010783231664380999,0.00908653846891494,0.3635459172113171
0.0,0.0,0.0,0.0,0.0,0.0,0.0,0.0,0.017402367411369024,0.010783231664380999,0.00908653846891494,0.38727484424490055
0.0,0.0,0.0,0.0,0.0,0.0,0.0,0.0,-0.0012550869926631902,0.010783231664380999,0.00908653846891494,0.3855336936326399
0.0,0.0,0.0,0.0,0.0,0.0,0.0,0.0,-0.006462688007934703,0.010783231664380999,0.00908653846891494,0.37657942164621083
0.0,0.0,0.0,0.0,0.0,0.0,0.0,0.0,-0.005131589409765214,0.010783231664380999,0.00908653846891494,0.3695153812643903
0.0,0.0,0.0,0.0,0.0,0.0,0.0,0.0,-0.0010896760126061222,0.010783231664380999,0.00908653846891494,0.36802305320453144
0.0,0.0,0.0,0.0,0.0,0.0,0.0,0.0,-0.002909046519886327,0.010783231664380999,0.00908653846891494,0.36404341050248257
0.0,0.0,0.0,0.0,0.0,0.0,0.0,0.0,-0.013530349407333553,0.010783231664380999,0.00908653846891494,0.345587426551613
0.0,0.0,0.0,0.0,0.0,0.0,0.0,0.0,0.0017006986922423195,0.010783231664380999,0.00908653846891494,0.347875865328247
0.0,0.0,0.0,0.0,0.0,0.0,0.0,0.0,-0.0019192452770685486,0.010783231664380999,0.00908653846891494,0.345288960939641
0.0,0.0,0.0,0.0,0.0,0.0,0.0,0.0,-0.02499715057919416,0.010783231664380999,0.00908653846891494,0.3116605702105051
0.0,0.0,0.0,0.0,0.0,0.0,0.0,0.0,-0.021314618077743375,0.010783231664380999,0.00908653846891494,0.28370302610883313
0.0,0.0,0.0,0.0,0.0,0.0,0.0,0.0,0.027359030779175786,0.010783231664380999,0.00908653846891494,0.3188238967114658
0.0,0.0,0.0,0.0,0.0,0.0,0.0,0.0,-0.01701172908318105,0.010783231664380999,0.00908653846891494,0.2963884218721853
0.0,0.0,0.0,0.0,0.0,0.0,0.0,0.0,-0.0029547947552392984,0.010783231664380999,0.00908653846891494,0.2925578601624843
0.0,0.0,0.0,0.0,0.0,0.0,0.0,0.0,0.012777614193099973,0.010783231664380999,0.00908653846891494,0.3090736658218993
0.0,0.0,0.0,0.0,0.0,0.0,0.0,0.0,-0.02158462020719487,0.010783231664380999,0.00908653846891494,0.28081780792189326
0.0,0.0,0.0,0.0,0.0,0.0,0.0,0.0,0.012816979754235458,0.010783231664380999,0.00908653846891494,0.2972340238348925
0.0,0.0,0.0,0.0,0.0,0.0,0.0,0.0,0.010699116702327371,0.010783231664380999,0.00908653846891494,0.31111328204613176
0.0,0.0,0.0,0.0,0.0,0.0,0.0,0.0,0.007892006029410092,0.010783231664380999,0.00908653846891494,0.3214605959732795
0.0,0.0,0.0,0.0,0.0,0.0,0.0,0.0,-0.02228584965096181,0.010783231664380999,0.00908653846891494,0.29201072381174864
0.0,0.0,0.0,0.0,0.0,0.0,0.0,0.0,0.004928379690746887,0.010783231664380999,0.00908653846891494,0.2983782432232096
0.0,0.0,0.0,0.0,0.0,0.0,0.0,0.0,0.015900359756645166,0.010783231664380999,0.00908653846891494,0.3190229243906595
0.0,0.0,0.0,0.0,0.0,0.0,0.0,0.0,-0.005242255941374951,0.010783231664380999,0.00908653846891494,0.31210826862846286
0.0,0.0,0.0,0.0,0.0,0.0,0.0,0.0,0.008227111123041198,0.010783231664380999,0.00908653846891494,0.32290312915993047
0.0,2e-05,-2e-05,0.02,0.0,0.0,0.0,0.0,-0.002933098186663874,0.010783231664380999,0.009066356738145487,0.3190229243906595
1.631984855755997e-05,0.0,1.631984855755997e-05,0.0,0.0,0.02,0.02,-0.02,0.008221733833538414,0.010799727493646438,0.00908282454827214,0.329867579795335
0.0,0.0,0.0,0.0,0.0,0.02,0.02,-0.02,0.010698447659434285,0.010799727493646438,0.00908282454827214,0.3440950984917539
0.0001615097354217876,0.0,0.0001615097354217876,0.0,0.0,0.02,0.02,-0.02,0.0007402650180390324,0.010962981490198365,0.009245801248283447,0.345090085074085
-0.0004390782167176566,0.0,-0.0004390782167176566,0.0,0.0,0.02,0.02,-0.02,-0.005547542138160333,0.01051908966711812,0.008802663401641597,0.3376281411475148
4.4754743513852894e-05,2e-05,2.4754743513852893e-05,0.02,0.0,0.02,0.02,-0.02,-0.008479412297463074,0.010564315189792062,0.008827636052830323,0.326285840638036
0.0,0.0,0.0,0.0,0.0,0.0,0.0,0.0,-0.0001499494750394348,0.010564315189792062,0.008827636052830323,0.32608696477248
0.0,0.0,0.0,0.0,0.0,0.0,0.0,0.0,-0.013467367818031595,0.010564315189792062,0.008827636052830323,0.3082280638591919
0.0,0.0,0.0,0.0,0.0,0.0,0.0,0.0,0.0024716475371893143,0.010564315189792062,0.008827636052830323,0.3114615425313114
0.0,2e-05,-2e-05,0.02,0.0,0.0,0.0,0.0,0.010165734651382152,0.010564315189792062,0.008807459500109305,0.3247935125781771
-6.545789070200314e-05,6e-05,-0.00012545789070200314,0.06,0.02,0.0,0.02,0.02,0.0009387555942017567,0.010498165781301028,0.008680896644116087,0.3260371698992721
-0.0004939505294366686,0.0,-0.0004939505294366686,0.0,0.06,0.02,0.08,0.039999999999999994,-0.007690530506244242,0.009999029677318472,0.008182658181186131,0.31583924059174806
0.000588087215471722,0.0,0.000588087215471722,0.0,0.06,0.02,0.08,0.039999999999999994,0.0017768749890394453,0.010592997194310616,0.008775557513322818,0.31817732242795227
0.00023511315906375784,0.0,0.00023511315906375784,0.0,0.06,0.02,0.08,0.039999999999999994,-0.0067174832270223694,0.010830600906408527,0.009012733921436089,0.3093224883743013
-5.169933166573991e-05,2e-05,-7.169933166573991e-05,0.02,0.06,0.02,0.08,0.039999999999999994,-0.0022037122452240876,0.010778341639914313,0.008940388382771669,0.30643711837372356
-5.7408342586458e-05,6e-05,-0.000117408342586458,0.06,0.04,0.02,0.06,0.02,0.012946439569337498,0.010720314530598518,0.008821930364003139,0.32335082757788847
0.0,0.0,0.0,0.0,0.0,0.0,0.0,0.0,0.003383296185371476,0.010720314530598518,0.008821930364003139,0.3278281153847409
0.0,0.0,0.0,0.0,0.0,0.0,0.0,0.0,0.0,0.010720314530598518,0.008821930364003139,0.3278281153847409
0.0,0.0,0.0,0.0,0.0,0.0,0.0,0.0,0.009665766680939214,0.010720314530598518,0.008821930364003139,0.3406625921404409
0.0,0.0,0.0,0.0,0.0,0.0,0.0,0.0,0.009350608585053433,0.010720314530598518,0.008821930364003139,0.3531986032841694
0.0,2e-05,-2e-05,0.02,0.0,0.0,0.0,0.0,0.003051309180819084,0.010720314530598518,0.008801753925395728,0.35732763060584194
6.5218391538453e-05,0.0,6.5218391538453e-05,0.0,0.02,0.0,0.02,0.02,0.00047647014808260835,0.010786232083807468,0.008867546353167777,0.3579743567029934
-0.0007675435222223004,0.0,-0.0007675435222223004,0.0,0.02,0.0,0.02,0.02,-0.006886969034910928,0.010010409659020114,0.008093196603184083,0.34862202935817677
3.665098284846291e-05,0.0,3.665098284846291e-05,0.0,0.02,0.0,0.02,0.02,0.0042050317417701155,0.010047427533221187,0.00813014420964242,0.3542930277992784
0.00013820582696135285,0.0,0.00013820582696135285,0.0,0.02,0.0,0.02,0.02,-0.000844771073316597,0.010187021973213639,0.008269473669907601,0.3531489602245992
-0.00014290908435715455,2e-05,-0.00016290908435715454,0.02,0.02,0.0,0.02,0.02,-0.0024999932684289794,0.01004265707087404,0.008105217413166832,0.349766096932856
0.0,0.0,0.0,0.0,0.0,0.0,0.0,0.0,0.007518551748346924,0.01004265707087404,0.008105217413166832,0.3599143831808098
0.0,0.0,0.0,0.0,0.0,0.0,0.0,0.0,-0.0027801506354023786,0.01004265707087404,0.008105217413166832,0.35613361634431695
0.0,0.0,0.0,0.0,0.0,0.0,0.0,0.0,0.0027511831565258937,0.01004265707087404,0.008105217413166832,0.35986458830760193
0.0,0.0,0.0,0.0,0.0,0.0,0.0,0.0,-0.0020485718049536583,0.01004265707087404,0.008105217413166832,0.35707880805344017
0.0,0.0,0.0,0.0,0.0,0.0,0.0,0.0,-0.0023826756802410864,0.01004265707087404,0.008105217413166832,0.35384532938132063
0.0,0.0,0.0,0.0,0.0,0.0,0.0,0.0,-0.011501028671722202,0.01004265707087404,0.008105217413166832,0.3382747154310288
0.0,0.0,0.0,0.0,0.0,0.0,0.0,0.0,0.013344719665824512,0.01004265707087404,0.008105217413166832,0.35613361634431695
0.0,0.0,0.0,0.0,0.0,0.0,0.0,0.0,-0.006125905138810728,0.01004265707087404,0.008105217413166832,0.3478260704550393
0.0,2e-05,-2e-05,0.02,0.0,0.0,0.0,0.0,0.009817685237101914,0.01004265707087404,0.008085055308818534,0.3610586025691269
-0.0001511682846313267,0.0,-0.0001511682846313267,0.0,0.0,0.02,0.02,-0.02,0.004751417265966396,0.009889970655000191,0.007932664820244906,0.367525559913366
7.85418183941311e-05,0.0,7.85418183941311e-05,0.0,0.0,0.02,0.02,-0.02,0.0007275817077920799,0.009969289249673441,0.008011829684558824,0.3685205464956971
1.8195782360796998e-05,0.0,1.8195782360796998e-05,0.0,0.0,0.02,0.02,-0.02,0.008360551588295184,0.009987666431051867,0.008030171248428974,0.37996213312431637
-0.0004968130700334106,0.0,-0.0004968130700334106,0.0,0.0,0.02,0.02,-0.02,-0.00010814268189229814,0.009485891357796428,0.007529368684364712,0.3798129003183306
-0.00011748898055896185,2e-05,-0.00013748898055896186,0.02,0.0,0.02,0.02,-0.02,0.0029563663649787575,0.009367287889532117,0.007390844498581073,0.38389213276679546
0.0,0.0,0.0,0.0,0.0,0.0,0.0,0.0,0.0013300086773082587,0.009367287889532117,0.007390844498581073,0.385732721311834
0.0,0.0,0.0,0.0,0.0,0.0,0.0,0.0,0.0012924176920445785,0.009367287889532117,0.007390844498581073,0.38752366679730255
0.0,0.0,0.0,0.0,0.0,0.0,0.0,0.0,-0.003190931469921554,0.009367287889532117,0.007390844498581073,0.383096173863658
0.0,0.0,0.0,0.0,0.0,0.0,0.0,0.0,0.002517757832265266,0.009367287889532117,0.007390844498581073,0.38657847508817933
0.0,0.0,0.0,0.0,0.0,0.0,0.0,0.0,-0.005740343846913909,0.009367287889532117,0.007390844498581073,0.3786190378704437
0.0,0.0,0.0,0.0,0.0,0.0,0.0,0.0,-0.002056822841899675,0.009367287889532117,0.007390844498581073,0.37578346274307406
0.0,0.0,0.0,0.0,0.0,0.0,0.0,0.0,-0.0038327942144603666,0.009367287889532117,0.007390844498581073,0.3705103678467221
0.0,0.0,0.0,0.0,0.0,0.0,0.0,0.0,0.0017059935415721927,0.009367287889532117,0.007390844498581073,0.3728484496829263
0.0,0.0,0.0,0.0,0.0,0.0,0.0,0.0,-0.006268837115178227,0.009367287889532117,0.007390844498581073,0.364242286368039
0.0,0.0,0.0,0.0,0.0,0.0,0.0,0.0,0.0018232206016806085,0.009367287889532117,0.007390844498581073,0.366729601010229
0.0,0.0,0.0,0.0,0.0,0.0,0.0,0.0,-0.01361283528904722,0.009367287889532117,0.007390844498581073,0.34812453606701155
0.0,0.0,0.0,0.0,0.0,0.0,0.0,0.0,0.0022140446624192567,0.009367287889532117,0.007390844498581073,0.3511093440003672
0.0,0.0,0.0,0.0,0.0,0.0,0.0,0.0,-0.008284241345497101,0.009367287889532117,0.007390844498581073,0.3399164281105118
0.0,0.0,0.0,0.0,0.0,0.0,0.0,0.0,0.005717499573139051,0.009367287889532117,0.007390844498581073,0.34757739971627566
0.0,0.0,0.0,0.0,0.0,0.0,0.0,0.0,0.001439640111376983,0.009367287889532117,0.007390844498581073,0.3495174261940923
0.0,0.0,0.0,0.0,0.0,0.0,0.0,0.0,0.002137962897653445,0.009367287889532117,0.007390844498581073,0.35240264438103197
0.0,0.0,0.0,0.0,0.0,0.0,0.0,0.0,-0.0035311980681403954,0.009367287889532117,0.007390844498581073,0.34762704277584566
0.0,0.0,0.0,0.0,0.0,0.0,0.0,0.0,0.008157960520008833,0.009367287889532117,0.007390844498581073,0.35862093098650716
0.0,0.0,0.0,0.0,0.0,0.0,0.0,0.0,0.008458233679000449,0.009367287889532117,0.007390844498581073,0.3701124643019722
0.0,0.0,0.0,0.0,0.0,0.0,0.0,0.0,0.009004358245014332,0.009367287889532117,0.007390844498581073,0.3824494477665066
0.0,0.0,0.0,0.0,0.0,0.0,0.0,0.0,0.003598416775685509,0.009367287889532117,0.007390844498581073,0.3874240770508868
0.0,0.0,0.0,0.0,0.0,0.0,0.0,0.0,-0.007314480421534264,0.009367287889532117,0.007390844498581073,0.3772757908029327
0.0,0.0,0.0,0.0,0.0,0.0,0.0,0.0,0.00906598966418981,0.009367287889532117,0.007390844498581073,0.389762158887091
0.0,0.0,0.0,0.0,0.0,0.0,0.0,0.0,0.0007874905127547294,0.009367287889532117,0.007390844498581073,0.3908565834022002
0.0,0.0,0.0,0.0,0.0,0.0,0.0,0.0,-0.0008941664697397211,0.009367287889532117,0.007390844498581073,0.3896129260811052
0.0,0.0,0.0,0.0,0.0,0.0,0.0,0.0,0.004045267049569423,0.009367287889532117,0.007390844498581073,0.39523428146263684
0.0,0.0,0.0,0.0,0.0,0.0,0.0,0.0,0.002103598728287359,0.009367287889532117,0.007390844498581073,0.3981692945227846
0.0,0.0,0.0,0.0,0.0,0.0,0.0,0.0,-0.0037714280502431086,0.009367287889532117,0.007390844498581073,0.39289619962643285
0.0,0.0,0.0,0.0,0.0,0.0,0.0,0.0,-0.0011428833007812722,0.009367287889532117,0.007390844498581073,0.3913042818201582
0.0,0.0,0.0,0.0,0.0,0.0,0.0,0.0,0.0018593376175206622,0.009367287889532117,0.007390844498581073,0.39389118620876395
0.0,2e-05,-2e-05,0.02,0.0,0.0,0.0,0.0,0.005032023851196277,0.009367287889532117,0.007370696681691102,0.4009052799037387
0.0002827960567646581,0.0,0.0002827960567646581,0.0,0.02,0.0,0.02,0.02,0.00852251176770702,0.009652732978374434,0.007655577142412939,0.4128445116371613
0.00014985050527083655,0.0,0.00014985050527083655,0.0,0.02,0.0,0.02,0.02,-0.0023591190616389923,0.00980402995055929,0.00780657483978664,0.409511443218626
-0.0005073514600541996,6e-05,-0.0005673514600541996,0.06,0.02,0.0,0.02,0.02,-0.006776250917525317,0.009291704401595213,0.007234794308099035,0.39996024000825336
-0.0010348812455410995,0.0,-0.0010348812455410995,0.0,0.04,0.04,0.08,0.0,-0.005223513433882387,0.00824720734542983,0.0061924259096131085,0.39264752888766896
0.00023449006283789763,2e-05,0.00021449006283789763,0.02,0.04,0.04,0.08,0.0,0.004929359903774078,0.008483631296436478,0.006408244186273393,0.39951238977665793
0.0006362007719980544,0.0,0.0006362007719980544,0.0,0.02,0.04,0.06,-0.02,-0.0016706403267907621,0.009125229361214515,0.007048521888169956,0.3971743079404537
0.0007929446295497833,0.0,0.0007929446295497833,0.0,0.02,0.04,0.06,-0.02,0.0054476585369034325,0.009925409792379769,0.007847055605297193,0.4047856364866478
-0.00023981637003700707,6e-05,-0.00029981637003700706,0.06,0.02,0.04,0.06,-0.02,0.004284823797982007,0.009683213146595149,0.007544886559533115,0.4108048954129291
0.0,0.0,0.0,0.0,0.0,0.0,0.0,0.0,0.003667166863678739,0.009683213146595149,0.007544886559533115,0.41597855237650316
0.0,0.0,0.0,0.0,0.0,0.0,0.0,0.0,0.0033023182808260554,0.009683213146595149,0.007544886559533115,0.4206545642352737
0.0,0.0,0.0,0.0,0.0,0.0,0.0,0.0,-0.00042018041469837897,0.009683213146595149,0.007544886559533115,0.42005763301133014
0.0,0.0,0.0,0.0,0.0,0.0,0.0,0.0,-0.00136616038160553,0.009683213146595149,0.007544886559533115,0.4181176065335135
0.0,0.0,0.0,0.0,0.0,0.0,0.0,0.0,-0.006700121419427552,0.009683213146595149,0.007544886559533115,0.4086160463827109
0.0,0.0,0.0,0.0,0.0,0.0,0.0,0.0,-0.0037434579209096874,0.009683213146595149,0.007544886559533115,0.4033429514863591
0.0,0.0,0.0,0.0,0.0,0.0,0.0,0.0,0.006380672648083063,0.009683213146595149,0.007544886559533115,0.4122972234727882
0.0,0.0,0.0,0.0,0.0,0.0,0.0,0.0,-0.007467401066449053,0.009683213146595149,0.007544886559533115,0.40175103368008447
0.0,0.0,0.0,0.0,0.0,0.0,0.0,0.0,0.008091414540329689,0.009683213146595149,0.007544886559533115,0.4130931823759256
0.0,2e-05,-2e-05,0.02,0.0,0.0,0.0,0.0,0.003520383047928899,0.009683213146595149,0.007524735661802007,0.4180678116603058
-0.00024671190380455956,0.0,-0.00024671190380455956,0.0,0.0,0.02,0.02,-0.02,0.0021399560596544465,0.009434112278840168,0.0072761673161367835,0.42110241446686913
-0.000442221051421301,0.0,-0.000442221051421301,0.0,0.0,0.02,0.02,-0.02,0.0023453035973821645,0.0089877192643677,0.006830728590354607,0.4244353310717668
-0.0007500385505476004,0.0,-0.0007500385505476004,0.0,0.0,0.02,0.02,-0.02,-0.000593640121290151,0.00823093957789034,0.006075566730036064,0.42358972910905934
-0.00030591312194483856,0.0,-0.00030591312194483856,0.0,0.0,0.02,0.02,-0.02,-0.001327899028485957,0.007922508503522607,0.005767795012505239,0.4216993456908129
-0.0004032379751940329,2e-05,-0.0004232379751940329,0.02,0.0,0.02,0.02,-0.02,0.006018409214025189,0.0075160758720411724,0.005342115887428722,0.4302557141324921
0.0,0.0,0.0,0.0,0.0,0.0,0.0,0.0,0.007895339071924301,0.0075160758720411724,0.005342115887428722,0.44154806795512536
0.0,0.0,0.0,0.0,0.0,0.0,0.0,0.0,0.0004831756816456867,0.0075160758720411724,0.005342115887428722,0.4422445889254847
0.0,0.0,0.0,0.0,0.0,0.0,0.0,0.0,0.005380786031808693,0.0075160758720411724,0.005342115887428722,0.45000499846402664
0.0,0.0,0.0,0.0,0.0,0.0,0.0,0.0,-0.004048384619467882,0.0075160758720411724,0.005342115887428722,0.44413482053009323
0.0,0.0,0.0,0.0,0.0,0.0,0.0,0.0,3.448076488421492e-05,0.0075160758720411724,0.005342115887428722,0.4441846154033011
0.0,0.0,0.0,0.0,0.0,0.0,0.0,0.0,-0.001722296869569817,0.0075160758720411724,0.005342115887428722,0.44169730076111113
0.0,0.0,0.0,0.0,0.0,0.0,0.0,0.0,-0.0026914143261713708,0.0075160758720411724,0.005342115887428722,0.43781709599184016
0.0,0.0,0.0,0.0,0.0,0.0,0.0,0.0,-0.0030100512779360766,0.0075160758720411724,0.005342115887428722,0.4334891928046116
0.0,0.0,0.0,0.0,0.0,0.0,0.0,0.0,-0.0019433563002393406,0.0075160758720411724,0.005342115887428722,0.43070341255044986
0.0,0.0,0.0,0.0,0.0,0.0,0.0,0.0,0.0017385256932853643,0.0075160758720411724,0.005342115887428722,0.43319072719263985
0.0,0.0,0.0,0.0,0.0,0.0,0.0,0.0,0.003297402531507787,0.0075160758720411724,0.005342115887428722,0.43791653392461827
0.0,0.0,0.0,0.0,0.0,0.0,0.0,0.0,0.0002421979836542132,0.0075160758720411724,0.005342115887428722,0.43826479440979793
0.0,0.0,0.0,0.0,0.0,0.0,0.0,0.0,0.005914469714849879,0.0075160758720411724,0.005342115887428722,0.44677136797826944
0.0,0.0,0.0,0.0,0.0,0.0,0.0,0.0,0.00017198470878598826,0.0075160758720411724,0.005342115887428722,0.447020190530671
0.0,0.0,0.0,0.0,0.0,0.0,0.0,0.0,-0.005294308715177221,0.0075160758720411724,0.005342115887428722,0.43935921892490715
0.0,0.0,0.0,0.0,0.0,0.0,0.0,0.0,0.005426167637001322,0.0075160758720411724,0.005342115887428722,0.447169423336657
0.0,0.0,0.0,0.0,0.0,0.0,0.0,0.0,0.0010656132642101745,0.0075160758720411724,0.005342115887428722,0.448711546269724
0.0,0.0,0.0,0.0,0.0,0.0,0.0,0.0,0.008103788687831015,0.0075160758720411724,0.005342115887428722,0.4604515985103148
0.0,0.0,0.0,0.0,0.0,0.0,0.0,0.0,-0.005415888039422723,0.0075160758720411724,0.005342115887428722,0.4525419561657871
0.0,0.0,0.0,0.0,0.0,0.0,0.0,0.0,-0.0033220358681629314,0.0075160758720411724,0.005342115887428722,0.4477165596873929
0.0,0.0,0.0,0.0,0.0,0.0,0.0,0.0,-0.0009277335711094237,0.0075160758720411724,0.005342115887428722,0.4463734644335198
0.0,0.0,0.0,0.0,0.0,0.0,0.0,0.0,-0.0029922445990971935,0.0075160758720411724,0.005342115887428722,0.442045561246291
0.0,0.0,0.0,0.0,0.0,0.0,0.0,0.0,0.0027942512244720774,0.0075160758720411724,0.005342115887428722,0.446074998821548
0.0,0.0,0.0,0.0,0.0,0.0,0.0,0.0,0.00010319852435558552,0.0075160758720411724,0.005342115887428722,0.446224231627534
0.0,0.0,0.0,0.0,0.0,0.0,0.0,0.0,0.0034741667631537076,0.0075160758720411724,0.005342115887428722,0.45124865578512185
0.0,0.0,0.0,0.0,0.0,0.0,0.0,0.0,-0.0005827766130730438,0.0075160758720411724,0.005342115887428722,0.45040290200877653
0.0,0.0,0.0,0.0,0.0,0.0,0.0,0.0,0.0005487846873686308,0.0075160758720411724,0.005342115887428722,0.45119886091191397
0.0,0.0,0.0,0.0,0.0,0.0,0.0,0.0,-0.007815709480859079,0.0075160758720411724,0.005342115887428722,0.4398567122160728
0.0,0.0,0.0,0.0,0.0,0.0,0.0,0.0,-0.005596998008302045,0.0075160758720411724,0.005342115887428722,0.4317978370655591
0.0,0.0,0.0,0.0,0.0,0.0,0.0,0.0,0.0,0.0075160758720411724,0.005342115887428722,0.4317978370655591
0.0,0.0,0.0,0.0,0.0,0.0,0.0,0.0,-0.0014592919777853819,0.0075160758720411724,0.005342115887428722,0.42970842596811876
0.0,0.0,0.0,0.0,0.0,0.0,0.0,0.0,-0.031663209104984436,0.0075160758720411724,0.005342115887428722,0.384439269117532
0.0,0.0,0.0,0.0,0.0,0.0,0.0,0.0,-0.022026498864939015,0.0075160758720411724,0.005342115887428722,0.35394491912773773
0.0,0.0,0.0,0.0,0.0,0.0,0.0,0.0,0.013888373416642175,0.0075160758720411724,0.005342115887428722,0.3727490117501491
0.0,0.0,0.0,0.0,0.0,0.0,0.0,0.0,-0.005617025700234368,0.0075160758720411724,0.005342115887428722,0.3650382452711771
0.0,0.0,0.0,0.0,0.0,0.0,0.0,0.0,0.021865889699193897,0.0075160758720411724,0.005342115887428722,0.39488602097745784
0.0,0.0,0.0,0.0,0.0,0.0,0.0,0.0,0.00017838199584740977,0.0075160758720411724,0.005342115887428722,0.3951348435298594
0.0,0.0,0.0,0.0,0.0,0.0,0.0,0.0,-0.014441141502098076,0.0075160758720411724,0.005342115887428722,0.3749875038399373
0.0,0.0,0.0,0.0,0.0,0.0,0.0,0.0,-0.0005426696808847886,0.0075160758720411724,0.005342115887428722,0.37424133981000796
0.0,0.0,0.0,0.0,0.0,0.0,0.0,0.0,-0.004488652432126705,0.0075160758720411724,0.005342115887428722,0.36807284807774066
0.0,0.0,0.0,0.0,0.0,0.0,0.0,0.0,-0.005090812568079417,0.0075160758720411724,0.005342115887428722,0.36110824562869825
0.0,0.0,0.0,0.0,0.0,0.0,0.0,0.0,-0.03029852151299206,0.0075160758720411724,0.005342115887428722,0.31986867816700615
0.0,0.0,0.0,0.0,0.0,0.0,0.0,0.0,0.017940521320091163,0.0075160758720411724,0.005342115887428722,0.3435478103273819
0.0,4e-05,-4e-05,0.04,0.0,0.0,0.0,0.0,-0.017587382390990447,0.0075160758720411724,0.005301902202793141,0.3199183212265764
-0.0021699084561972535,0.0,-0.0021699084561972535,0.0,0.04,0.0,0.04,0.04,-0.005540275487492807,0.005329858219251804,0.003120489104172064,0.3126056101059922
0.0001757285883203608,0.0,0.0001757285883203608,0.0,0.04,0.0,0.04,0.04,0.01481847903879685,0.005506523416032971,0.003296766051637645,0.332056428825555
0.001665936663357357,2e-05,0.0016459366633573569,0.02,0.04,0.0,0.04,0.04,0.010680867858550824,0.007181633598636772,0.004948128983109923,0.3462839475219739
0.0007554227520959645,0.0,0.0007554227520959645,0.0,0.06,0.0,0.06,0.06,0.010641853567048498,0.007942481520150535,0.005707289664420134,0.3606109041511707
-0.0004513684822639697,4e-05,-0.0004913684822639697,0.04,0.06,0.0,0.06,0.06,-0.005922982923278419,0.007487528052057435,0.005213116799895889,0.35255202900065696
-0.00022215009776382466,0.0,-0.00022215009776382466,0.0,0.02,0.0,0.02,0.02,0.0055169366993470526,0.00726371459920494,0.0049898086077253545,0.3600139729272269
0.00016949284741661687,0.0,0.00016949284741661687,0.0,0.02,0.0,0.02,0.02,0.006327884619248714,0.007434438594291715,0.0051601471920108555,0.36861998442847654
0.00021208434200366,2e-05,0.00019208434200366,0.02,0.02,0.0,0.02,0.02,0.02140889340278096,0.007648099664312902,0.00535322271749239,0.3979206237840216
0.0,0.0,0.0,0.0,0.0,0.0,0.0,0.0,-0.0018149167214732698,0.007648099664312902,0.00535322271749239,0.3953835142686237
0.0,0.0,0.0,0.0,0.0,0.0,0.0,0.0,-0.009768236129679142,0.007648099664312902,0.00535322271749239,0.38175307860978624
0.0,0.0,0.0,0.0,0.0,0.0,0.0,0.0,-0.018685203985215892,0.007648099664312902,0.00535322271749239,0.3559347404787623
0.0,0.0,0.0,0.0,0.0,0.0,0.0,0.0,-0.0018711147665574357,0.007648099664312902,0.00535322271749239,0.3533976309633642
0.0,0.0,0.0,0.0,0.0,0.0,0.0,0.0,-0.006836673411209304,0.007648099664312902,0.00535322271749239,0.34414489336496334
0.0,0.0,0.0,0.0,0.0,0.0,0.0,0.0,0.010436627236270812,0.007648099664312902,0.00535322271749239,0.3581732325685505
0.0,2e-05,-2e-05,0.02,0.0,0.0,0.0,0.0,0.0026006226695023393,0.007648099664312902,0.0053331156530380674,0.36170532866627947
0.002399805912815276,0.0,0.002399805912815276,0.0,0.0,0.02,0.02,-0.02,-0.016914494929252566,0.010066259531924304,0.0077457200083310696,0.3386727707894175
-0.0006053900722307759,0.0,-0.0006053900722307759,0.0,0.0,0.02,0.02,-0.02,-0.018506171956058748,0.009454775446108288,0.007135640754104999,0.31389906230029485
0.0005862627782155139,0.0,0.0005862627782155139,0.0,0.0,0.02,0.02,-0.02,0.003407518980473423,0.010046581207244332,0.007726086892893447,0.3183761982935094
-4.008055124498533e-05,0.0,-4.008055124498533e-05,0.0,0.0,0.02,0.02,-0.02,-0.006678700049227437,0.010006097983486395,0.00768569667582697,0.3095711591130663
-0.0011103452485183185,2e-05,-0.0011303452485183186,0.02,0.0,0.02,0.02,-0.02,0.01614434947768273,0.008884642511616025,0.006546663936589647,0.33071333357168164
0.0,0.0,0.0,0.0,0.0,0.0,0.0,0.0,0.0033644631644276224,0.008884642511616025,0.006546663936589647,0.3351904695648962
0.0,0.0,0.0,0.0,0.0,0.0,0.0,0.0,0.02302530855557583,0.008884642511616025,0.006546663936589647,0.365933642107092
0.0,0.0,0.0,0.0,0.0,0.0,0.0,0.0,-0.0021850667028844306,0.008884642511616025,0.006546663936589647,0.36294898598737424
0.0,0.0,0.0,0.0,0.0,0.0,0.0,0.0,0.006095272805283436,0.008884642511616025,0.006546663936589647,0.37125653187665164
0.0,0.0,0.0,0.0,0.0,0.0,0.0,0.0,0.013241407499740676,0.008884642511616025,0.006546663936589647,0.38941389840191154
0.0,0.0,0.0,0.0,0.0,0.0,0.0,0.0,-0.03240239236844167,0.008884642511616025,0.006546663936589647,0.34439356410372657
0.0,0.0,0.0,0.0,0.0,0.0,0.0,0.0,-0.0015171273343547176,0.008884642511616025,0.006546663936589647,0.34235394787949414
0.0,0.0,0.0,0.0,0.0,0.0,0.0,0.0,-0.023235951299897972,0.008884642511616025,0.006546663936589647,0.31116307691934053
0.0,0.0,0.0,0.0,0.0,0.0,0.0,0.0,0.0018970291994755417,0.008884642511616025,0.006546663936589647,0.31365039156153074
0.0,0.0,0.0,0.0,0.0,0.0,0.0,0.0,0.00022720322993774467,0.008884642511616025,0.006546663936589647,0.3139488571735025
0.0,0.0,0.0,0.0,0.0,0.0,0.0,0.0,0.005035348304543108,0.008884642511616025,0.006546663936589647,0.32056504732372737
0.0,0.0,0.0,0.0,0.0,0.0,0.0,0.0,-0.0003390203450144291,0.008884642511616025,0.006546663936589647,0.3201173489057696
0.0,2e-05,-2e-05,0.02,0.0,0.0,0.0,0.0,-0.018464762356876663,0.008884642511616025,0.006526533003310853,0.2957416957750345
0.00046653162252529245,0.0,0.00046653162252529245,0.0,0.0,0.02,0.02,-0.02,-0.019618384406662304,0.009355319100827764,0.0069961094598676166,0.2703213370955795
-7.516291170266865e-05,0.0,-7.516291170266865e-05,0.0,0.0,0.02,0.02,-0.02,-0.001096486445127054,0.009279453016101558,0.006920420700207375,0.2689284469684985
0.00015567286943177994,0.0,0.00015567286943177994,0.0,0.0,0.02,0.02,-0.02,-0.014975722505870204,0.009436570444611103,0.007077170891387263,0.2499253266668935
0.00042500359480426966,0.0,0.00042500359480426966,0.0,0.0,0.02,0.02,-0.02,-0.01627794486710199,0.009865584615777134,0.00750518230926156,0.22957911111141538
0.0002647999336177276,2e-05,0.0002447999336177276,0.02,0.0,0.02,0.02,-0.02,-0.026176321028577143,0.01013299695554637,0.007751819511010449,0.19739325356893045
0.0,0.0,0.0,0.0,0.0,0.0,0.0,0.0,-0.026422935982500895,0.01013299695554637,0.007751819511010449,0.16575460828400024
0.0,0.0,0.0,0.0,0.0,0.0,0.0,0.0,0.050524863544073595,0.01013299695554637,0.007751819511010449,0.22465420079342424
0.0,0.0,0.0,0.0,0.0,0.0,0.0,0.0,0.0076773690172566855,0.01013299695554637,0.007751819511010449,0.23405632301144896
0.0,0.0,0.0,0.0,0.0,0.0,0.0,0.0,-0.001289987966181294,0.01013299695554637,0.007751819511010449,0.2324644052051743
0.0,0.0,0.0,0.0,0.0,0.0,0.0,0.0,0.008758822074451222,0.01013299695554637,0.007751819511010449,0.24325934164346075
0.0,0.0,0.0,0.0,0.0,0.0,0.0,0.0,0.0010403109344623296,0.01013299695554637,0.007751819511010449,0.2445527179309448
0.0,0.0,0.0,0.0,0.0,0.0,0.0,0.0,-0.023862763357143546,0.01013299695554637,0.007751819511010449,0.2148542509374689
0.0,0.0,0.0,0.0,0.0,0.0,0.0,0.0,0.03349573093196567,0.01013299695554637,0.007751819511010449,0.2555466820484251
0.0,0.0,0.0,0.0,0.0,0.0,0.0,0.0,0.007884644787735207,0.01013299695554637,0.007751819511010449,0.26544622165079645
0.0,0.0,0.0,0.0,0.0,0.0,0.0,0.0,0.009395330155608672,0.01013299695554637,0.007751819511010449,0.2773355066973733
0.0,0.0,0.0,0.0,0.0,0.0,0.0,0.0,0.004673490899932853,0.01013299695554637,0.007751819511010449,0.2833051225640846
0.0,0.0,0.0,0.0,0.0,0.0,0.0,0.0,0.003527556141424526,0.01013299695554637,0.007751819511010449,0.287832053430507
0.0,0.0,0.0,0.0,0.0,0.0,0.0,0.0,0.0003863029265658291,0.01013299695554637,0.007751819511010449,0.28832954672167244
0.0,0.0,0.0,0.0,0.0,0.0,0.0,0.0,-0.0061009229392887665,0.01013299695554637,0.007751819511010449,0.2804695474367147
0.0,2e-05,-2e-05,0.02,0.0,0.0,0.0,0.0,0.011460809156886187,0.01013299695554637,0.007731664474620148,0.2951447645510914
-0.0001612902620698531,0.0,-0.0001612902620698531,0.0,0.0,0.02,0.02,-0.02,0.0024198381718569806,0.009970072339742009,0.007569127170360845,0.2982788052904328
-8.195086223323323e-05,0.0,-8.195086223323323e-05,0.0,0.0,0.02,0.02,-0.02,0.0075867131021529755,0.009887304421484,0.007486556011629508,0.3081284741127772
-0.00032452355201250337,0.0,-0.00032452355201250337,0.0,0.0,0.02,0.02,-0.02,0.013310009559374114,0.009559572206320865,0.0071596028958678115,0.3255396766081078
0.00031551657983692306,0.0,0.00031551657983692306,0.0,0.0,0.02,0.02,-0.02,-0.013510493953920788,0.009878104989685,0.007477378449123551,0.3076309808216118
5.051527687275126e-05,2e-05,3.051527687275126e-05,0.02,0.0,0.02,0.02,-0.02,0.002092438336748881,0.009929119261766317,0.007508121900269948,0.31036711801620354
0.0,0.0,0.0,0.0,0.0,0.0,0.0,0.0,0.0005314305793751029,0.009929119261766317,0.007508121900269948,0.311063487172925
0.0,0.0,0.0,0.0,0.0,0.0,0.0,0.0,0.00846143460298654,0.009929119261766317,0.007508121900269948,0.32215696513000225
0.0,0.0,0.0,0.0,0.0,0.0,0.0,0.0,-0.007600229599478925,0.009929119261766317,0.007508121900269948,0.31210826862846397
0.0,0.0,0.0,0.0,0.0,0.0,0.0,0.0,-0.0013269869978645987,0.009929119261766317,0.007508121900269948,0.3103671180162033
0.0,0.0,0.0,0.0,0.0,0.0,0.0,0.0,0.015830768961627273,0.009929119261766317,0.007508121900269948,0.3311112371164313
0.0,0.0,0.0,0.0,0.0,0.0,0.0,0.0,0.008782443461558875,0.009929119261766317,0.007508121900269948,0.34280164629745213
0.0,2e-05,-2e-05,0.02,0.0,0.0,0.0,0.0,0.0004816244446339546,0.009929119261766317,0.007487971737832,0.3434483723946038
-0.00028977831945497634,0.0,-0.00028977831945497634,0.0,0.02,0.0,0.02,0.02,0.007035451061470743,0.009636463698817987,0.007196023566510723,0.3529001376721985
0.00020582642240231765,0.0,0.00020582642240231765,0.0,0.02,0.0,0.02,0.02,0.004191846904899599,0.009844273560068117,0.00740333112069913,0.35857128792693804
-8.731160673300487e-05,0.0,-8.731160673300487e-05,0.0,0.02,0.0,0.02,0.02,-0.0013182565400755575,0.009756102433993386,0.00731537311723085,0.3567803424414695
-0.0001541328234364947,0.0,-0.0001541328234364947,0.0,0.02,0.0,0.02,0.02,-0.009532799292480854,0.00960046587494312,0.007160112754681425,0.34384642775299157
-0.00018746570577977685,2e-05,-0.00020746570577977685,0.02,0.02,0.0,0.02,0.02,0.0012215390329901599,0.009411200411052256,0.006951161571055575,0.34548798861883623
0.0,0.0,0.0,0.0,0.0,0.0,0.0,0.0,0.0005545675890390456,0.009411200411052256,0.006951161571055575,0.34623415264876556
0.0,0.0,0.0,0.0,0.0,0.0,0.0,0.0,0.012859400817079925,0.009411200411052256,0.006951161571055575,0.363545917211318
0.0,0.0,0.0,0.0,0.0,0.0,0.0,0.0,0.0032469321818375807,0.009411200411052256,0.006951161571055575,0.36797325833132466
0.0,0.0,0.0,0.0,0.0,0.0,0.0,0.0,-0.002218209292064066,0.009411200411052256,0.006951161571055575,0.364938807338399
0.0,2e-05,-2e-05,0.02,0.0,0.0,0.0,0.0,0.01089725993573043,0.009411200411052256,0.006931022547824073,0.3798129003183315
8.89801037016258e-05,0.0,8.89801037016258e-05,0.0,0.0,0.02,0.02,-0.02,0.001730580072748289,0.009501017924342436,0.007020619374630721,0.38220077702774335
-0.00024387128464877783,0.0,-0.00024387128464877783,0.0,0.0,0.02,0.02,-0.02,0.002015467145194627,0.009254829614246951,0.006775035962516052,0.38498655728190534
0.0003506778756935569,0.0,0.0003506778756935569,0.0,0.0,0.02,0.02,-0.02,-0.003555871633034058,0.009608752953929711,0.0071280896934287075,0.38006172287073303
-0.00043910896193065873,0.0,-0.00043910896193065873,0.0,0.0,0.02,0.02,-0.02,0.006199989681534568,0.009165424702463953,0.006685850723432196,0.38861809131241243
6.281705897474454e-05,2e-05,4.281705897474454e-05,0.02,0.0,0.02,0.02,-0.02,0.0013612321605447342,0.009228817506462761,0.006728954050871705,0.3905083229170212
0.0,0.0,0.0,0.0,0.0,0.0,0.0,0.0,-0.0007154468278236514,0.009228817506462761,0.006728954050871705,0.38951348814832776
0.0,0.0,0.0,0.0,0.0,0.0,0.0,0.0,-0.0004295972864135633,0.009228817506462761,0.006728954050871705,0.3889165569243842
0.0,0.0,0.0,0.0,0.0,0.0,0.0,0.0,-0.001862534056282228,0.009228817506462761,0.006728954050871705,0.3863296525357782
0.0,0.0,0.0,0.0,0.0,0.0,0.0,0.0,0.00624379502541994,0.009228817506462761,0.006728954050871705,0.39498561072387317
0.0,0.0,0.0,0.0,0.0,0.0,0.0,0.0,-0.0036374705171065003,0.009228817506462761,0.006728954050871705,0.3899113916930772
0.0,0.0,0.0,0.0,0.0,0.0,0.0,0.0,-0.0013600747713448103,0.009228817506462761,0.006728954050871705,0.38802100827483077
0.0,0.0,0.0,0.0,0.0,0.0,0.0,0.0,-0.00605692247132672,0.009228817506462761,0.006728954050871705,0.3796138726391374
0.0,0.0,0.0,0.0,0.0,0.0,0.0,0.0,-0.008365401936209604,0.009228817506462761,0.006728954050871705,0.3680728480777402
0.0,0.0,0.0,0.0,0.0,0.0,0.0,0.0,-0.001999993785737564,0.009228817506462761,0.006728954050871705,0.36533671088314845
0.0,0.0,0.0,0.0,0.0,0.0,0.0,0.0,0.014501242841361561,0.009228817506462761,0.006728954050871705,0.3851357900878909
0.0,0.0,0.0,0.0,0.0,0.0,0.0,0.0,0.00377096603850835,0.009228817506462761,0.006728954050871705,0.39035909011103476
0.0,0.0,0.0,0.0,0.0,0.0,0.0,0.0,0.0066192213251152765,0.009228817506462761,0.006728954050871705,0.3995621846498656
0.0,0.0,0.0,0.0,0.0,0.0,0.0,0.0,-0.0006397692405066824,0.009228817506462761,0.006728954050871705,0.39866678781395026
0.0,0.0,0.0,0.0,0.0,0.0,0.0,0.0,0.0005334823393465804,0.009228817506462761,0.006728954050871705,0.3994129518438796
0.0,0.0,0.0,0.0,0.0,0.0,0.0,0.0,0.0036258541200955285,0.009228817506462761,0.006728954050871705,0.4044870190610377
0.0,0.0,0.0,0.0,0.0,0.0,0.0,0.0,0.0002479627653750871,0.009228817506462761,0.006728954050871705,0.40483527954621756
0.0,0.0,0.0,0.0,0.0,0.0,0.0,0.0,-0.0030099366922338167,0.009228817506462761,0.006728954050871705,0.4006068142917669
0.0,0.0,0.0,0.0,0.0,0.0,0.0,0.0,0.011294701940096408,0.009228817506462761,0.006728954050871705,0.4164262507944605
0.0,0.0,0.0,0.0,0.0,0.0,0.0,0.0,-0.0192463413580638,0.009228817506462761,0.006728954050871705,0.3891652276631479
0.0,0.0,0.0,0.0,0.0,0.0,0.0,0.0,-0.0007519837245412164,0.009228817506462761,0.006728954050871705,0.38812059802124654
0.0,0.0,0.0,0.0,0.0,0.0,0.0,0.0,0.007454080090922854,0.009228817506462761,0.006728954050871705,0.3984677601347566
0.0,0.0,0.0,0.0,0.0,0.0,0.0,0.0,-0.005229088098448242,0.009228817506462761,0.006728954050871705,0.3911550490141724
0.0,0.0,0.0,0.0,0.0,0.0,0.0,0.0,0.003790443703660884,0.009228817506462761,0.006728954050871705,0.39642814391052417
0.0,0.0,0.0,0.0,0.0,0.0,0.0,0.0,0.0063055095476829415,0.009228817506462761,0.006728954050871705,0.4052333349046051
0.0,0.0,0.0,0.0,0.0,0.0,0.0,0.0,0.011859159783520479,0.009228817506462761,0.006728954050871705,0.42189822155636825
0.0,0.0,0.0,0.0,0.0,0.0,0.0,0.0,0.0004898529021275522,0.009228817506462761,0.006728954050871705,0.4225947425267276
0.0,0.0,0.0,0.0,0.0,0.0,0.0,0.0,0.0015736343151739884,0.009228817506462761,0.006728954050871705,0.42483338643015367
0.0,0.0,0.0,0.0,0.0,0.0,0.0,0.0,0.002653373411137805,0.009228817506462761,0.006728954050871705,0.4286140014530089
0.0,0.0,0.0,0.0,0.0,0.0,0.0,0.0,0.004840221059573491,0.009228817506462761,0.006728954050871705,0.4355288090288434
0.0,0.0,0.0,0.0,0.0,0.0,0.0,0.0,0.0007623842226123223,0.009228817506462761,0.006728954050871705,0.4366232335439524
0.0,0.0,0.0,0.0,0.0,0.0,0.0,0.0,-0.005124869083197203,0.009228817506462761,0.006728954050871705,0.4292607275501601
0.0,0.0,0.0,0.0,0.0,0.0,0.0,0.0,0.003410988112685809,0.009228817506462761,0.006728954050871705,0.4341359189017624
0.0,0.0,0.0,0.0,0.0,0.0,0.0,0.0,-0.00027755762417025487,0.009228817506462761,0.006728954050871705,0.43373786354337485
0.0,0.0,0.0,0.0,0.0,0.0,0.0,0.0,0.006765942419922011,0.009228817506462761,0.006728954050871705,0.44343845137337135
0.0,0.0,0.0,0.0,0.0,0.0,0.0,0.0,-0.0006548195444177063,0.009228817506462761,0.006728954050871705,0.44249325966424813
0.0,0.0,0.0,0.0,0.0,0.0,0.0,0.0,0.000655248614016557,0.009228817506462761,0.006728954050871705,0.44343845137337135
0.0,0.0,0.0,0.0,0.0,0.0,0.0,0.0,-0.0024468963541401934,0.009228817506462761,0.006728954050871705,0.43990650708928003
0.0,0.0,0.0,0.0,0.0,0.0,0.0,0.0,0.001969171817594928,0.009228817506462761,0.006728954050871705,0.4427419304030118
0.0,0.0,0.0,0.0,0.0,0.0,0.0,0.0,0.0008620095492390956,0.009228817506462761,0.006728954050871705,0.4439855877241068
0.0,0.0,0.0,0.0,0.0,0.0,0.0,0.0,0.008991683494423253,0.009228817506462761,0.006728954050871705,0.4569694490994307
0.0,0.0,0.0,0.0,0.0,0.0,0.0,0.0,-0.002219318101775003,0.009228817506462761,0.006728954050871705,0.4537359704273112
0.0,2e-05,-2e-05,0.02,0.0,0.0,0.0,0.0,-0.0006160325311961312,0.009228817506462761,0.006708819471790584,0.45284042177775796
0.000183171795920678,4e-05,0.000143171795920678,0.04,0.0,0.02,0.02,-0.02,0.004656791391837833,0.009413679761460347,0.006852951781443517,0.4596059965476067
-0.00033950051413045746,0.0,-0.00033950051413045746,0.0,0.02,0.04,0.06,-0.02,0.0015677429172040735,0.009070983298210988,0.006511124686660041,0.4618942835106028
-5.8713565654844327e-05,0.0,-5.8713565654844327e-05,0.0,0.02,0.04,0.06,-0.02,0.0005104090209160361,0.009011737142782694,0.006452028829658341,0.46264044754053213
0.00028363728330037306,0.0,0.00028363728330037306,0.0,0.02,0.04,0.06,-0.02,-0.007516466694974855,0.009297930490724138,0.006737496148887745,0.45164655932987063
0.0002906853553959654,2e-05,0.0002706853553959654,0.02,0.02,0.04,0.06,-0.02,-0.002158955786585093,0.009591318618349165,0.007010005245823292,0.448512518590529
0.0006019844489024795,4e-05,0.0005619844489024795,0.04,0.02,0.02,0.04,0.0,0.009787781355874214,0.010199076891904246,0.00757592920866057,0.4626902424137398
0.0,0.0,0.0,0.0,0.0,0.0,0.0,0.0,-0.004115197293138695,0.010199076891904246,0.00757592920866057,0.4566709834874585
0.0,0.0,0.0,0.0,0.0,0.0,0.0,0.0,-0.016699728591370255,0.010199076891904246,0.00757592920866057,0.43234497341629363
0.0,0.0,0.0,0.0,0.0,0.0,0.0,0.0,-0.0013892053855424358,0.010199076891904246,0.00757592920866057,0.4303551520652691
0.0,0.0,0.0,0.0,0.0,0.0,0.0,0.0,-0.003025754254794455,0.010199076891904246,0.00757592920866057,0.42602724887804033
0.0,0.0,0.0,0.0,0.0,0.0,0.0,0.0,0.005023381089130252,0.010199076891904246,0.00757592920866057,0.43319072719263874
0.0,0.0,0.0,0.0,0.0,0.0,0.0,0.0,-0.02513023463578734,0.010199076891904246,0.00757592920866057,0.39717430794045305
0.0,0.0,0.0,0.0,0.0,0.0,0.0,0.0,0.009043682537198894,0.010199076891904246,0.00757592920866057,0.4098099088305971
0.0,0.0,0.0,0.0,0.0,0.0,0.0,0.0,0.005857458355188694,0.010199076891904246,0.00757592920866057,0.4180678116603047
0.0,0.0,0.0,0.0,0.0,0.0,0.0,0.0,0.009261259633227992,0.010199076891904246,0.00757592920866057,0.4312009058416142
0.0,2e-05,-2e-05,0.02,0.0,0.0,0.0,0.0,-0.006465122663262712,0.010199076891904246,0.007555777690076315,0.42194801642957547
0.0006107451490736815,0.0,0.0006107451490736815,0.0,0.0,0.02,0.02,-0.02,-0.0066120352472479604,0.010816051077714883,0.008171137493721892,0.41254604602518885
-0.0004362429920649902,0.0,-0.0004362429920649902,0.0,0.0,0.02,0.02,-0.02,0.009015662787600798,0.010375089659165448,0.007731329900187989,0.4252810848481108
0.0003688885671568842,0.0,0.0003688885671568842,0.0,0.0,0.02,0.02,-0.02,-0.0030714629605170796,0.010747805478280803,0.008103070466553897,0.42090338678767414
0.0006412613764978948,0.0,0.0006412613764978948,0.0,0.0,0.02,0.02,-0.02,-0.012218570089675529,0.01139595900731405,0.008749528029172948,0.4035419791655517
0.0002945967994297116,2e-05,0.0002745967994297116,0.02,0.0,0.02,0.02,-0.02,0.0022683210378962038,0.011693913019793722,0.009026527420995967,0.40672566296446333
0.0,0.0,0.0,0.0,0.0,0.0,0.0,0.0,-0.009300533609752026,0.011693913019793722,0.009026527420995967,0.39364236365636174
0.0,0.0,0.0,0.0,0.0,0.0,0.0,0.0,-0.006710708276892463,0.011693913019793722,0.009026527420995967,0.3842900363115451
0.0,0.0,0.0,0.0,0.0,0.0,0.0,0.0,0.0027311955856930137,0.011693913019793722,0.009026527420995967,0.388070803148038
0.0,0.0,0.0,0.0,0.0,0.0,0.0,0.0,-0.013475288614393843,0.011693913019793722,0.009026527420995967,0.36936614845840476
0.0,0.0,0.0,0.0,0.0,0.0,0.0,0.0,-0.0025428914062199937,0.011693913019793722,0.009026527420995967,0.36588399904752134
0.0,0.0,0.0,0.0,0.0,0.0,0.0,0.0,0.021706636908962906,0.011693913019793722,0.009026527420995967,0.39553274707460817
0.0,0.0,0.0,0.0,0.0,0.0,0.0,0.0,0.00866214909761931,0.011693913019793722,0.009026527420995967,0.40762105980037866
0.0,0.0,0.0,0.0,0.0,0.0,0.0,0.0,0.006502673146223659,0.011693913019793722,0.009026527420995967,0.4167743594660014
0.0,0.0,0.0,0.0,0.0,0.0,0.0,0.0,0.010007044331713288,0.011693913019793722,0.009026527420995967,0.4309520832892124
0.0,0.0,0.0,0.0,0.0,0.0,0.0,0.0,0.004588935693472518,0.011693913019793722,0.009026527420995967,0.43751863037986705
0.0,0.0,0.0,0.0,0.0,0.0,0.0,0.0,-0.00024226502378454917,0.011693913019793722,0.009026527420995967,0.4371703698946874
0.0,0.0,0.0,0.0,0.0,0.0,0.0,0.0,-0.0017652449249604407,0.011693913019793722,0.009026527420995967,0.43463341219292717
0.0,0.0,0.0,0.0,0.0,0.0,0.0,0.0,0.004126259105325714,0.011693913019793722,0.009026527420995967,0.4405530813727927
0.0,0.0,0.0,0.0,0.0,0.0,0.0,0.0,-0.001104968649346838,0.011693913019793722,0.009026527420995967,0.4389613153801557
0.0,0.0,0.0,0.0,0.0,0.0,0.0,0.0,0.00038023006239829016,0.011693913019793722,0.009026527420995967,0.43950845173089137
0.0,0.0,0.0,0.0,0.0,0.0,0.0,0.0,0.010471019215623212,0.011693913019793722,0.009026527420995967,0.4545815723900175
0.0,0.0,0.0,0.0,0.0,0.0,0.0,0.0,0.0022571945139746585,0.011693913019793722,0.009026527420995967,0.45786484593534493
0.0,0.0,0.0,0.0,0.0,0.0,0.0,0.0,0.009554315895361709,0.011693913019793722,0.009026527420995967,0.47179374720615397
0.0,0.0,0.0,0.0,0.0,0.0,0.0,0.0,-0.006286708049932255,0.011693913019793722,0.009026527420995967,0.46254100960775313
0.0,0.0,0.0,0.0,0.0,0.0,0.0,0.0,-0.0012244399713010612,0.011693913019793722,0.009026527420995967,0.46075021593592247
0.0,0.0,0.0,0.0,0.0,0.0,0.0,0.0,-0.009807944214485276,0.011693913019793722,0.009026527420995967,0.44642325930672566
0.0,0.0,0.0,0.0,0.0,0.0,0.0,0.0,-0.0009974155151378783,0.011693913019793722,0.009026527420995967,0.4449805743064368
0.0,0.0,0.0,0.0,0.0,0.0,0.0,0.0,0.003545972991938262,0.011693913019793722,0.009026527420995967,0.45010443639680275
0.0,0.0,0.0,0.0,0.0,0.0,0.0,0.0,0.005145797598627766,0.011693913019793722,0.009026527420995967,0.45756638032337293
0.0,0.0,0.0,0.0,0.0,0.0,0.0,0.0,0.009078510792182248,0.011693913019793722,0.009026527420995967,0.47079891243746075
0.0,0.0,0.0,0.0,0.0,0.0,0.0,0.0,0.0026043056353062255,0.011693913019793722,0.009026527420995967,0.47462932233352384
0.0,0.0,0.0,0.0,0.0,0.0,0.0,0.0,0.007995125917571011,0.011693913019793722,0.009026527420995967,0.4864191694473228
0.0,0.0,0.0,0.0,0.0,0.0,0.0,0.0,-0.0011378726632552683,0.011693913019793722,0.009026527420995967,0.48472781370827
0.0,0.0,0.0,0.0,0.0,0.0,0.0,0.0,-0.005494820672157674,0.011693913019793722,0.009026527420995967,0.4765695006249784
0.0,0.0,0.0,0.0,0.0,0.0,0.0,0.0,0.0012465302474820028,0.011693913019793722,0.009026527420995967,0.4784100891700167
0.0,0.0,0.0,0.0,0.0,0.0,0.0,0.0,0.00477803054776782,0.011693913019793722,0.009026527420995967,0.4854739777381991
0.0,0.0,0.0,0.0,0.0,0.0,0.0,0.0,0.0023442357636067612,0.011693913019793722,0.009026527420995967,0.4889562789627202
0.0,0.0,0.0,0.0,0.0,0.0,0.0,0.0,0.004476951484483349,0.011693913019793722,0.009026527420995967,0.49562226398615317
0.0,0.0,0.0,0.0,0.0,0.0,0.0,0.0,0.0003326329803621242,0.011693913019793722,0.009026527420995967,0.49611975727731883
0.0,0.0,0.0,0.0,0.0,0.0,0.0,0.0,-0.0032252742168017434,0.011693913019793722,0.009026527420995967,0.49129436079892463
0.0,0.0,0.0,0.0,0.0,0.0,0.0,0.0,-0.00680501885792506,0.011693913019793722,0.009026527420995967,0.4811460745509706
0.0,0.0,0.0,0.0,0.0,0.0,0.0,0.0,0.0036609000256653257,0.011693913019793722,0.009026527420995967,0.48656840225330833
0.0,0.0,0.0,0.0,0.0,0.0,0.0,0.0,-0.0055549082057393395,0.011693913019793722,0.009026527420995967,0.4783106512372386
0.0,0.0,0.0,0.0,0.0,0.0,0.0,0.0,0.0024564405416616086,0.011693913019793722,0.009026527420995967,0.481942033454108
0.0,0.0,0.0,0.0,0.0,0.0,0.0,0.0,0.0071500668897384045,0.011693913019793722,0.009026527420995967,0.49253801812001985
0.0,0.0,0.0,0.0,0.0,0.0,0.0,0.0,0.004699542271926482,0.011693913019793722,0.009026527420995967,0.49955226362863225
0.0,0.0,0.0,0.0,0.0,0.0,0.0,0.0,-0.004777078124148959,0.011693913019793722,0.009026527420995967,0.49238878531403385
0.0,4e-05,-4e-05,0.04,0.0,0.0,0.0,0.0,0.006700032552083401,0.011693913019793722,0.008986166359899128,0.5023878387560021
0.00026068008725665503,0.0,0.00026068008725665503,0.0,0.02,0.02,0.04,0.0,-0.001821192320657583,0.011957641477316816,0.009249188961786503,0.49965170156141037
-7.732200786659594e-05,0.0,-7.732200786659594e-05,0.0,0.02,0.02,0.04,0.0,-0.0024546880360581946,0.011879394880601746,0.009171151788058163,0.4959705244713333
0.00017485996372337495,0.0,0.00017485996372337495,0.0,0.02,0.02,0.04,0.0,-0.010940438053893442,0.012056332074882992,0.009347615419050603,0.47960395161790426
1.737671387661344e-05,0.0,1.737671387661344e-05,0.0,0.02,0.02,0.04,0.0,-0.008707919179872015,0.012073918288192598,0.009365154563765854,0.4667196799889963
9.065412453041378e-05,8e-05,1.0654124530413769e-05,0.08,0.02,0.02,0.04,0.0,-0.00752951176325134,0.012165666963215083,0.00937590846581915,0.45567599690512695
0.0007394185661843756,0.0,0.0007394185661843756,0.0,0.0,0.04,0.04,-0.04,-0.030073091175620292,0.012914081049422155,0.010122259752798124,0.4118993199280372
-0.0003013102084137209,0.0,-0.0003013102084137209,0.0,0.0,0.04,0.04,-0.04,0.014022903128895647,0.012608879696555997,0.009817899604188662,0.43169824731914175
0.00017655907752078592,0.0,0.00017655907752078592,0.0,0.0,0.04,0.04,-0.04,0.0005907346592963769,0.012787664986244396,0.009996192121006553,0.4325440010954871
-0.0012268682276665955,0.0,-0.0012268682276665955,0.0,0.0,0.04,0.04,-0.04,0.019620078037761113,0.01154510797870012,0.008757059882829044,0.46065062618950714
0.0005569945172046987,4e-05,0.0005169945172046987,0.04,0.0,0.04,0.04,-0.04,-0.006811525213743619,0.012108533057749282,0.009278581751980042,0.450701367620747
0.0,0.0,0.0,0.0,0.0,0.0,0.0,0.0,-0.012173334656089607,0.012108533057749282,0.009278581751980042,0.43304149438665274
0.0,0.0,0.0,0.0,0.0,0.0,0.0,0.0,0.01555170741432943,0.012108533057749282,0.009278581751980042,0.4553277364199473
0.0,0.0,0.0,0.0,0.0,0.0,0.0,0.0,-0.029567575653449696,0.012108533057749282,0.009278581751980042,0.41229722347278686
0.0,0.0,0.0,0.0,0.0,0.0,0.0,0.0,0.002641775329778495,0.012108533057749282,0.009278581751980042,0.41602819543607183
0.0,2e-05,-2e-05,0.02,0.0,0.0,0.0,0.0,0.014755005435055812,0.012108533057749282,0.009258396180344963,0.43692169915592327
-0.0014063659612150526,0.0,-0.0014063659612150526,0.0,0.0,0.02,0.02,-0.02,0.012047707790260098,0.010685138067801692,0.007839009525886453,0.45423331190483784
0.00034078753243039996,0.0,0.00034078753243039996,0.0,0.0,0.02,0.02,-0.02,-0.00766254006521927,0.011029566962067916,0.008182468495029793,0.44309019088819057
-0.00040030800264917677,0.0,-0.00040030800264917677,0.0,0.0,0.02,0.02,-0.02,0.008135461060131632,0.010624843735498102,0.007778884984760648,0.4548303949424193
-2.9202274203963262e-05,0.0,-2.9202274203963262e-05,0.0,0.0,0.02,0.02,-0.02,-0.0003078367300768381,0.01059533119169398,0.007749455549424411,0.45438254471082384
0.001054351758986245,2e-05,0.001034351758986245,0.02,0.0,0.02,0.02,-0.02,-0.025687438857325606,0.011660854156759326,0.008791822971389252,0.41702318201840294
0.0,0.0,0.0,0.0,0.0,0.0,0.0,0.0,0.011058430152673493,0.011660854156759326,0.008791822971389252,0.43269323390147263
0.0,0.0,0.0,0.0,0.0,0.0,0.0,0.0,-0.003923628065321205,0.011660854156759326,0.008791822971389252,0.427071878519941
0.0,0.0,0.0,0.0,0.0,0.0,0.0,0.0,0.007041585267308248,0.011660854156759326,0.008791822971389252,0.43712072683511694
0.0,0.0,0.0,0.0,0.0,0.0,0.0,0.0,0.012772929962008517,0.011660854156759326,0.008791822971389252,0.4554769692259326
0.0,0.0,0.0,0.0,0.0,0.0,0.0,0.0,-0.0004442353243538921,0.011660854156759326,0.008791822971389252,0.45483039494241884
0.0,0.0,0.0,0.0,0.0,0.0,0.0,0.0,-0.0058472282485175775,0.011660854156759326,0.008791822971389252,0.44632366956030944
0.0,0.0,0.0,0.0,0.0,0.0,0.0,0.0,0.01135041074977905,0.011660854156759326,0.008791822971389252,0.46274003728694657
0.0,0.0,0.0,0.0,0.0,0.0,0.0,0.0,0.012855389298900066,0.011660854156759326,0.008791822971389252,0.4815441299093579
0.0,0.0,0.0,0.0,0.0,0.0,0.0,0.0,0.0007722129578071613,0.011660854156759326,0.008791822971389252,0.48268819748403713
0.0,0.0,0.0,0.0,0.0,0.0,0.0,0.0,0.0005033531964668825,0.011660854156759326,0.008791822971389252,0.48343451332760434
0.0,0.0,0.0,0.0,0.0,0.0,0.0,0.0,-0.000234766335858283,0.011660854156759326,0.008791822971389252,0.4830862528424247
0.0,0.0,0.0,0.0,0.0,0.0,0.0,0.0,0.007110975354596816,0.011660854156759326,0.008791822971389252,0.4936324426351284
0.0,0.0,0.0,0.0,0.0,0.0,0.0,0.0,0.0034638086425373693,0.011660854156759326,0.008791822971389252,0.49880609959870226
0.0,0.0,0.0,0.0,0.0,0.0,0.0,0.0,-0.0006638527709471598,0.011660854156759326,0.008791822971389252,0.49781111301637115
0.0,0.0,0.0,0.0,0.0,0.0,0.0,0.0,-0.0030887531538497104,0.011660854156759326,0.008791822971389252,0.4931847442171706
0.0,0.0,0.0,0.0,0.0,0.0,0.0,0.0,0.0025320154462702416,0.011660854156759326,0.008791822971389252,0.4969655110536635
0.0,0.0,0.0,0.0,0.0,0.0,0.0,0.0,0.0005981412593034641,0.011660854156759326,0.008791822971389252,0.49786090788957904
0.0,0.0,0.0,0.0,0.0,0.0,0.0,0.0,-6.648798021979818e-05,0.011660854156759326,0.008791822971389252,0.49776131814316327
0.0,0.0,0.0,0.0,0.0,0.0,0.0,0.0,-0.009299813730052398,0.011660854156759326,0.008791822971389252,0.483832416872354
0.0,0.0,0.0,0.0,0.0,0.0,0.0,0.0,-0.00023470338106901245,0.011660854156759326,0.008791822971389252,0.48348415638717435
0.0,0.0,0.0,0.0,0.0,0.0,0.0,0.0,-0.007846807300026737,0.011660854156759326,0.008791822971389252,0.4718435420793614
0.0,0.0,0.0,0.0,0.0,0.0,0.0,0.0,0.005914759958362437,0.011660854156759326,0.008791822971389252,0.4805491433270268
0.0,0.0,0.0,0.0,0.0,0.0,0.0,0.0,-0.0020831769617608575,0.011660854156759326,0.008791822971389252,0.47746489746089327
0.0,0.0,0.0,0.0,0.0,0.0,0.0,0.0,-0.005387225937763085,0.011660854156759326,0.008791822971389252,0.4695054602431574
0.0,0.0,0.0,0.0,0.0,0.0,0.0,0.0,0.004637762848660021,0.011660854156759326,0.008791822971389252,0.47632067807257616
0.0,0.0,0.0,0.0,0.0,0.0,0.0,0.0,-0.011894729622186517,0.011660854156759326,0.008791822971389252,0.4587602427712598
0.0,0.0,0.0,0.0,0.0,0.0,0.0,0.0,-0.01766468711051683,0.011660854156759326,0.008791822971389252,0.43299169951344396
0.0,0.0,0.0,0.0,0.0,0.0,0.0,0.0,0.008192792783248581,0.011660854156759326,0.008791822971389252,0.4447319035676729
0.0,0.0,0.0,0.0,0.0,0.0,0.0,0.0,0.013532100041580453,0.011660854156759326,0.008791822971389252,0.46428216022001356
0.0,0.0,0.0,0.0,0.0,0.0,0.0,0.0,-0.004314657737100158,0.011660854156759326,0.008791822971389252,0.4579642838681226
0.0,0.0,0.0,0.0,0.0,0.0,0.0,0.0,-0.015524730453905788,0.011660854156759326,0.008791822971389252,0.43532978134964817
0.0,0.0,0.0,0.0,0.0,0.0,0.0,0.0,0.009496379045393022,0.011660854156759326,0.008791822971389252,0.44896021700848543
0.0,0.0,0.0,0.0,0.0,0.0,0.0,0.0,0.006763488498674919,0.011660854156759326,0.008791822971389252,0.4587602427712598
0.0,0.0,0.0,0.0,0.0,0.0,0.0,0.0,0.010366964418775604,0.011660854156759326,0.008791822971389252,0.47388315830359384
0.0,0.0,0.0,0.0,0.0,0.0,0.0,0.0,-0.0011137659431119662,0.011660854156759326,0.008791822971389252,0.47224159743774896
0.0,0.0,0.0,0.0,0.0,0.0,0.0,0.0,0.009900295843649376,0.011660854156759326,0.008791822971389252,0.48681722480570966
0.0,0.0,0.0,0.0,0.0,0.0,0.0,0.0,-0.0016060324494318046,0.011660854156759326,0.008791822971389252,0.48442934809629756
0.0,0.0,0.0,0.0,0.0,0.0,0.0,0.0,0.002949078085831891,0.011660854156759326,0.008791822971389252,0.488807046156734
0.0,0.0,0.0,0.0,0.0,0.0,0.0,0.0,-0.0043771637394312,0.011660854156759326,0.008791822971389252,0.482290293939287
0.0,0.0,0.0,0.0,0.0,0.0,0.0,0.0,0.00677916906197451,0.011660854156759326,0.008791822971389252,0.4923389904408253
0.0,0.0,0.0,0.0,0.0,0.0,0.0,0.0,-0.0032667105591902557,0.011660854156759326,0.008791822971389252,0.4874639509028609
0.0,0.0,0.0,0.0,0.0,0.0,0.0,0.0,0.002909585260605363,0.011660854156759326,0.008791822971389252,0.49179185409008963
0.0,0.0,0.0,0.0,0.0,0.0,0.0,0.0,0.001633954336390353,0.011660854156759326,0.008791822971389252,0.49422937385907195
0.0,2e-05,-2e-05,0.02,0.0,0.0,0.0,0.0,0.004094986204758122,0.011660854156759326,0.008771647134929728,0.5003482225317692
-0.00017884178291841747,0.0,-0.00017884178291841747,0.0,0.0,0.02,0.02,-0.02,0.005636543949106176,0.011479926925893169,0.008591236614998499,0.5088050012270329
0.0001617255858119737,2e-05,0.0001417255858119737,0.02,0.0,0.02,0.02,-0.02,-0.0002967238427720176,0.011643509109612316,0.008734179798852715,0.5083573028090751
-0.0001966956297038669,0.0,-0.0001966956297038669,0.0,0.0,0.04,0.04,-0.04,0.003067257740736906,0.011444523252552186,0.008535766194153416,0.5129838234219133
6.755747735514017e-05,0.0,6.755747735514017e-05,0.0,0.0,0.04,0.04,-0.04,-0.0026633393738347833,0.011512853893027808,0.008603900326340064,0.5089542340330186
-0.0003800750352620419,2e-05,-0.0004000750352620419,0.02,0.0,0.04,0.04,-0.04,0.009263931034073414,0.011128403109416318,0.008200383085351648,0.5229330819906737
-0.000272902351244797,0.0,-0.000272902351244797,0.0,0.0,0.02,0.02,-0.02,0.004017705657205495,0.010852463790797406,0.007925242830281842,0.5290517788497331
-2.838046530427185e-05,2e-05,-4.838046530427185e-05,0.02,0.0,0.02,0.02,-0.02,-0.0011061468044758493,0.010823775327521101,0.007876478938041664,0.5273604231106803
0.0,0.0,0.0,0.0,0.0,0.0,0.0,0.0,0.00022801460605514912,0.010823775327521101,0.007876478938041664,0.5277086835958602
0.0,0.0,0.0,0.0,0.0,0.0,0.0,0.0,0.003516725987630087,0.010823775327521101,0.007876478938041664,0.5330812164249898
0.0,0.0,0.0,0.0,0.0,0.0,0.0,0.0,0.0024661229920417416,0.010823775327521101,0.007876478938041664,0.5368619832614829
0.0,0.0,0.0,0.0,0.0,0.0,0.0,0.0,-0.0019097440707844804,0.010823775327521101,0.007876478938041664,0.5339269702013352
0.0,0.0,0.0,0.0,0.0,0.0,0.0,0.0,0.0021079743266363415,0.010823775327521101,0.007876478938041664,0.5371604488734547
0.0,0.0,0.0,0.0,0.0,0.0,0.0,0.0,0.00032364434794707186,0.010823775327521101,0.007876478938041664,0.5376579421646204
0.0,0.0,0.0,0.0,0.0,0.0,0.0,0.0,0.001455780267123119,0.010823775327521101,0.007876478938041664,0.5398964342544088
0.0,2e-05,-2e-05,0.02,0.0,0.0,0.0,0.0,0.007236378098167684,0.010823775327521101,0.007856321408462819,0.551039707084694
-0.000792399226673326,0.0,-0.000792399226673326,0.0,0.0,0.02,0.02,-0.02,0.0007376133373333538,0.01002279934964867,0.007057696838780991,0.5521837746593732
0.00040418394718366057,0.0,0.00040418394718366057,0.0,0.0,0.02,0.02,-0.02,-0.00028843132190059517,0.010431034351435109,0.007464733393730771,0.5517360762414156
-0.0003067457545237984,0.0,-0.0003067457545237984,0.0,0.0,0.02,0.02,-0.02,-0.0037187948877845933,0.010121088921408727,0.0071556978639297775,0.5459654880538982
9.470629919994033e-05,0.0,9.470629919994033e-05,0.0,0.0,0.02,0.02,-0.02,-0.0016089069655242927,0.01021675375148412,0.00725108185279244,0.5434781734117082
-6.756214106194758e-05,2e-05,-8.756214106194758e-05,0.02,0.0,0.02,0.02,-0.02,0.0022238774803831074,0.010148501344664052,0.007162884791478419,0.5469106797630214
0.0,0.0,0.0,0.0,0.0,0.0,0.0,0.0,0.007750204940617067,0.010148501344664052,0.007162884791478419,0.558899554556014
0.0,0.0,0.0,0.0,0.0,0.0,0.0,0.0,0.002265665080068091,0.010148501344664052,0.007162884791478419,0.5624314988401053
0.0,0.0,0.0,0.0,0.0,0.0,0.0,0.0,0.004457540989293074,0.010148501344664052,0.007162884791478419,0.5693961012891477
0.0,0.0,0.0,0.0,0.0,0.0,0.0,0.0,-0.0037086768954913696,0.010148501344664052,0.007162884791478419,0.5635757182284225
0.0,0.0,0.0,0.0,0.0,0.0,0.0,0.0,-0.00849474382264448,0.010148501344664052,0.007162884791478419,0.5502935430547646
0.0,0.0,0.0,0.0,0.0,0.0,0.0,0.0,-0.006706542026788553,0.010148501344664052,0.007162884791478419,0.539896434254409
0.0,0.0,0.0,0.0,0.0,0.0,0.0,0.0,0.00617025920668679,0.010148501344664052,0.007162884791478419,0.5493979944052114
0.0,0.0,0.0,0.0,0.0,0.0,0.0,0.0,0.001797975900460047,0.010148501344664052,0.007162884791478419,0.5521837746593732
0.0,0.0,0.0,0.0,0.0,0.0,0.0,0.0,0.009134049752789197,0.010148501344664052,0.007162884791478419,0.566361498482584
0.0,0.0,0.0,0.0,0.0,0.0,0.0,0.0,-0.00314412376449702,0.010148501344664052,0.007162884791478419,0.5614366640714117
0.0,0.0,0.0,0.0,0.0,0.0,0.0,0.0,-0.001115095253188536,0.010148501344664052,0.007162884791478419,0.559695513459151
0.0,0.0,0.0,0.0,0.0,0.0,0.0,0.0,0.002838690561996371,0.010148501344664052,0.007162884791478419,0.5641230063927956
0.0,0.0,0.0,0.0,0.0,0.0,0.0,0.0,0.008619017045176092,0.010148501344664052,0.007162884791478419,0.577604209245647
0.0,0.0,0.0,0.0,0.0,0.0,0.0,0.0,0.0005991310771003011,0.010148501344664052,0.007162884791478419,0.5785494009547703
0.0,0.0,0.0,0.0,0.0,0.0,0.0,0.0,0.0068700133160966015,0.010148501344664052,0.007162884791478419,0.5893940563594458
0.0,0.0,0.0,0.0,0.0,0.0,0.0,0.0,0.00021911525577067437,0.010148501344664052,0.007162884791478419,0.5897423168446254
0.0,0.0,0.0,0.0,0.0,0.0,0.0,0.0,6.254971747576832e-05,0.010148501344664052,0.007162884791478419,0.5898417547774033
0.0,0.0,0.0,0.0,0.0,0.0,0.0,0.0,0.004098994253902477,0.010148501344664052,0.007162884791478419,0.59635850699485
0.0,0.0,0.0,0.0,0.0,0.0,0.0,0.0,-0.0005297068039554764,0.010148501344664052,0.007162884791478419,0.5955129050321426
0.0,0.0,0.0,0.0,0.0,0.0,0.0,0.0,0.001527734286131066,0.010148501344664052,0.007162884791478419,0.5979504248011247
0.0,0.0,0.0,0.0,0.0,0.0,0.0,0.0,3.116171342676388e-05,0.010148501344664052,0.007162884791478419,0.5980002196743326
0.0,0.0,0.0,0.0,0.0,0.0,0.0,0.0,0.005323261826712944,0.010148501344664052,0.007162884791478419,0.6065067932428039
0.0,0.0,0.0,0.0,0.0,0.0,0.0,0.0,-0.0002477769531146201,0.010148501344664052,0.007162884791478419,0.6061087378844163
0.0,0.0,0.0,0.0,0.0,0.0,0.0,0.0,-0.005513222015910757,0.010148501344664052,0.007162884791478419,0.5972539038307654
0.0,0.0,0.0,0.0,0.0,0.0,0.0,0.0,0.0024292974084865193,0.010148501344664052,0.007162884791478419,0.6011341086000364
0.0,0.0,0.0,0.0,0.0,0.0,0.0,0.0,0.009351922893854558,0.010148501344664052,0.007162884791478419,0.6161077913263844
0.0,0.0,0.0,0.0,0.0,0.0,0.0,0.0,-0.007572233484322677,0.010148501344664052,0.007162884791478419,0.6038702457946279
0.0,0.0,0.0,0.0,0.0,0.0,0.0,0.0,0.0038150521769082513,0.010148501344664052,0.007162884791478419,0.609989094467325
0.0,0.0,0.0,0.0,0.0,0.0,0.0,0.0,-0.0028117773480448305,0.010148501344664052,0.007162884791478419,0.6054621636009025
0.0,0.0,0.0,0.0,0.0,0.0,0.0,0.0,0.005329536027487647,0.010148501344664052,0.007162884791478419,0.6140185320425817
0.0,0.0,0.0,0.0,0.0,0.0,0.0,0.0,0.006780649119067839,0.010148501344664052,0.007162884791478419,0.6249626253800353
0.0,0.0,0.0,0.0,0.0,0.0,0.0,0.0,-0.002877705369570993,0.010148501344664052,0.007162884791478419,0.6202864617076271
0.0,0.0,0.0,0.0,0.0,0.0,0.0,0.0,0.006877347366428754,0.010148501344664052,0.007162884791478419,0.6314297345379123
0.0,0.0,0.0,0.0,0.0,0.0,0.0,0.0,-0.0015246225991427664,0.010148501344664052,0.007162884791478419,0.6289424198957223
0.0,0.0,0.0,0.0,0.0,0.0,0.0,0.0,0.0022598570981489097,0.010148501344664052,0.007162884791478419,0.6326235969857996
0.0,0.0,0.0,0.0,0.0,0.0,0.0,0.0,0.008318385587676502,0.010148501344664052,0.007162884791478419,0.6462043895850669
0.0,0.0,0.0,0.0,0.0,0.0,0.0,0.0,0.0031125309364881115,0.010148501344664052,0.007162884791478419,0.6513282516754328
0.0,0.0,0.0,0.0,0.0,0.0,0.0,0.0,-0.001958199699227836,0.010148501344664052,0.007162884791478419,0.6480946211896756
0.0,0.0,0.0,0.0,0.0,0.0,0.0,0.0,0.00012076228915192111,0.010148501344664052,0.007162884791478419,0.6482936488688695
0.0,0.0,0.0,0.0,0.0,0.0,0.0,0.0,0.0011468729613461903,0.010148501344664052,0.007162884791478419,0.650184032287116
0.0,0.0,0.0,0.0,0.0,0.0,0.0,0.0,-0.008893079091328304,0.010148501344664052,0.007162884791478419,0.6355088151727395
0.0,0.0,0.0,0.0,0.0,0.0,0.0,0.0,-0.016029410194896898,0.010148501344664052,0.007162884791478419,0.6092925734969659
0.0,0.0,0.0,0.0,0.0,0.0,0.0,0.0,0.010479179747874712,0.010148501344664052,0.007162884791478419,0.6261566396415605
0.0,0.0,0.0,0.0,0.0,0.0,0.0,0.0,-0.0008260256329346571,0.010148501344664052,0.007162884791478419,0.6248133925740498
0.0,0.0,0.0,0.0,0.0,0.0,0.0,0.0,0.003245354156022895,0.010148501344664052,0.007162884791478419,0.6300864874704015
0.0,4e-05,-4e-05,0.04,0.0,0.0,0.0,0.0,-0.018157903510881312,0.010148501344664052,0.0071225982760867446,0.6004875343165226
0.0004025173668185267,0.0,0.0004025173668185267,0.0,0.02,0.02,0.04,0.0,0.0074285396116215985,0.010555103659521059,0.007527982612408168,0.6123768193630994
0.0007040344526498066,2e-05,0.0006840344526498066,0.02,0.02,0.02,0.04,0.0,0.015241276427948147,0.011266569268798543,0.008217166464523862,0.6369515001730282
-0.0010072294094029344,0.0,-0.0010072294094029344,0.0,0.04,0.02,0.06,0.02,0.011548008938072396,0.010247991839485104,0.0072016604833959885,0.6558550307282174
0.0007863944529445167,0.0,0.0007863944529445167,0.0,0.04,0.02,0.06,0.02,0.0033648551464744436,0.011042445256365996,0.007993718282196527,0.6614267430501788
0.00045844488216933993,4e-05,0.00041844488216933993,0.04,0.04,0.02,0.06,0.02,-0.005329656628371482,0.011505952491049909,0.00841550809487046,0.6525719089965278
0.00039956486282811455,0.0,0.00039956486282811455,0.0,0.02,0.0,0.02,0.02,0.007465323231850007,0.0119101147282068,0.008818435499036159,0.6649088924610624
1.855943580933328e-05,2e-05,-1.4405641906667226e-06,0.02,0.02,0.0,0.02,0.02,0.001733049786473595,0.011928895209025958,0.0088169822313231,0.66779426246164
0.0,0.0,0.0,0.0,0.0,0.0,0.0,0.0,0.006442771577855,0.011928895209025958,0.0088169822313231,0.6785394799335376
0.0,0.0,0.0,0.0,0.0,0.0,0.0,0.0,-0.0010669665544831286,0.011928895209025958,0.0088169822313231,0.676748534448069
0.0,2e-05,-2e-05,0.02,0.0,0.0,0.0,0.0,0.0016021140118473998,0.011928895209025958,0.008796805891678527,0.6794348767694529
0.0004679247001745912,2e-05,0.0004479247001745912,0.02,0.02,0.0,0.02,0.02,-0.0025769997081124263,0.012402401733914603,0.00924867089849446,0.6751069735822242
0.001548651357940778,0.0,0.001548651357940778,0.0,0.02,0.02,0.04,0.0,0.00478123511131856,0.013970260088142394,0.010811645223181454,0.68311605385953
-0.00038301446443401944,0.0,-0.00038301446443401944,0.0,0.02,0.02,0.04,0.0,-0.004108246574168639,0.013581894812022766,0.010424489742242748,0.6762013980973334
-0.001099092580075436,0.0,-0.001099092580075436,0.0,0.02,0.02,0.04,0.0,-0.010298267087080704,0.012467874472136042,0.009313939682840555,0.658939428407989
-0.0010327717948165139,2e-05,-0.001052771794816514,0.02,0.02,0.02,0.04,0.0,-0.03316539880720826,0.011422226208223307,0.008251362435027332,0.603920040667836
0.00033184323365633263,2e-05,0.00031184323365633263,0.02,0.0,0.02,0.02,-0.02,-0.030302149756096908,0.01175785983036004,0.008565778800227575,0.5553178153987142
0.0,0.0,0.0,0.0,0.0,0.0,0.0,0.0,-0.0036782149973914047,0.01175785983036004,0.008565778800227575,0.5495970220844046
0.0,0.0,0.0,0.0,0.0,0.0,0.0,0.0,-0.044911686145666097,0.01175785983036004,0.008565778800227575,0.48000200697629114
0.0,0.0,0.0,0.0,0.0,0.0,0.0,0.0,-0.004201539306138757,0.01175785983036004,0.008565778800227575,0.47378372037081595
0.0,0.0,0.0,0.0,0.0,0.0,0.0,0.0,0.043306508301324875,0.01175785983036004,0.008565778800227575,0.537608147291412
0.0,0.0,0.0,0.0,0.0,0.0,0.0,0.0,-0.02863245724019159,0.01175785983036004,0.008565778800227575,0.4935826477619205
0.0,0.0,0.0,0.0,0.0,0.0,0.0,0.0,0.04203302533861675,0.01175785983036004,0.008565778800227575,0.5563624450406157
0.0,0.0,0.0,0.0,0.0,0.0,0.0,0.0,-0.033241687602835635,0.01175785983036004,0.008565778800227575,0.5046263308457901
0.0,0.0,0.0,0.0,0.0,0.0,0.0,0.0,-0.016531112018967953,0.01175785983036004,0.008565778800227575,0.4797531844238896
0.0,0.0,0.0,0.0,0.0,0.0,0.0,0.0,-0.07809447030209493,0.01175785983036004,0.008565778800227575,0.3641926433084677
0.0,0.0,0.0,0.0,0.0,0.0,0.0,0.0,0.05174489250964487,0.01175785983036004,0.008565778800227575,0.4347826449989127
0.0,0.0,0.0,0.0,0.0,0.0,0.0,0.0,-0.04874844817138435,0.01175785983036004,0.008565778800227575,0.36483921759198146
0.0,0.0,0.0,0.0,0.0,0.0,0.0,0.0,-0.09567716191402487,0.01175785983036004,0.008565778800227575,0.23425527478382246
0.0,0.0,0.0,0.0,0.0,0.0,0.0,0.0,0.08548630309818428,0.01175785983036004,0.008565778800227575,0.3397671953045249
0.0,0.0,0.0,0.0,0.0,0.0,0.0,0.0,-0.10942373540494488,0.01175785983036004,0.008565778800227575,0.19316486422129753
0.0,0.0,0.0,0.0,0.0,0.0,0.0,0.0,0.05399206428476466,0.01175785983036004,0.008565778800227575,0.2575862982726562
0.0,0.0,0.0,0.0,0.0,0.0,0.0,0.0,-0.05063292285300003,0.01175785983036004,0.008565778800227575,0.19391102825122686
0.0,0.0,0.0,0.0,0.0,0.0,0.0,0.0,0.002124977111816362,0.01175785983036004,0.008565778800227575,0.1964480618598059
0.0,0.0,0.0,0.0,0.0,0.0,0.0,0.0,-0.0486881698163496,0.01175785983036004,0.008565778800227575,0.13819519544753334
0.0,0.0,0.0,0.0,0.0,0.0,0.0,0.0,-0.025568208153355143,0.01175785983036004,0.008565778800227575,0.10909358377118217
0.0,0.0,0.0,0.0,0.0,0.0,0.0,0.0,0.09060326182884682,0.01175785983036004,0.008565778800227575,0.20958108013429655
0.0,0.0,0.0,0.0,0.0,0.0,0.0,0.0,0.014970180880194084,0.01175785983036004,0.008565778800227575,0.22768872769316761
0.0,0.0,0.0,0.0,0.0,0.0,0.0,0.0,0.05838980231338309,0.01175785983036004,0.008565778800227575,0.2993732298055405
0.0,0.0,0.0,0.0,0.0,0.0,0.0,0.0,-0.029785657253030173,0.01175785983036004,0.008565778800227575,0.26067054413878976
0.0,0.0,0.0,0.0,0.0,0.0,0.0,0.0,0.03247571536186511,0.01175785983036004,0.008565778800227575,0.3016117218953287
0.0,0.0,0.0,0.0,0.0,0.0,0.0,0.0,-0.01490538500844496,0.01175785983036004,0.008565778800227575,0.2822106980489738
0.0,0.0,0.0,0.0,0.0,0.0,0.0,0.0,-0.045004873340506735,0.01175785983036004,0.008565778800227575,0.2245049679874369
0.0,0.0,0.0,0.0,0.0,0.0,0.0,0.0,0.023075393359379692,0.01175785983036004,0.008565778800227575,0.2527609017942616
0.0,0.0,0.0,0.0,0.0,0.0,0.0,0.0,-0.014454192761712337,0.01175785983036004,0.008565778800227575,0.23465325423539074
0.0,0.0,0.0,0.0,0.0,0.0,0.0,0.0,0.06716621437679282,0.01175785983036004,0.008565778800227575,0.31758023939036994
0.0,0.0,0.0,0.0,0.0,0.0,0.0,0.0,0.0010194802770664424,0.01175785983036004,0.008565778800227575,0.31892348645788093
0.0,0.0,0.0,0.0,0.0,0.0,0.0,0.0,0.03356841448563386,0.01175785983036004,0.008565778800227575,0.36319765672613635
0.0,0.0,0.0,0.0,0.0,0.0,0.0,0.0,0.015217361041894195,0.01175785983036004,0.008565778800227575,0.383941927640002
0.0,0.0,0.0,0.0,0.0,0.0,0.0,0.0,-0.009130152528647795,0.01175785983036004,0.008565778800227575,0.371306326749858
0.0,2e-05,-2e-05,0.02,0.0,0.0,0.0,0.0,0.029492870836560936,0.01175785983036004,0.008545607484651496,0.4117500871220503
-0.0009863872428214982,2e-05,-0.0010063872428214982,0.02,0.02,0.0,0.02,0.02,-0.021248101052656954,0.010759874784598944,0.007530620051475312,0.3817530786097838
-6.819156561176153e-05,0.0,-6.819156561176153e-05,0.0,0.02,0.02,0.04,0.0,0.004824295401707923,0.01069094948627991,0.007461914961092164,0.38841906363321677
6.10829124455003e-05,0.0,6.10829124455003e-05,0.0,0.02,0.02,0.04,0.0,0.027015436689475925,0.010752685433056852,0.00752345366903584,0.42592781094526133
-5.90413695606551e-05,0.0,-5.90413695606551e-05,0.0,0.02,0.02,0.04,0.0,-0.017617980925449972,0.01069300921022176,0.0074639681044665895,0.40080584197095903
0.00018435643409089094,2e-05,0.00016435643409089094,0.02,0.02,0.02,0.04,0.0,-0.030363251195576146,0.010879336969360276,0.0076295512897393,0.35827282231496427
-0.00014787416998601532,2e-05,-0.00016787416998601532,0.02,0.0,0.02,0.02,-0.02,0.022194540612888725,0.010729854026449992,0.007460396315163154,0.38841906363321677
0.0,0.0,0.0,0.0,0.0,0.0,0.0,0.0,-7.172888144824086e-05,0.010729854026449992,0.007460396315163154,0.388319473886801
0.0,0.0,0.0,0.0,0.0,0.0,0.0,0.0,0.013938708741589423,0.010729854026449992,0.007460396315163154,0.4076708546735859
0.0,0.0,0.0,0.0,0.0,0.0,0.0,0.0,0.014418442077481775,0.010729854026449992,0.007460396315163154,0.4279672753558563
0.0,0.0,0.0,0.0,0.0,0.0,0.0,0.0,-0.004598421399664487,0.010729854026449992,0.007460396315163154,0.42140088007883936
0.0,2e-05,-2e-05,0.02,0.0,0.0,0.0,0.0,0.026178490817010847,0.010729854026449992,0.007440247107236786,0.4586110099652745
-6.735249248218889e-05,0.0,-6.735249248218889e-05,0.0,0.0,0.02,0.02,-0.02,-0.009310666581320293,0.01066177885155506,0.0073723934955671755,0.4450303691796449
0.0004363263651868921,6e-05,0.0003763263651868921,0.06,0.0,0.02,0.02,-0.02,-0.026473430702838252,0.011102757231954863,0.007751494286800886,0.4067754578376708
0.0009071619215749572,0.0,0.0009071619215749572,0.0,0.04,0.04,0.08,0.0,0.0027582260890697263,0.012019991152115272,0.008665688068828281,0.41065566260694175
-0.00011565452313810453,0.0,-0.00011565452313810453,0.0,0.04,0.04,0.08,0.0,0.00923932379841541,0.011902946462632347,0.008549031319668998,0.42368916704183546
-0.0012217241759657615,2e-05,-0.0012417241759657615,0.02,0.04,0.04,0.08,0.0,-0.006778721915009722,0.01066668016920791,0.007296691604832484,0.41403837408504707
0.000549823441587347,0.0,0.000549823441587347,0.0,0.04,0.02,0.06,0.02,0.01206681680134114,0.011222368401596183,0.007850526938510072,0.43110131609519753
0.0013866335002817153,6e-05,0.0013266335002817154,0.06,0.04,0.02,0.06,0.02,0.0165461967700673,0.012624563213855966,0.009187575210823251,0.45478060006921095
0.0,0.0,0.0,0.0,0.0,0.0,0.0,0.0,0.00020516194122843778,0.012624563213855966,0.009187575210823251,0.4550790656811827
0.0,0.0,0.0,0.0,0.0,0.0,0.0,0.0,-0.01993157802483969,0.012624563213855966,0.009187575210823251,0.42607704375124733
0.0,0.0,0.0,0.0,0.0,0.0,0.0,0.0,-0.01768586558320595,0.012624563213855966,0.009187575210823251,0.40085563684416714
0.0,0.0,0.0,0.0,0.0,0.0,0.0,0.0,0.011967311946537107,0.012624563213855966,0.009187575210823251,0.41762011324234627
0.0,0.0,0.0,0.0,0.0,0.0,0.0,0.0,0.004596966533256808,0.012624563213855966,0.009187575210823251,0.424136865459793
0.0,0.0,0.0,0.0,0.0,0.0,0.0,0.0,0.030459694208066823,0.012624563213855966,0.009187575210823251,0.4675156388921331
0.0,0.0,0.0,0.0,0.0,0.0,0.0,0.0,-0.010271182302701298,0.012624563213855966,0.009187575210823251,0.45244251823300674
0.0,0.0,0.0,0.0,0.0,0.0,0.0,0.0,0.016988017379665044,0.012624563213855966,0.009187575210823251,0.4771166369757136
0.0,0.0,0.0,0.0,0.0,0.0,0.0,0.0,-0.006903943163488857,0.012624563213855966,0.009187575210823251,0.46691870766818955
0.0,2e-05,-2e-05,0.02,0.0,0.0,0.0,0.0,0.0018990692801170717,0.012624563213855966,0.009167391459319107,0.4697044879223513
-0.0006835624845940847,0.0,-0.0006835624845940847,0.0,0.02,0.0,0.02,0.02,0.012320552737543622,0.011932371051464497,0.008477562489841883,0.4878120595744031
-0.0004416258087129044,0.0,-0.0004416258087129044,0.0,0.02,0.0,0.02,0.02,0.014879003633885723,0.011485475599736228,0.008032192770738522,0.5099492206153498
-8.97333627313679e-05,0.0,-8.97333627313679e-05,0.0,0.02,0.0,0.02,0.02,-0.0018449496288533984,0.011394711606656838,0.007941738652339714,0.507163440361188
0.0009155160566631082,2e-05,0.0008955160566631082,0.02,0.02,0.0,0.02,0.02,0.004455906849114788,0.012320659704756931,0.00884436666348365,0.5138792202578288
-0.00014437776425055396,2e-05,-0.00016437776425055396,0.02,0.02,0.02,0.04,0.0,0.004041733830006056,0.01217450311120416,0.00867853508201466,0.519997917116888
7.784956850824365e-05,0.0,7.784956850824365e-05,0.0,0.0,0.02,0.02,-0.02,0.008280146883890893,0.01225330045952644,0.008757060270734307,0.5325837231338242
2.930617700473759e-05,0.0,2.930617700473759e-05,0.0,0.0,0.02,0.02,-0.02,0.01330825201965502,0.012282965733923401,0.008786623083697265,0.5529797335625104
-0.00026806582019470507,0.0,-0.00026806582019470507,0.0,0.0,0.02,0.02,-0.02,-0.002626713253435109,0.012011607270444813,0.008516201870178985,0.5489005011140455
-8.302548961685475e-05,2e-05,-0.00010302548961685475,0.02,0.0,0.02,0.02,-0.02,0.025629532893630236,0.011927584511253198,0.008412298994694867,0.5885980974563083
0.0,0.0,0.0,0.0,0.0,0.0,0.0,0.0,0.012087480157219055,0.011927584511253198,0.008412298994694867,0.6078002454371074
0.0,0.0,0.0,0.0,0.0,0.0,0.0,0.0,-0.007456694217466864,0.011927584511253198,0.008412298994694867,0.5958113706441148
0.0,0.0,0.0,0.0,0.0,0.0,0.0,0.0,-0.0055800009265912776,0.011927584511253198,0.008412298994694867,0.5869067417172558
0.0,0.0,0.0,0.0,0.0,0.0,0.0,0.0,-0.057648948741183426,0.011927584511253198,0.008412298994694867,0.4954232363069593
0.0,0.0,0.0,0.0,0.0,0.0,0.0,0.0,0.011975670399988259,0.011927584511253198,0.008412298994694867,0.5133319320934553
0.0,0.0,0.0,0.0,0.0,0.0,0.0,0.0,0.009335644514194108,0.011927584511253198,0.008412298994694867,0.5274598610434584
0.0,0.0,0.0,0.0,0.0,0.0,0.0,0.0,0.019247692222981838,0.011927584511253198,0.008412298994694867,0.5568599383317816
0.0,0.0,0.0,0.0,0.0,0.0,0.0,0.0,-0.004153846588902832,0.011927584511253198,0.008412298994694867,0.5503929809875427
0.0,0.0,0.0,0.0,0.0,0.0,0.0,0.0,0.00038501930237289095,0.011927584511253198,0.008412298994694867,0.5509899122114863
0.0,0.0,0.0,0.0,0.0,0.0,0.0,0.0,-0.010071153195051807,0.011927584511253198,0.008412298994694867,0.5353696552016245
0.0,0.0,0.0,0.0,0.0,0.0,0.0,0.0,0.006415177471415401,0.011927584511253198,0.008412298994694867,0.5452193240239689
0.0,0.0,0.0,0.0,0.0,0.0,0.0,0.0,0.00460367232715253,0.011927584511253198,0.008412298994694867,0.5523330074653594
0.0,0.0,0.0,0.0,0.0,0.0,0.0,0.0,-0.025508706189596886,0.011927584511253198,0.008412298994694867,0.5127350008695122
0.0,0.0,0.0,0.0,0.0,0.0,0.0,0.0,0.010720542618582574,0.011927584511253198,0.008412298994694867,0.5289523409169554
0.0,0.0,0.0,0.0,0.0,0.0,0.0,0.0,-0.023751482562483606,0.011927584511253198,0.008412298994694867,0.49263745605279796
0.0,0.0,0.0,0.0,0.0,0.0,0.0,0.0,0.014697563211208076,0.011927584511253198,0.008412298994694867,0.5145755894145507
0.0,0.0,0.0,0.0,0.0,0.0,0.0,0.0,0.012809544787298677,0.011927584511253198,0.008412298994694867,0.5339766132609056
0.0,0.0,0.0,0.0,0.0,0.0,0.0,0.0,0.007004811793744015,0.011927584511253198,0.008412298994694867,0.544721830732803
0.0,0.0,0.0,0.0,0.0,0.0,0.0,0.0,0.005506962621272482,0.011927584511253198,0.008412298994694867,0.5532285561149122
0.0,0.0,0.0,0.0,0.0,0.0,0.0,0.0,0.01543726303379489,0.011927584511253198,0.008412298994694867,0.5772061538872595
0.0,0.0,0.0,0.0,0.0,0.0,0.0,0.0,-0.010313796371464123,0.011927584511253198,0.008412298994694867,0.5609391707802462
0.0,0.0,0.0,0.0,0.0,0.0,0.0,0.0,0.007648651621585456,0.011927584511253198,0.008412298994694867,0.5728782507000307
0.0,0.0,0.0,0.0,0.0,0.0,0.0,0.0,-0.005692921230517234,0.011927584511253198,0.008412298994694867,0.5639239787136017
0.0,0.0,0.0,0.0,0.0,0.0,0.0,0.0,0.01021054585285941,0.011927584511253198,0.008412298994694867,0.5798924962086431
0.0,0.0,0.0,0.0,0.0,0.0,0.0,0.0,-0.008658962913536516,0.011927584511253198,0.008412298994694867,0.5662122656765978
0.0,2e-05,-2e-05,0.02,0.0,0.0,0.0,0.0,0.012959017714715637,0.011927584511253198,0.008392130748714921,0.5865088381725057
-0.0003095416529132722,0.0,-0.0003095416529132722,0.0,0.0,0.02,0.02,-0.02,0.009187233639839087,0.0116143507741151,0.008079991381778173,0.6010844655404661
-5.615136265357368e-05,2e-05,-7.615136265357369e-05,0.02,0.0,0.02,0.02,-0.02,-0.0032934520381920906,0.011557547249839262,0.00800322471677073,0.5958113706441142
-0.00022343553982595576,0.0,-0.00022343553982595576,0.0,0.02,0.02,0.04,0.0,0.0028990699554503063,0.011331529343204583,0.007778000972109789,0.6004377394433145
0.0004853022959618958,0.0,0.0004853022959618958,0.0,0.02,0.02,0.04,0.0,0.008081580547216305,0.011822330856373409,0.008267077949801527,0.6133718059454305
0.0002787580385389266,2e-05,0.0002587580385389266,0.02,0.02,0.02,0.04,0.0,0.0021275358467678362,0.012104384464672657,0.008527975161215284,0.6168043122967439
-9.00905896870552e-05,0.0,-9.00905896870552e-05,0.0,0.02,0.0,0.02,0.02,0.005692057260856531,0.012013203383851367,0.008437116281217127,0.6260072550219367
0.00018922373890397194,2e-05,0.00016922373890397195,0.02,0.02,0.0,0.02,0.02,-0.011931695745166393,0.012204700306015948,0.008607767780483666,0.6066062311755818
0.0,0.0,0.0,0.0,0.0,0.0,0.0,0.0,-0.006440384652273368,0.012204700306015948,0.008607767780483666,0.5962590690620717
0.0,0.0,0.0,0.0,0.0,0.0,0.0,0.0,0.0072924342504456785,0.012204700306015948,0.008607767780483666,0.6078996833698844
0.0,0.0,0.0,0.0,0.0,0.0,0.0,0.0,-0.006342391514221224,0.012204700306015948,0.008607767780483666,0.5977017540623604
0.0,0.0,0.0,0.0,0.0,0.0,0.0,0.0,0.012298725050001957,0.012204700306015948,0.008607767780483666,0.6173514486474792
0.0,0.0,0.0,0.0,0.0,0.0,0.0,0.0,-0.0035679247032814887,0.012204700306015948,0.008607767780483666,0.6115808604599617
0.0,0.00012000000000000002,-0.00012000000000000002,0.12000000000000001,0.0,0.0,0.0,0.0,0.007902202821698623,0.012204700306015948,0.008486734848349942,0.6243158992828839
-0.0003223347084772032,0.0,-0.0003223347084772032,0.0,0.08,0.04,0.12,0.04,0.006952160993595191,0.011878431599023465,0.008161664570669469,0.6356084049191548
-0.0009636643785266585,0.0,-0.0009636643785266585,0.0,0.08,0.04,0.12,0.04,0.003862614375942597,0.010903320399092031,0.007190135086726501,0.6419261294574081
0.00017705284376938078,0.0,0.00017705284376938078,0.0,0.08,0.04,0.12,0.04,0.0062109550025213345,0.011082303706744678,0.007368460964360057,0.6521240587649322
0.002503296276892306,0.0,0.002503296276892306,0.0,0.08,0.04,0.12,0.04,0.006684536203731106,0.013613342273245399,0.009890202682150795,0.6631677418488016
-0.00045107849559923314,0.00012000000000000002,-0.0005710784955992331,0.12000000000000001,0.08,0.04,0.12,0.04,0.0007179157167860328,0.01315612309169345,0.009313476104482632,0.6643617561103263
0.0,0.0,0.0,0.0,0.0,0.0,0.0,0.0,0.0029889110742402636,0.01315612309169345,0.009313476104482632,0.6693363853947065
0.0,0.0,0.0,0.0,0.0,0.0,0.0,0.0,-0.008254669579494611,0.01315612309169345,0.009313476104482632,0.6555565651162454
0.0,0.0,0.0,0.0,0.0,0.0,0.0,0.0,0.013942352219447729,0.01315612309169345,0.009313476104482632,0.678638917866315
0.0,0.0,0.0,0.0,0.0,0.0,0.0,0.0,-0.001807775796370037,0.01315612309169345,0.009313476104482632,0.6756043150597515
0.0,0.0,0.0,0.0,0.0,0.0,0.0,0.0,2.9717560858788516e-05,0.01315612309169345,0.009313476104482632,0.6756541099329596
0.0,0.0,0.0,0.0,0.0,0.0,0.0,0.0,0.0031766041320859806,0.01315612309169345,0.009313476104482632,0.6809769997025195
0.0,2e-05,-2e-05,0.02,0.0,0.0,0.0,0.0,0.002160371040858866,0.01315612309169345,0.009293289834960472,0.6846085337330265
-0.0003414741767980134,0.0,-0.0003414741767980134,0.0,0.02,0.0,0.02,0.02,-0.0041637243123001655,0.012810156438592957,0.008948642239666293,0.6775942882244139
-0.0002779235070347319,2e-05,-0.0002979235070347319,0.02,0.02,0.0,0.02,0.02,0.0031135656933312106,0.012528672687955211,0.008648052721752286,0.6828175882475578
-0.0007313022855803686,0.0,-0.0007313022855803686,0.0,0.02,0.02,0.04,0.0,0.0035473933172565086,0.011788208155402824,0.007910426095450562,0.6887872041142689
-0.00010353066841198633,0.0,-0.00010353066841198633,0.0,0.02,0.02,0.04,0.0,0.010133151673383134,0.01168345704592122,0.007806076455337596,0.7058999409976274
-0.00015337915062196839,2e-05,-0.00017337915062196838,0.02,0.02,0.02,0.04,0.0,0.0034993049179556923,0.01152828589658128,0.007631343893810039,0.7118694050507008
-3.607806037454253e-05,0.0,-3.607806037454253e-05,0.0,0.0,0.02,0.02,-0.02,0.010025608090155735,0.011491791918012195,0.007594990509349753,0.7290319368072673
0.00022664940749818064,2e-05,0.00020664940749818065,0.02,0.0,0.02,0.02,-0.02,0.002186550139632537,0.01172104593333989,0.007803209417136525,0.7328125518301223
0.0,0.0,0.0,0.0,0.0,0.0,0.0,0.0,0.006459392204906322,0.01172104593333989,0.007803209417136525,0.7440054677199777
0.0,0.0,0.0,0.0,0.0,0.0,0.0,0.0,-0.0036225371165335973,0.01172104593333989,0.007803209417136525,0.7376877431817246
0.0,0.0,0.0,0.0,0.0,0.0,0.0,0.0,0.009418592562241201,0.01172104593333989,0.007803209417136525,0.7540543160351536
0.0,0.0,0.0,0.0,0.0,0.0,0.0,0.0,0.01446399890877581,0.01172104593333989,0.007803209417136525,0.7794249557482196
0.0,0.0,0.0,0.0,0.0,0.0,0.0,0.0,-0.03441430567094561,0.01172104593333989,0.007803209417136525,0.7181872814025916
0.0,0.0,0.0,0.0,0.0,0.0,0.0,0.0,-0.00816470426074467,0.01172104593333989,0.007803209417136525,0.7041587903853666
0.0,0.0,0.0,0.0,0.0,0.0,0.0,0.0,-0.027322928654060497,0.01172104593333989,0.007803209417136525,0.6575961813404771
0.0,0.0,0.0,0.0,0.0,0.0,0.0,0.0,0.019747358298320528,0.01172104593333989,0.007803209417136525,0.6903293270473354
0.0,0.0,0.0,0.0,0.0,0.0,0.0,0.0,-0.017363647394312287,0.01172104593333989,0.007803209417136525,0.6609790446322203
0.0,0.0,0.0,0.0,0.0,0.0,0.0,0.0,0.0005090985135784987,0.01172104593333989,0.007803209417136525,0.6618246465949276
0.0,0.0,0.0,0.0,0.0,0.0,0.0,0.0,0.013171268420765214,0.01172104593333989,0.007803209417136525,0.6837129850834727
0.0,0.0,0.0,0.0,0.0,0.0,0.0,0.0,0.0050523607393142544,0.01172104593333989,0.007803209417136525,0.6922197104655821
0.0,0.0,0.0,0.0,0.0,0.0,0.0,0.0,-0.003968621719216969,0.01172104593333989,0.007803209417136525,0.6855039305689412
0.0,0.0,0.0,0.0,0.0,0.0,0.0,0.0,-0.008795262741012055,0.01172104593333989,0.007803209417136525,0.6706794806485787
0.0,0.0,0.0,0.0,0.0,0.0,0.0,0.0,-0.015453794955930578,0.01172104593333989,0.007803209417136525,0.644861142517555
0.0,0.0,0.0,0.0,0.0,0.0,0.0,0.0,-0.011129571279935746,0.01172104593333989,0.007803209417136525,0.6265545431863093
0.0,0.0,0.0,0.0,0.0,0.0,0.0,0.0,0.010184379483847206,0.01172104593333989,0.007803209417136525,0.6431199919052943
0.0,0.0,0.0,0.0,0.0,0.0,0.0,0.0,-0.023190958000678163,0.01172104593333989,0.007803209417136525,0.6050144651829441
0.0,0.0,0.0,0.0,0.0,0.0,0.0,0.0,0.002665464023424269,0.01172104593333989,0.007803209417136525,0.6092925734969648
0.0,0.0,0.0,0.0,0.0,0.0,0.0,0.0,0.016166958226671246,0.01172104593333989,0.007803209417136525,0.6353099393071824
0.0,0.0,0.0,0.0,0.0,0.0,0.0,0.0,0.016609348926481804,0.01172104593333989,0.007803209417136525,0.6624713726920792
0.0,0.0,0.0,0.0,0.0,0.0,0.0,0.0,-0.005446025646855923,0.01172104593333989,0.007803209417136525,0.6534175109592344
0.0,0.0,0.0,0.0,0.0,0.0,0.0,0.0,0.007581970599847665,0.01172104593333989,0.007803209417136525,0.6659536739166005
0.0,0.0,0.0,0.0,0.0,0.0,0.0,0.0,0.006420000007290261,0.01172104593333989,0.007803209417136525,0.6766490965152903
0.0,0.0,0.0,0.0,0.0,0.0,0.0,0.0,-0.009494458004693396,0.01172104593333989,0.007803209417136525,0.6607302220798188
0.0,0.0,0.0,0.0,0.0,0.0,0.0,0.0,0.017733086187020408,0.01172104593333989,0.007803209417136525,0.6901800942413499
0.0,0.0,0.0,0.0,0.0,0.0,0.0,0.0,-0.014215967009112207,0.01172104593333989,0.007803209417136525,0.6661525497821568
0.0,0.0,0.0,0.0,0.0,0.0,0.0,0.0,0.017406673685050666,0.01172104593333989,0.007803209417136525,0.6951547235257298
0.0,0.0,0.0,0.0,0.0,0.0,0.0,0.0,0.008862510057295214,0.01172104593333989,0.007803209417136525,0.7101780493116481
0.0,0.0,0.0,0.0,0.0,0.0,0.0,0.0,0.00893015107080064,0.01172104593333989,0.007803209417136525,0.7254501976499683
0.0,0.0,0.0,0.0,0.0,0.0,0.0,0.0,0.016087606959996226,0.01172104593333989,0.007803209417136525,0.7532085622588087
0.0,2e-05,-2e-05,0.02,0.0,0.0,0.0,0.0,-0.006526084160733192,0.01172104593333989,0.007783053352948155,0.7417669756301897
-0.00011113267818550376,0.0,-0.00011113267818550376,0.0,0.02,0.0,0.02,0.02,-0.006283415235342593,0.011608610663928598,0.007671055723199149,0.7308227304790984
0.00029934144516656323,0.0,0.00029934144516656323,0.0,0.02,0.0,0.02,0.02,-0.0012358597557926565,0.01191142704738768,0.007972693433272005,0.7286836763220881
-4.1289634674113175e-05,0.0,-4.1289634674113175e-05,0.0,0.02,0.0,0.02,0.02,-0.0006042919570593552,0.011869645594242417,0.007931074608998667,0.7276390466801868
-0.00033691243197448985,0.0,-0.00033691243197448985,0.0,0.02,0.0,0.02,0.02,-0.015203428401004304,0.011528734131104112,0.00759149009938942,0.7013730101312052
0.00011422839226339576,2e-05,9.422839226339576e-05,0.02,0.02,0.0,0.02,0.02,0.004005716435394158,0.01164427943213231,0.00768643382555978,0.7081882279606238
0.0,0.0,0.0,0.0,0.0,0.0,0.0,0.0,-0.0018929287880528056,0.01164427943213231,0.00768643382555978,0.7049547492885042
0.0,0.0,0.0,0.0,0.0,0.0,0.0,0.0,0.005485292518808249,0.01164427943213231,0.00768643382555978,0.7143069248196829
0.0,0.0,0.0,0.0,0.0,0.0,0.0,0.0,0.003395181444149742,0.01164427943213231,0.00768643382555978,0.7201273078804082
0.0,0.0,0.0,0.0,0.0,0.0,0.0,0.0,-0.018479912526513598,0.01164427943213231,0.00768643382555978,0.6883395056963111
0.0,0.0,0.0,0.0,0.0,0.0,0.0,0.0,-0.0034474008581141247,0.01164427943213231,0.00768643382555978,0.6825191226355856
0.0,0.0,0.0,0.0,0.0,0.0,0.0,0.0,-0.03417892944495127,0.01164427943213231,0.00768643382555978,0.6250124202532426
0.0,0.0,0.0,0.0,0.0,0.0,0.0,0.0,0.010163495031527914,0.01164427943213231,0.00768643382555978,0.6415282259126576
0.0,0.0001,-0.0001,0.1,0.0,0.0,0.0,0.0,-0.010424881286366094,0.01164427943213231,0.0075856651821772925,0.624415489029299
0.0013625281574539726,0.0,0.0013625281574539726,0.0,0.1,0.0,0.1,0.1,0.011208438679286337,0.013022673248185956,0.008958529022035089,0.6426226504277668
0.0004017538962753408,0.0,0.0004017538962753408,0.0,0.1,0.0,0.1,0.1,0.017655924762989716,0.0134296590541787,0.009363882042249916,0.6716246723577022
0.004047364711409098,0.0,0.004047364711409098,0.0,0.1,0.0,0.1,0.1,0.022349224155303826,0.0175313784937301,0.01344914579939882,0.7089841868637607
0.001264604356890635,0.0,0.001264604356890635,0.0,0.1,0.0,0.1,0.1,0.019502769758408034,0.018818153108246305,0.014730758004663835,0.7423141119809249
-0.0006912425959180158,0.0001,-0.0007912425959180158,0.1,0.1,0.0,0.1,0.1,-0.00022837646898088426,0.018113902603323462,0.013927859805542342,0.7419162084361752
0.0,0.0,0.0,0.0,0.0,0.0,0.0,0.0,0.012565666696560118,0.018113902603323462,0.013927859805542342,0.7638045469247199
0.0,0.0,0.0,0.0,0.0,0.0,0.0,0.0,-0.0014665755224853028,0.018113902603323462,0.013927859805542342,0.7612177943497518
0.0,0.0,0.0,0.0,0.0,0.0,0.0,0.0,0.007428552760524454,0.018113902603323462,0.013927859805542342,0.7743010936578534
0.0,0.0,0.0,0.0,0.0,0.0,0.0,0.0,-0.009700905157134287,0.018113902603323462,0.013927859805542342,0.7570887670280788
0.0,0.0,0.0,0.0,0.0,0.0,0.0,0.0,0.01384449694724843,0.018113902603323462,0.013927859805542342,0.7814147770992435
0.0,0.0,0.0,0.0,0.0,0.0,0.0,0.0,0.0124825499707224,0.018113902603323462,0.013927859805542342,0.803651376072968
0.0,0.0,0.0,0.0,0.0,0.0,0.0,0.0,-0.005378305341422029,0.018113902603323462,0.013927859805542342,0.7939507882429715
0.0,0.0,0.0,0.0,0.0,0.0,0.0,0.0,-0.012034818913688627,0.018113902603323462,0.013927859805542342,0.7723609153663984
0.0,0.0,0.0,0.0,0.0,0.0,0.0,0.0,0.004210171789433614,0.018113902603323462,0.013927859805542342,0.7798228592929688
0.0,0.0,0.0,0.0,0.0,0.0,0.0,0.0,-0.006847817696322922,0.018113902603323462,0.013927859805542342,0.7676349568207823
0.0,0.0,0.0,0.0,0.0,0.0,0.0,0.0,0.00599444168323604,0.018113902603323462,0.013927859805542342,0.7782309414866939
0.0,0.0,0.0,0.0,0.0,0.0,0.0,0.0,0.016113718747035932,0.018113902603323462,0.013927859805542342,0.8068848547450873
0.0,0.0,0.0,0.0,0.0,0.0,0.0,0.0,-0.0015417585945479706,0.018113902603323462,0.013927859805542342,0.8040990744909255
0.0,0.0,0.0,0.0,0.0,0.0,0.0,0.0,0.0027850045646777843,0.018113902603323462,0.013927859805542342,0.8091234986485139
0.0,0.0,0.0,0.0,0.0,0.0,0.0,0.0,-0.004427133966767305,0.018113902603323462,0.013927859805542342,0.8011142665575701
0.0,0.0,0.0,0.0,0.0,0.0,0.0,0.0,0.010937390161245952,0.018113902603323462,0.013927859805542342,0.8208137560158966
0.0,0.0,0.0,0.0,0.0,0.0,0.0,0.0,0.002103763604072606,0.018113902603323462,0.013927859805542342,0.8246443177255975
0.0,0.0,0.0,0.0,0.0,0.0,0.0,0.0,-0.00027265220203887,0.018113902603323462,0.013927859805542342,0.8241468244344319
0.0,0.0,0.0,0.0,0.0,0.0,0.0,0.0,0.008617643352887283,0.018113902603323462,0.013927859805542342,0.8398666711907097
0.0,0.0,0.0,0.0,0.0,0.0,0.0,0.0,-0.0020549134867724472,0.018113902603323462,0.013927859805542342,0.8360859043542168
0.0,0.0,0.0,0.0,0.0,0.0,0.0,0.0,0.00292616191324524,0.018113902603323462,0.013927859805542342,0.8414585889969846
0.0,0.0,0.0,0.0,0.0,0.0,0.0,0.0,-0.008968871609766116,0.018113902603323462,0.013927859805542342,0.8249427833375695
0.0,0.0,0.0,0.0,0.0,0.0,0.0,0.0,-0.0003270958571379712,0.018113902603323462,0.013927859805542342,0.824345852113626
0.0,0.0,0.0,0.0,0.0,0.0,0.0,0.0,-0.0011725879542904272,0.018113902603323462,0.013927859805542342,0.8222066461429778
0.0,0.0,0.0,0.0,0.0,0.0,0.0,0.0,-0.004477161303609645,0.018113902603323462,0.013927859805542342,0.8140483330596862
0.0,0.0,0.0,0.0,0.0,0.0,0.0,0.0,0.01351942254777505,0.018113902603323462,0.013927859805542342,0.838573218996407
0.0,0.0,0.0,0.0,0.0,0.0,0.0,0.0,0.0015693527844120592,0.018113902603323462,0.013927859805542342,0.8414585889969846
0.0,0.0,0.0,0.0,0.0,0.0,0.0,0.0,0.00559196242686677,0.018113902603323462,0.013927859805542342,0.8517559562372867
0.0,0.0,0.0,0.0,0.0,0.0,0.0,0.0,-0.008220496558328017,0.018113902603323462,0.013927859805542342,0.8365336027721748
0.0,0.0,0.0,0.0,0.0,0.0,0.0,0.0,-0.003575511540187981,0.018113902603323462,0.013927859805542342,0.82996705568152
0.0,0.0,0.0,0.0,0.0,0.0,0.0,0.0,-0.0016854105960858456,0.018113902603323462,0.013927859805542342,0.8268828098153862
0.0,0.0,0.0,0.0,0.0,0.0,0.0,0.0,0.0008986414840963519,0.018113902603323462,0.013927859805542342,0.8285245224948687
0.0,0.0,0.0,0.0,0.0,0.0,0.0,0.0,0.003890395427502691,0.018113902603323462,0.013927859805542342,0.8356382059362593
0.0,0.0,0.0,0.0,0.0,0.0,0.0,0.0,0.008590822297383172,0.018113902603323462,0.013927859805542342,0.851407847565745
0.0,0.0,0.0,0.0,0.0,0.0,0.0,0.0,-0.0019077893087540154,0.018113902603323462,0.013927859805542342,0.8478757514680157
0.0,0.0,0.0,0.0,0.0,0.0,0.0,0.0,0.0014267990940848296,0.018113902603323462,0.013927859805542342,0.8505122989161917
0.0,0.0,0.0,0.0,0.0,0.0,0.0,0.0,0.005080821253407031,0.018113902603323462,0.013927859805542342,0.8599144211342162
0.0,0.0,0.0,0.0,0.0,0.0,0.0,0.0,-0.013613983822124975,0.018113902603323462,0.013927859805542342,0.8345935762943582
0.0,0.0,0.0,0.0,0.0,0.0,0.0,0.0,0.006887328746690624,0.018113902603323462,0.013927859805542342,0.8472290253708643
0.0,0.0,0.0,0.0,0.0,0.0,0.0,0.0,0.005978513184986323,0.018113902603323462,0.013927859805542342,0.8582727084547335
0.0,0.0,0.0,0.0,0.0,0.0,0.0,0.0,0.014857498305214323,0.018113902603323462,0.013927859805542342,0.8858819920712258
0.0,0.0,0.0,0.0,0.0,0.0,0.0,0.0,0.005697714659280706,0.018113902603323462,0.013927859805542342,0.8966272095431236
0.0,0.0,0.0,0.0,0.0,0.0,0.0,0.0,-0.006740825836411779,0.018113902603323462,0.013927859805542342,0.8838423758469938
0.0,0.0,0.0,0.0,0.0,0.0,0.0,0.0,0.00021121912844268564,0.018113902603323462,0.013927859805542342,0.8842402793917437
0.0,0.0,0.0,0.0,0.0,0.0,0.0,0.0,0.0026929787492038226,0.018113902603323462,0.013927859805542342,0.8893144984225394
0.0,0.0,0.0,0.0,0.0,0.0,0.0,0.0,-0.003501980199372312,0.018113902603323462,0.013927859805542342,0.8826981564586767
0.0,0.0,0.0,0.0,0.0,0.0,0.0,0.0,-0.007292657904037547,0.018113902603323462,0.013927859805542342,0.8689682828670613
0.0,0.0,0.0,0.0,0.0,0.0,0.0,0.0,0.007851960589843054,0.018113902603323462,0.013927859805542342,0.8836433481678001
0.0,0.0,0.0,0.0,0.0,0.0,0.0,0.0,0.013838692292137411,0.018113902603323462,0.013927859805542342,0.9097105088512258
0.0,0.0,0.0,0.0,0.0,0.0,0.0,0.0,0.0009116558716901757,0.018113902603323462,0.013927859805542342,0.9114515076498484
0.0,0.0,0.0,0.0,0.0,0.0,0.0,0.0,-0.0035394164744094736,0.018113902603323462,0.013927859805542342,0.9046860846936378
0.0,0.0,0.0,0.0,0.0,0.0,0.0,0.0,0.003943819855746211,0.018113902603323462,0.013927859805542342,0.912197823493416
0.0,0.0,0.0,0.0,0.0,0.0,0.0,0.0,-0.001560930514972858,0.018113902603323462,0.013927859805542342,0.9092130155600604
0.0,2e-05,-2e-05,0.02,0.0,0.0,0.0,0.0,-0.024440461382450485,0.018113902603323462,0.013907581248346235,0.8625509685823929
0.0005178187150985502,0.0,0.0005178187150985502,0.0,0.02,0.0,0.02,0.02,0.008600200820512827,0.01864110103619332,0.014432601569296821,0.8785692809506422
-0.0005834333215229326,2e-05,-0.0006034333215229326,0.02,0.02,0.0,0.02,0.02,-0.02001958917681823,0.018046791875176105,0.013820459135070795,0.8409610957058196
0.00037900508343394093,0.0,0.00037900508343394093,0.0,0.02,0.02,0.04,0.0,0.01664550906637663,0.01843263678447049,0.014204702242772482,0.8716048303152375
-0.00016212778598464705,2e-05,-0.00018212778598464705,0.02,0.02,0.02,0.04,0.0,0.014140224467191542,0.01826752055589398,0.014019987385817778,0.8980697427297748
0.0006395181120622251,6e-05,0.0005795181120622251,0.06,0.04,0.02,0.06,0.02,0.0007863145594166898,0.01891872107821424,0.014607630334501076,0.8995622226032716
0.0004353317444505844,0.0,0.0004353317444505844,0.0,0.06,0.02,0.08,0.039999999999999994,0.011365709751263164,0.019362288742514444,0.015049321244147373,0.9211520954798447
0.0010817579841395954,2e-05,0.0010617579841395953,0.02,0.06,0.02,0.08,0.039999999999999994,0.003935858007879212,0.02046499203709251,0.016127057965273917,0.928713477339193
0.0006453172174681465,0.0,0.0006453172174681465,0.0,0.06,0.0,0.06,0.06,0.0072219400383219945,0.02112351566627746,0.01678278225091412,0.9426425304236401
-0.0007598730632934014,2e-05,-0.0007798730632934015,0.02,0.06,0.0,0.06,0.06,-0.0006658210010571652,0.020347591412427146,0.015989820747816186,0.9413490782293372
-4.597253455578272e-06,4e-05,-4.4597253455578275e-05,0.04,0.04,0.0,0.04,0.04,-0.00043565260149747154,0.020342900615936577,0.01594451039227196,0.9405033244529919
0.0,0.0,0.0,0.0,0.0,0.0,0.0,0.0,0.0016150658954552366,0.020342900615936577,0.01594451039227196,0.9436373651923333
0.0,0.0,0.0,0.0,0.0,0.0,0.0,0.0,0.004939784585931806,0.020342900615936577,0.01594451039227196,0.9532385150895515
0.0,0.0,0.0,0.0,0.0,0.0,0.0,0.0,-0.0008660015352057737,0.020342900615936577,0.01594451039227196,0.9515470075368608
0.0,0.0,0.0,0.0,0.0,0.0,0.0,0.0,0.00022948472666350916,0.020342900615936577,0.01594451039227196,0.9519948577684565
0.0,2e-05,-2e-05,0.02,0.0,0.0,0.0,0.0,-0.004256003887434856,0.020342900615936577,0.015924191502064033,0.943687160065541
-9.879528609149535e-05,0.0,-9.879528609149535e-05,0.0,0.0,0.02,0.02,-0.02,-0.0017659767589335296,0.020242095547158723,0.015823822980917335,0.9402546537142278
9.39715927769691e-05,0.0,9.39715927769691e-05,0.0,0.0,0.02,0.02,-0.02,-0.007691716045917785,0.020337969321895466,0.015919281563543608,0.9253307658610874
0.00032246423066846887,0.0,0.00032246423066846887,0.0,0.0,0.02,0.02,-0.02,0.0012143793044092632,0.020666991820194713,0.01624687919309431,0.9276688476972916
0.0003336535291216114,0.0,0.0003336535291216114,0.0,0.0,0.02,0.02,-0.02,0.011019326486895187,0.021007540964073534,0.01658595355079595,0.9489104600886851
0.00018917416884284277,2e-05,0.00016917416884284277,0.02,0.0,0.02,0.02,-0.02,-0.024095777385022776,0.021200689217017787,0.01675793363454514,0.9019499474990458
0.0,0.0,0.0,0.0,0.0,0.0,0.0,0.0,-0.005152620223082494,0.021200689217017787,0.01675793363454514,0.8921499217362716
0.0,0.0,0.0,0.0,0.0,0.0,0.0,0.0,0.02424019764376939,0.021200689217017787,0.01675793363454514,0.9380160098108017
0.0,0.0,0.0,0.0,0.0,0.0,0.0,0.0,-0.0078032191902133174,0.021200689217017787,0.01675793363454514,0.9228932460921053
0.0,0.0,0.0,0.0,0.0,0.0,0.0,0.0,-0.013245705500087857,0.021200689217017787,0.01675793363454514,0.8974231684462612
0.0,0.0,0.0,0.0,0.0,0.0,0.0,0.0,-0.012374812685589154,0.021200689217017787,0.01675793363454514,0.8739429121514417
0.0,2e-05,-2e-05,0.02,0.0,0.0,0.0,0.0,0.018396582031360742,0.021200689217017787,0.016737598475872417,0.9084170566569227
0.00037186397077421774,0.0,0.00037186397077421774,0.0,0.0,0.02,0.02,-0.02,-0.004978765054346579,0.021580436960267235,0.017115686556476994,0.8989154965061203
-0.00047267259869092636,0.0,-0.00047267259869092636,0.0,0.0,0.02,0.02,-0.02,0.014277512809395931,0.02109756388035744,0.016634923841743143,0.926027286831447
-0.000316832160882532,0.0,-0.000316832160882532,0.0,0.0,0.02,0.02,-0.02,0.006224586256551756,0.020774047332721368,0.01631282120199362,0.9380160098108017
-0.00029768752271761126,0.0,-0.00029768752271761126,0.0,0.0,0.02,0.02,-0.02,0.010139155868312377,0.0204701756353165,0.016010277555943864,0.9576658562095581
-0.00015153024787442515,2e-05,-0.00017153024787442515,0.02,0.0,0.02,0.02,-0.02,0.0013467811372471772,0.02031554353665399,0.015836001061191762,0.9603024036577341
0.0,0.0,0.0,0.0,0.0,0.0,0.0,0.0,0.005963574374651337,0.02031554353665399,0.015836001061191762,0.9719928128387547
0.0,0.0,0.0,0.0,0.0,0.0,0.0,0.0,-0.001261320338490246,0.02031554353665399,0.015836001061191762,0.9695054981965645
0.0,0.0,0.0,0.0,0.0,0.0,0.0,0.0,0.0034098812634899556,0.02031554353665399,0.015836001061191762,0.9762212780932054
0.0,0.0,0.0,0.0,0.0,0.0,0.0,0.0,-0.014549661776192768,0.02031554353665399,0.015836001061191762,0.9474679269020339
0.0,0.0,0.0,0.0,0.0,0.0,0.0,0.0,-0.005108817676184874,0.02031554353665399,0.015836001061191762,0.9375186683332737
0.0,0.0,0.0,0.0,0.0,0.0,0.0,0.0,0.00798496781307656,0.02031554353665399,0.015836001061191762,0.9529896925371499
0.0,0.0,0.0,0.0,0.0,0.0,0.0,0.0,-0.00787079743934982,0.02031554353665399,0.015836001061191762,0.937618106266052
0.0,0.0,0.0,0.0,0.0,0.0,0.0,0.0,-0.005083468514321288,0.02031554353665399,0.015836001061191762,0.9277682856300697
0.0,0.0,0.0,0.0,0.0,0.0,0.0,0.0,0.005625576112623376,0.02031554353665399,0.015836001061191762,0.9386130928483831
0.0,0.0,0.0,0.0,0.0,0.0,0.0,0.0,0.016114956588609397,0.02031554353665399,0.015836001061191762,0.9698537586817446
0.0,0.0,0.0,0.0,0.0,0.0,0.0,0.0,-0.0005051068273195236,0.02031554353665399,0.015836001061191762,0.9688587720994135
0.0,0.0,0.0,0.0,0.0,0.0,0.0,0.0,-0.002652958199523048,0.02031554353665399,0.015836001061191762,0.9636354720762694
0.0,0.0,0.0,0.0,0.0,0.0,0.0,0.0,0.0040533416294838975,0.02031554353665399,0.015836001061191762,0.9715947574803674
0.0,0.0,0.0,0.0,0.0,0.0,0.0,0.0,0.010799078859294209,0.02031554353665399,0.015836001061191762,0.9928861647449689
0.0,0.0,0.0,0.0,0.0,0.0,0.0,0.0,0.01435311202978129,0.02031554353665399,0.015836001061191762,1.0214902831301544
0.0,0.0,0.0,0.0,0.0,0.0,0.0,0.0,-0.0005905853012750928,0.02031554353665399,0.015836001061191762,1.0202964206822673
0.0,0.0,0.0,0.0,0.0,0.0,0.0,0.0,0.0011572964304984446,0.02031554353665399,0.015836001061191762,1.0226345025184718
0.0,0.0,0.0,0.0,0.0,0.0,0.0,0.0,0.004746778556197873,0.02031554353665399,0.015836001061191762,1.0322355006020523
0.0,0.0,0.0,0.0,0.0,0.0,0.0,0.0,0.007270149076117116,0.02031554353665399,0.015836001061191762,1.0470101556492066
0.0,0.0,0.0,0.0,0.0,0.0,0.0,0.0,0.0003645882466716266,0.02031554353665399,0.015836001061191762,1.0477564714927738
0.0,0.0,0.0,0.0,0.0,0.0,0.0,0.0,0.002963683460576405,0.02031554353665399,0.015836001061191762,1.0538253734786251
0.0,2e-05,-2e-05,0.02,0.0,0.0,0.0,0.0,-0.003415136352656223,0.02031554353665399,0.015815684341170533,1.0468112797836504
0.00012697459327473126,0.0,0.00012697459327473126,0.0,0.02,0.0,0.02,0.02,0.01074245419619091,0.020445097687806557,0.01594466712453202,1.068799056204973
0.00014851874829595603,2e-05,0.00012851874829595603,0.02,0.02,0.0,0.02,0.02,0.0033424259137662116,0.020596652916419877,0.01607523506148878,1.0757138637808077
-7.458683808410748e-05,0.0,-7.458683808410748e-05,0.0,0.04,0.0,0.04,0.04,-0.004913047650308866,0.02052052983911956,0.015999449222450002,1.065515782659646
-0.0009993882984260295,0.0,-0.0009993882984260295,0.0,0.04,0.0,0.04,0.04,-0.007321543531961572,0.01950063356329479,0.014984071261689769,1.0503930189409498
0.0005062940925796911,2e-05,0.0004862940925796911,0.02,0.04,0.0,0.04,0.04,0.009462100030156906,0.02001680071144918,0.015477652019606714,1.0697940427873047
-0.00018595072262501678,0.0,-0.00018595072262501678,0.0,0.02,0.0,0.02,0.02,-0.009133122416069117,0.01982712785026708,0.015288823216404124,1.0508903604184776
0.0004275285097899273,2e-05,0.0004075285097899273,0.02,0.02,0.0,0.02,0.02,0.010842412350696051,0.020263133022480284,0.015702582357535855,1.0731269593922024
0.0,0.0,0.0,0.0,0.0,0.0,0.0,0.0,0.002087620908898691,0.020263133022480284,0.015702582357535855,1.077454862579431
0.0,0.0,0.0,0.0,0.0,0.0,0.0,0.0,-0.00021550331899955477,0.020263133022480284,0.015702582357535855,1.0770071641614734
0.0,2e-05,-2e-05,0.02,0.0,0.0,0.0,0.0,-0.00028739969425406464,0.020263133022480284,0.01568226830588859,1.0764102329375298
0.0002858784860873431,4e-05,0.0002458784860873431,0.04,0.02,0.0,0.02,0.02,0.006372792767143753,0.020554804302359342,0.015932002724365235,1.0896427650516172
-0.0008997071060728268,4e-05,-0.0009397071060728268,0.04,0.06,0.0,0.06,0.06,-0.006570513216365037,0.01963660389279176,0.01497732420211828,1.075912739646364
-0.00102220014764421,0.0,-0.00102220014764421,0.0,0.08,0.02,0.1,0.06,0.0021567803508037997,0.01859433120574905,0.013939814231463288,1.0803900274532166
-0.0018293850554122713,0.0,-0.0018293850554122713,0.0,0.08,0.02,0.1,0.06,-0.006169337672248809,0.016730929958713503,0.012084927888220687,1.0675553988838788
-0.0008886427726451518,2e-05,-0.0009086427726451518,0.02,0.08,0.02,0.1,0.06,0.00031279746965928723,0.015827419366081008,0.011165304233192064,1.0682021249810303
0.0007815852946415181,4e-05,0.0007415852946415181,0.04,0.06,0.02,0.08,0.039999999999999994,0.007985585867032574,0.016621375138951233,0.011915169553263105,1.0847179306404455
-0.0002727337401630936,4e-05,-0.0003127337401630936,0.04,0.02,0.02,0.04,0.0,0.007277991122397465,0.01634410818897991,0.011598709537560925,1.0998904892323496
0.0,0.0,0.0,0.0,0.0,0.0,0.0,0.0,-0.009902380186043613,0.01634410818897991,0.011598709537560925,1.0790965752589137
0.0,0.0,0.0,0.0,0.0,0.0,0.0,0.0,-0.008924752271950998,0.01634410818897991,0.011598709537560925,1.060541153375266
0.0,0.0,0.0,0.0,0.0,0.0,0.0,0.0,-0.021245233032779476,0.01634410818897991,0.011598709537560925,1.0167644763981762
0.0,0.0,0.0,0.0,0.0,0.0,0.0,0.0,0.01201251837200945,0.01634410818897991,0.011598709537560925,1.0409908967229256
0.0,0.0,0.0,0.0,0.0,0.0,0.0,0.0,0.015355337359152399,0.01634410818897991,0.011598709537560925,1.072331000489065
0.0,0.0,0.0,0.0,0.0,0.0,0.0,0.0,-0.002544523483510863,0.01634410818897991,0.011598709537560925,1.067057905592713
0.0,2e-05,-2e-05,0.02,0.0,0.0,0.0,0.0,-0.00861567834742083,0.01634410818897991,0.011578477563370049,1.049248799552633
1.4096450202538692e-06,0.0,1.4096450202538692e-06,0.0,0.02,0.0,0.02,0.02,-0.0026217825009537954,0.016345540873390796,0.011579903529933544,1.0438761149098652
7.046115609032899e-05,0.0,7.046115609032899e-05,0.0,0.02,0.0,0.02,0.02,0.010757955472233016,0.01641715375518782,0.011651180619413948,1.0658640431448263
-9.40871198999682e-05,0.0,-9.40871198999682e-05,0.0,0.02,0.0,0.02,0.02,-0.0008187158998508304,0.016321521992574084,0.011555997273485996,1.0641726874057733
1.4112361524487583e-06,0.0,1.4112361524487583e-06,0.0,0.02,0.0,0.02,0.02,0.010194271368004548,0.016322956262248445,0.01155742481787958,1.085215423931611
8.182816134554739e-05,2e-05,6.182816134554739e-05,0.02,0.02,0.0,0.02,0.02,-0.00221872548981783,0.016406120101092547,0.011619967553551547,1.0805889033187728
0.0,0.0,0.0,0.0,0.0,0.0,0.0,0.0,0.0019845474111135353,0.016406120101092547,0.011619967553551547,1.0847179306404455
0.0,0.0,0.0,0.0,0.0,0.0,0.0,0.0,0.000524974865435679,0.016406120101092547,0.011619967553551547,1.085812355155555
0.0,0.0,0.0,0.0,0.0,0.0,0.0,0.0,0.001788738068438045,0.016406120101092547,0.011619967553551547,1.08954332711884
0.0,0.0,0.0,0.0,0.0,0.0,0.0,0.0,-0.0008808568461590172,0.016406120101092547,0.011619967553551547,1.0877027385738014
0.0,0.0,0.0,0.0,0.0,0.0,0.0,0.0,0.0015726001939970757,0.016406120101092547,0.011619967553551547,1.0909858603054907
0.0,0.0,0.0,0.0,0.0,0.0,0.0,0.0,-0.0037113639483952188,0.016406120101092547,0.011619967553551547,1.0832254507669488
0.0,0.0,0.0,0.0,0.0,0.0,0.0,0.0,0.00914587289042501,0.016406120101092547,0.011619967553551547,1.1022783659417614
0.0,0.0,0.0,0.0,0.0,0.0,0.0,0.0,-0.0009701932233501243,0.016406120101092547,0.011619967553551547,1.100238749717529
0.0,0.0,0.0,0.0,0.0,0.0,0.0,0.0,0.00021316548797978285,0.016406120101092547,0.011619967553551547,1.1006864481354866
0.0,0.0,0.0,0.0,0.0,0.0,0.0,0.0,-0.0014919126755557066,0.016406120101092547,0.011619967553551547,1.0975524073961451
0.0,0.0,0.0,0.0,0.0,0.0,0.0,0.0,0.004648384877148359,0.016406120101092547,0.011619967553551547,1.1073026382857116
0.0,0.0,0.0,0.0,0.0,0.0,0.0,0.0,0.0016524922245406692,0.016406120101092547,0.011619967553551547,1.110784939510233
0.0,0.0,0.0,0.0,0.0,0.0,0.0,0.0,0.002238957866883773,0.016406120101092547,0.011619967553551547,1.1155108980558492
0.0,0.0,0.0,0.0,0.0,0.0,0.0,0.0,-0.0018341691233246804,0.016406120101092547,0.011619967553551547,1.1116306932865783
0.0,0.0,0.0,0.0,0.0,0.0,0.0,0.0,-0.005583362168830042,0.016406120101092547,0.011619967553551547,1.0998406943591417
0.0,0.0,0.0,0.0,0.0,0.0,0.0,0.0,-0.00033162951770204785,0.016406120101092547,0.011619967553551547,1.09914432520242
0.0,0.0,0.0,0.0,0.0,0.0,0.0,0.0,-0.01670731988666041,0.016406120101092547,0.011619967553551547,1.0640732494729952
0.0,0.0,0.0,0.0,0.0,0.0,0.0,0.0,0.0143159445955785,0.016406120101092547,0.011619967553551547,1.0936224077536663
0.0,0.0,0.0,0.0,0.0,0.0,0.0,0.0,0.0053461960706966405,0.016406120101092547,0.011619967553551547,1.1048153236435212
0.0,0.0,0.0,0.0,0.0,0.0,0.0,0.0,-0.001205311303686507,0.016406120101092547,0.011619967553551547,1.102278365941761
0.0,0.0,0.0,0.0,0.0,0.0,0.0,0.0,0.005915759498090534,0.016406120101092547,0.011619967553551547,1.1147149391527114
0.0,0.0,0.0,0.0,0.0,0.0,0.0,0.0,0.0035520565193292164,0.016406120101092547,0.011619967553551547,1.1222265261388515
0.0,0.0,0.0,0.0,0.0,0.0,0.0,0.0,0.0020159300032134286,0.016406120101092547,0.011619967553551547,1.1265047862665103
0.0,0.0,0.0,0.0,0.0,0.0,0.0,0.0,0.0005380751530430494,0.016406120101092547,0.011619967553551547,1.1276490056548276
0.0,0.0,0.0,0.0,0.0,0.0,0.0,0.0,0.0008416772066590639,0.016406120101092547,0.011619967553551547,1.1294397993266583
0.0,0.0,0.0,0.0,0.0,0.0,0.0,0.0,0.00553659564244402,0.016406120101092547,0.011619967553551547,1.1412296464404572
0.0,0.0,0.0,0.0,0.0,0.0,0.0,0.0,0.007643539253548326,0.016406120101092547,0.011619967553551547,1.1575962192938865
0.0,0.0,0.0,0.0,0.0,0.0,0.0,0.0,-0.00182147132412247,0.016406120101092547,0.011619967553551547,1.1536662196514076
0.0,0.0,0.0,0.0,0.0,0.0,0.0,0.0,0.003534055863952723,0.016406120101092547,0.011619967553551547,1.1612773963839635
0.0,0.0,0.0,0.0,0.0,0.0,0.0,0.0,-0.008147995435639044,0.016406120101092547,0.011619967553551547,1.143667318023077
0.0,0.0,0.0,0.0,0.0,0.0,0.0,0.0,0.010674778247933281,0.016406120101092547,0.011619967553551547,1.166550491280315
0.0,0.0,0.0,0.0,0.0,0.0,0.0,0.0,0.003581919539736189,0.016406120101092547,0.011619967553551547,1.174310900818857
0.0,0.0,0.0,0.0,0.0,0.0,0.0,0.0,-0.0034089646750015135,0.016406120101092547,0.011619967553551547,1.166898751765495
0.0,2e-05,-2e-05,0.02,0.0,0.0,0.0,0.0,0.0014922149313552069,0.016406120101092547,0.011599735154200541,1.1701322304376145
-1.5439412674060904e-05,0.0,-1.5439412674060904e-05,0.0,0.02,0.0,0.02,0.02,-0.0034155287633637066,0.016390427387559914,0.01158411664842851,1.162720081384252
-0.00046871162461887384,0.0,-0.00046871162461887384,0.0,0.02,0.0,0.02,0.02,-0.007843596692603483,0.01591403337909192,0.011109975413675421,1.1457565773068792
-0.000522150797243599,0.0,-0.000522150797243599,0.0,0.02,0.0,0.02,0.02,-0.014767921294730924,0.015383573056632072,0.010582023533912244,1.11406821305556
0.00041158858123631516,0.0,0.00041158858123631516,0.0,0.02,0.0,0.02,0.02,0.014330414665499891,0.015801493340877215,0.010997967555201438,1.1443636871797986
0.00040859670247799684,2e-05,0.00038859670247799684,0.02,0.02,0.0,0.02,0.02,0.008096298088761111,0.016216546481428562,0.011390838031605233,1.161725094801921
0.0,0.0,0.0,0.0,0.0,0.0,0.0,0.0,0.00209412884057647,0.016216546481428562,0.011390838031605233,1.1662520256683435
0.0,0.0,0.0,0.0,0.0,0.0,0.0,0.0,0.010287996771777497,0.016216546481428562,0.011390838031605233,1.1885384195152757
0.0,0.0,0.0,0.0,0.0,0.0,0.0,0.0,0.002454849675574744,0.016216546481428562,0.011390838031605233,1.1939109523444058
0.0,0.0,0.0,0.0,0.0,0.0,0.0,0.0,-0.00455756949371422,0.016216546481428562,0.011390838031605233,1.1839120507160756
0.0,4e-05,-4e-05,0.04,0.0,0.0,0.0,0.0,-0.0004100662612578354,0.016216546481428562,0.011350382398083836,1.1830165020665224
4.453590007607477e-05,0.0,4.453590007607477e-05,0.0,0.04,0.0,0.04,0.04,0.00414740874577646,0.016261804599998264,0.011395423797656123,1.1920703637993673
-0.0001245997015335809,2e-05,-0.0001445997015335809,0.02,0.04,0.0,0.04,0.04,-0.004856426098946209,0.016135178682465057,0.01124917632124256,1.1814247360738857
-4.23645911555193e-06,0.0,-4.23645911555193e-06,0.0,0.06,0.0,0.06,0.06,-0.0020980443028566498,0.016130873867324702,0.011244892205451551,1.1768480103342553
0.0005765731279450614,0.0,0.0005765731279450614,0.0,0.06,0.0,0.06,0.06,0.008135463763766726,0.016716747623671813,0.011827948836068858,1.1945576784415572
-0.0001984850975941921,4e-05,-0.0002384850975941921,0.04,0.06,0.0,0.06,0.06,-0.004918923133127029,0.016514944500793938,0.011586642948942183,1.1837628179100896
0.00012680725998763355,0.0,0.00012680725998763355,0.0,0.02,0.0,0.02,0.02,0.006332859605726826,0.016643845975642613,0.011714919479374641,1.1975922812481206
-0.00018394669387704842,2e-05,-0.00020394669387704842,0.02,0.02,0.0,0.02,0.02,0.0016524367362660275,0.016456837701325,0.011508583566400832,1.2012236634649898
0.0,0.0,0.0,0.0,0.0,0.0,0.0,0.0,-0.0008135446213638486,0.016456837701325,0.011508583566400832,1.199432869793159
0.0,0.0,0.0,0.0,0.0,0.0,0.0,0.0,0.001243950392180615,0.016456837701325,0.011508583566400832,1.2021688551741132
0.0,0.0,0.0,0.0,0.0,0.0,0.0,0.0,0.002484878742467389,0.016456837701325,0.011508583566400832,1.207640977749659
0.0,0.0,0.0,0.0,0.0,0.0,0.0,0.0,0.0029969502364324274,0.016456837701325,0.011508583566400832,1.2142571678998837
0.0,0.0,0.0,0.0,0.0,0.0,0.0,0.0,0.0018198380239258238,0.016456837701325,0.011508583566400832,1.2182867572887783
0.0,0.0,0.0,0.0,0.0,0.0,0.0,0.0,0.002354655008411921,0.016456837701325,0.011508583566400832,1.223510057311922
0.0,0.0,0.0,0.0,0.0,0.0,0.0,0.0,-0.00655523338877162,0.016456837701325,0.011508583566400832,1.2089344299439615
0.0,0.0,0.0,0.0,0.0,0.0,0.0,0.0,-0.01094499544098837,0.016456837701325,0.011508583566400832,1.1847576526787824
0.0,2e-05,-2e-05,0.02,0.0,0.0,0.0,0.0,0.0015483234371362897,0.016456837701325,0.011488353394729423,1.188140364156888
-0.0010283863337576804,0.0,-0.0010283863337576804,0.0,0.0,0.02,0.02,-0.02,0.00795707751684338,0.015411527380578383,0.010448152595343263,1.2055515666522183
-0.0010972330891635097,0.0,-0.0010972330891635097,0.0,0.0,0.02,0.02,-0.02,0.008796518727259395,0.014297384253618262,0.009339455447431533,1.2249527423122109
0.00015028774401258717,0.0,0.00015028774401258717,0.0,0.0,0.02,0.02,-0.02,0.0015874244054374653,0.014449820719255602,0.009491146797133476,1.2284846865963024
-0.00038544495058905336,0.0,-0.00038544495058905336,0.0,0.0,0.02,0.02,-0.02,0.0020983602447592897,0.014058806158233406,0.009102043531936221,1.2331608502687108
0.00013055287867285603,2e-05,0.00011055287867285603,0.02,0.0,0.02,0.02,-0.02,-0.005903174076911433,0.014191194454520772,0.00921360266772342,1.2199781130278309
0.0,0.0,0.0,0.0,0.0,0.0,0.0,0.0,0.008940954033659798,0.014191194454520772,0.00921360266772342,1.2398268352921433
0.0,0.0,0.0,0.0,0.0,0.0,0.0,0.0,0.004397581313332788,0.014191194454520772,0.00921360266772342,1.2496766559281252
0.0,0.0,0.0,0.0,0.0,0.0,0.0,0.0,-0.0014815766566952382,0.014191194454520772,0.00921360266772342,1.2463435875095898
0.0,0.0,0.0,0.0,0.0,0.0,0.0,0.0,0.0005314692082392103,0.014191194454520772,0.00921360266772342,1.247537449957477
0.0,0.0,0.0,0.0,0.0,0.0,0.0,0.0,0.0030766150641741152,0.014191194454520772,0.00921360266772342,1.2544522575333117
0.0,0.0,0.0,0.0,0.0,0.0,0.0,0.0,-0.0002427588175996087,0.014191194454520772,0.00921360266772342,1.253904969368938
0.0,0.0,0.0,0.0,0.0,0.0,0.0,0.0,-0.003575516829695813,0.014191194454520772,0.00921360266772342,1.2458460942184244
0.0,0.0,0.0,0.0,0.0,0.0,0.0,0.0,-0.0012182425981892564,0.014191194454520772,0.00921360266772342,1.2431101088374708
0.0,0.0,0.0,0.0,0.0,0.0,0.0,0.0,-0.004280217028024724,0.014191194454520772,0.00921360266772342,1.2335091107538902
0.0,0.0,0.0,0.0,0.0,0.0,0.0,0.0,-0.007884557125706126,0.014191194454520772,0.00921360266772342,1.215898880579366
0.0,0.0,0.0,0.0,0.0,0.0,0.0,0.0,0.0025592316015876637,0.014191194454520772,0.00921360266772342,1.2215698790204677
0.0,0.0,0.0,0.0,0.0,0.0,0.0,0.0,-0.005396509510041114,0.014191194454520772,0.00921360266772342,1.209581156041113
0.0,0.0,0.0,0.0,0.0,0.0,0.0,0.0,0.008352638275707758,0.014191194454520772,0.00921360266772342,1.2280369881783444
0.0,0.0,0.0,0.0,0.0,0.0,0.0,0.0,-0.0015852269521696716,0.014191194454520772,0.00921360266772342,1.2245050438942533
0.0,0.0,0.0,0.0,0.0,0.0,0.0,0.0,-0.012903413372959749,0.014191194454520772,0.00921360266772342,1.1958013357626518
0.0,0.0,0.0,0.0,0.0,0.0,0.0,0.0,-0.016674185440266553,0.014191194454520772,0.00921360266772342,1.1591881371001604
0.0,0.0,0.0,0.0,0.0,0.0,0.0,0.0,-0.0009446218183523092,0.014191194454520772,0.00921360266772342,1.157148520875928
0.0,0.0,0.0,0.0,0.0,0.0,0.0,0.0,0.00975481498309394,0.014191194454520772,0.00921360266772342,1.1781911055881276
0.0,0.0,0.0,0.0,0.0,0.0,0.0,0.0,0.012150019417616509,0.014191194454520772,0.00921360266772342,1.2046561698163027
0.0,0.0,0.0,0.0,0.0,0.0,0.0,0.0,0.0016472110618543923,0.014191194454520772,0.00921360266772342,1.2082877038468096
0.0,0.0,0.0,0.0,0.0,0.0,0.0,0.0,-0.002860915508086981,0.014191194454520772,0.00921360266772342,1.2019699793085565
0.0,0.0,0.0,0.0,0.0,0.0,0.0,0.0,-0.02015184604315312,0.014191194454520772,0.00921360266772342,1.1575962192938856
0.0,0.0,0.0,0.0,0.0,0.0,0.0,0.0,0.001683138855191224,0.014191194454520772,0.00921360266772342,1.1612277533243929
0.0,0.0,0.0,0.0,0.0,0.0,0.0,0.0,-0.01222234413487222,0.014191194454520772,0.00921360266772342,1.1348124839694256
0.0,0.0,0.0,0.0,0.0,0.0,0.0,0.0,0.0118841762871158,0.014191194454520772,0.00921360266772342,1.1601829718688537
0.0,0.0,0.0,0.0,0.0,0.0,0.0,0.0,-0.01289603839322806,0.014191194454520772,0.00921360266772342,1.1323251693272356
0.0,0.0,0.0,0.0,0.0,0.0,0.0,0.0,0.010404981575824479,0.014191194454520772,0.00921360266772342,1.1545119734277525
0.0,0.0,0.0,0.0,0.0,0.0,0.0,0.0,0.004156055801436631,0.014191194454520772,0.00921360266772342,1.1634662454141815
0.0,0.0,0.0,0.0,0.0,0.0,0.0,0.0,0.008645688246479821,0.014191194454520772,0.00921360266772342,1.1821709001038148
0.0,0.0,0.0,0.0,0.0,0.0,0.0,0.0,-0.001823777649815339,0.014191194454520772,0.00921360266772342,1.178191105588128
0.0,0.0,0.0,0.0,0.0,0.0,0.0,0.0,-0.007239718211772717,0.014191194454520772,0.00921360266772342,1.1624216157722804
0.0,0.0,0.0,0.0,0.0,0.0,0.0,0.0,-0.0024615411401438525,0.014191194454520772,0.00921360266772342,1.1570987260027206
0.0,0.0,0.0,0.0,0.0,0.0,0.0,0.0,0.00359761444619755,0.014191194454520772,0.00921360266772342,1.164859135541262
0.0,0.0,0.0,0.0,0.0,0.0,0.0,0.0,0.01682064306130071,0.014191194454520772,0.00921360266772342,1.2012734583381977
0.0,0.0,0.0,0.0,0.0,0.0,0.0,0.0,0.007615808174435079,0.014191194454520772,0.00921360266772342,1.2180379347363766
0.0,0.0,0.0,0.0,0.0,0.0,0.0,0.0,0.0029605206420579844,0.014191194454520772,0.00921360266772342,1.2246044818270314
0.0,0.0,0.0,0.0,0.0,0.0,0.0,0.0,0.007714868821297793,0.014191194454520772,0.00921360266772342,1.241767013583598
0.0,0.0,0.0,0.0,0.0,0.0,0.0,0.0,0.003927722696912994,0.014191194454520772,0.00921360266772342,1.2505720527640412
0.0,0.0,0.0,0.0,0.0,0.0,0.0,0.0,0.0026082373648450563,0.014191194454520772,0.00921360266772342,1.2564420788843362
0.0,0.0,0.0,0.0,0.0,0.0,0.0,0.0,-0.001036180745822679,0.014191194454520772,0.00921360266772342,1.2541039970481322
0.0,0.0,0.0,0.0,0.0,0.0,0.0,0.0,0.005362801690428132,0.014191194454520772,0.00921360266772342,1.2661923097739027
0.0,0.0,0.0,0.0,0.0,0.0,0.0,0.0,0.0009000190387353779,0.014191194454520772,0.00921360266772342,1.2682319259981352
0.0,0.0,0.0,0.0,0.0,0.0,0.0,0.0,-0.004430189164679965,0.014191194454520772,0.00921360266772342,1.258183229496597
0.0,0.0,0.0,0.0,0.0,0.0,0.0,0.0,0.00964886297584644,0.014191194454520772,0.00921360266772342,1.2799721300523643
0.0,6e-05,-6e-05,0.06,0.0,0.0,0.0,0.0,0.0020291339259019825,0.014191194454520772,0.00915304985156351,1.2845984988515644
0.0004412787069808588,0.0,0.0004412787069808588,0.0,0.02,0.04,0.06,-0.02,0.0017202145779464662,0.014638735433441186,0.009598367604547908,1.2885284984940433
-0.00023224973924157233,0.0,-0.00023224973924157233,0.0,0.02,0.04,0.06,-0.02,0.004043094767878008,0.01440308585171235,0.00936388864693316,1.2977812360924443
-0.000770204690978693,0.0,-0.000770204690978693,0.0,0.02,0.04,0.06,-0.02,0.006105233516956243,0.013621787836446186,0.008586471844992838,1.3118097271096691
-0.0003911872878021305,0.0,-0.0003911872878021305,0.0,0.02,0.04,0.06,-0.02,0.004712520303954415,0.013225271878405165,0.008191925638557862,1.322704177387553
-6.720263221126287e-05,6e-05,-0.00012720263221126287,0.06,0.02,0.04,0.06,-0.02,0.0034696089278050124,0.013157180473111874,0.008063680971842624,1.330763052538067
0.0,0.0,0.0,0.0,0.0,0.0,0.0,0.0,0.0008537209944432522,0.013157180473111874,0.008063680971842624,1.3327528738890915
0.0,0.0,0.0,0.0,0.0,0.0,0.0,0.0,-0.003305371414023428,0.013157180473111874,0.008063680971842624,1.3250422592237574
0.0,0.0,0.0,0.0,0.0,0.0,0.0,0.0,-0.008044866546158214,0.013157180473111874,0.008063680971842624,1.3063376045341242
0.0,0.0,0.0,0.0,0.0,0.0,0.0,0.0,0.0003235276693500655,0.013157180473111874,0.008063680971842624,1.3070837685640537
0.0,0.0,0.0,0.0,0.0,0.0,0.0,0.0,0.007546844519723317,0.013157180473111874,0.008063680971842624,1.324494971059384
0.0,0.0,0.0,0.0,0.0,0.0,0.0,0.0,0.00034242229518555156,0.013157180473111874,0.008063680971842624,1.3252909299625215
0.0,0.0,0.0,0.0,0.0,0.0,0.0,0.0,0.003957824984497371,0.013157180473111874,0.008063680971842624,1.3344940245013523
0.0,0.0,0.0,0.0,0.0,0.0,0.0,0.0,-0.002429219514628267,0.013157180473111874,0.008063680971842624,1.3288230260602507
0.0,0.0,0.0,0.0,0.0,0.0,0.0,0.0,0.0033964119454403807,0.013157180473111874,0.008063680971842624,1.3367326684047782
0.0,0.0,0.0,0.0,0.0,0.0,0.0,0.0,-0.0017882535035962377,0.013157180473111874,0.008063680971842624,1.3325539980235357
0.0,0.0,0.0,0.0,0.0,0.0,0.0,0.0,-0.0028151747381706116,0.013157180473111874,0.008063680971842624,1.3259874509328808
0.0,0.0,0.0,0.0,0.0,0.0,0.0,0.0,0.0013259941986774049,0.013157180473111874,0.008063680971842624,1.3290716967990144
0.0,0.0,0.0,0.0,0.0,0.0,0.0,0.0,0.00266985624101701,0.013157180473111874,0.008063680971842624,1.3352899834044893
0.0,0.0,0.0,0.0,0.0,0.0,0.0,0.0,-0.022303172218498646,0.013157180473111874,0.008063680971842624,1.2832056087244843
0.0,0.0,0.0,0.0,0.0,0.0,0.0,0.0,0.012266607551340236,0.013157180473111874,0.008063680971842624,1.3112127958857265
0.0,0.0,0.0,0.0,0.0,0.0,0.0,0.0,-0.019457616070086114,0.013157180473111874,0.008063680971842624,1.2662421046471115
0.0,0.0,0.0,0.0,0.0,0.0,0.0,0.0,-0.011107203410551714,0.013157180473111874,0.008063680971842624,1.2410704926132392
0.0,0.0,0.0,0.0,0.0,0.0,0.0,0.0,0.015316301657013032,0.013157180473111874,0.008063680971842624,1.2753954043127345
0.0,0.0,0.0,0.0,0.0,0.0,0.0,0.0,-0.008701312903057756,0.013157180473111874,0.008063680971842624,1.25559647692163
0.0,0.0,0.0,0.0,0.0,0.0,0.0,0.0,0.01184331295081531,0.013157180473111874,0.008063680971842624,1.2823102118885692
0.0,0.0,0.0,0.0,0.0,0.0,0.0,0.0,0.020684823247291373,0.013157180473111874,0.008063680971842624,1.3295193952169724
0.0,0.0,0.0,0.0,0.0,0.0,0.0,0.0,0.0026479675356780863,0.013157180473111874,0.008063680971842624,1.3356878869492395
0.0,0.0,0.0,0.0,0.0,0.0,0.0,0.0,-0.006751539837133391,0.013157180473111874,0.008063680971842624,1.3199183971333919
0.0,0.0,0.0,0.0,0.0,0.0,0.0,0.0,0.009413496458462456,0.013157180473111874,0.008063680971842624,1.3417569407487289
0.0,0.0,0.0,0.0,0.0,0.0,0.0,0.0,-0.008858357047762389,0.013157180473111874,0.008063680971842624,1.3210128216485009
0.0,0.0,0.0,0.0,0.0,0.0,0.0,0.0,-0.006880043556733884,0.013157180473111874,0.008063680971842624,1.3050441523398213
0.0,0.0,0.0,0.0,0.0,0.0,0.0,0.0,0.015625045279773042,0.013157180473111874,0.008063680971842624,1.3410605715920072
0.0,0.0,0.0,0.0,0.0,0.0,0.0,0.0,-0.00881851645274212,0.013157180473111874,0.008063680971842624,1.3204158904245573
0.0,0.0,0.0,0.0,0.0,0.0,0.0,0.0,-0.014106585738330457,0.013157180473111874,0.008063680971842624,1.2876827447176988
0.0,0.0,0.0,0.0,0.0,0.0,0.0,0.0,-0.010633405490204417,0.013157180473111874,0.008063680971842624,1.2633568864601719
0.0,0.0,0.0,0.0,0.0,0.0,0.0,0.0,0.017758992432985066,0.013157180473111874,0.008063680971842624,1.3035518242799626
0.0,0.0,0.0,0.0,0.0,0.0,0.0,0.0,0.009998714868965974,0.013157180473111874,0.008063680971842624,1.3265843821568244
0.0,0.0,0.0,0.0,0.0,0.0,0.0,0.0,0.006222077972414919,0.013157180473111874,0.008063680971842624,1.3410605715920068
0.0,0.0,0.0,0.0,0.0,0.0,0.0,0.0,0.014152153794584565,0.013157180473111874,0.008063680971842624,1.374191620843615
0.0,0.0,0.0,0.0,0.0,0.0,0.0,0.0,-0.0008171953242616103,0.013157180473111874,0.008063680971842624,1.3722514425521606
0.0,0.0,0.0,0.0,0.0,0.0,0.0,0.0,0.0012792079086265673,0.013157180473111874,0.008063680971842624,1.375286045358724
0.0,0.0,0.0,0.0,0.0,0.0,0.0,0.0,-0.0027645289726202504,0.013157180473111874,0.008063680971842624,1.368719498268069
0.0,0.0,0.0,0.0,0.0,0.0,0.0,0.0,-0.0025201869073463445,0.013157180473111874,0.008063680971842624,1.3627498824013577
0.0,0.0,0.0,0.0,0.0,0.0,0.0,0.0,0.005789961364061735,0.013157180473111874,0.008063680971842624,1.3764301129334031
0.0,0.0,0.0,0.0,0.0,0.0,0.0,0.0,-0.00033493890638969237,0.013157180473111874,0.008063680971842624,1.3756341540302657
0.0,0.0,0.0,0.0,0.0,0.0,0.0,0.0,-0.019202142486770768,0.013157180473111874,0.008063680971842624,1.3300168885081374
0.0,0.0,0.0,0.0,0.0,0.0,0.0,0.0,-0.0009394133755055156,0.013157180473111874,0.008063680971842624,1.327828039477919
0.0,0.0,0.0,0.0,0.0,0.0,0.0,0.0,-0.003953511334494841,0.013157180473111874,0.008063680971842624,1.318624944939088
0.0,0.0,0.0,0.0,0.0,0.0,0.0,0.0,-0.001244366059822366,0.013157180473111874,0.008063680971842624,1.3157397267521485
0.0,0.0,0.0,0.0,0.0,0.0,0.0,0.0,0.009108268663244656,0.013157180473111874,0.008063680971842624,1.336832106337556
0.0,0.0,0.0,0.0,0.0,0.0,0.0,0.0,0.002703542338843734,0.013157180473111874,0.008063680971842624,1.343149830875809
0.0,0.0,0.0,0.0,0.0,0.0,0.0,0.0,-0.013778587715492119,0.013157180473111874,0.008063680971842624,1.3108645354005461
0.0,0.0,0.0,0.0,0.0,0.0,0.0,0.0,0.0004090208208415991,0.013157180473111874,0.008063680971842624,1.3118097271096696
0.0,0.0,0.0,0.0,0.0,0.0,0.0,0.0,-0.017709612163689825,0.013157180473111874,0.008063680971842624,1.2708684734463116
0.0,0.0,0.0,0.0,0.0,0.0,0.0,0.0,-0.010383557878106742,0.013157180473111874,0.008063680971842624,1.2472887792187137
0.0,0.0,0.0,0.0,0.0,0.0,0.0,0.0,-0.011068068622025473,0.013157180473111874,0.008063680971842624,1.222415632796813
0.0,0.0,0.0,0.0,0.0,0.0,0.0,0.0,-0.01963064132886827,0.013157180473111874,0.008063680971842624,1.1787881886257088
0.0,0.0,0.0,0.0,0.0,0.0,0.0,0.0,0.004246735706896265,0.013157180473111874,0.008063680971842624,1.1880409262241094
0.0,0.0,0.0,0.0,0.0,0.0,0.0,0.0,-0.012208974085799573,0.013157180473111874,0.008063680971842624,1.1613271912571705
0.0,0.0,0.0,0.0,0.0,0.0,0.0,0.0,-0.0025087953939929575,0.013157180473111874,0.008063680971842624,1.155904863554833
0.0,0.0,0.0,0.0,0.0,0.0,0.0,0.0,-0.004937963506221665,0.013157180473111874,0.008063680971842624,1.1452590840157133
0.0,2e-05,-2e-05,0.02,0.0,0.0,0.0,0.0,0.024835410015744186,0.013157180473111874,0.008043519698223145,1.1985374729572436
-0.00011025208136260734,0.0,-0.00011025208136260734,0.0,0.0,0.02,0.02,-0.02,0.018011067394991365,0.013045477785217141,0.00793238080207237,1.2381354795530903
-0.0005269156181889211,0.0,-0.0005269156181889211,0.0,0.0,0.02,0.02,-0.02,0.006756925874457753,0.012511688301036328,0.007401285488549458,1.2532583950854246
-9.199649927430276e-05,0.0,-9.199649927430276e-05,0.0,0.0,0.02,0.02,-0.02,0.00971408274181318,0.012418540770238407,0.007308608096920022,1.2751467335739695
0.00017871747746001532,2e-05,0.00015871747746001532,0.02,0.0,0.02,0.02,-0.02,-0.02350497399483331,0.012599477657978753,0.007468485578220996,1.2216694687668834
-0.00019401456518728597,4e-05,-0.00023401456518728597,0.04,0.0,0.04,0.04,-0.04,0.004702207959730531,0.012403018610612104,0.007232723278628672,1.2321162206268093
0.0010650120317762801,0.0,0.0010650120317762801,0.0,0.02,0.02,0.04,0.0,-0.0032092765817484104,0.013481240006439021,0.008305438247719232,1.2249527423122109
0.0008610462162037491,0.0,0.0008610462162037491,0.0,0.02,0.02,0.04,0.0,0.00822785984758534,0.0143538941933401,0.009173635830100002,1.2432593416434563
-0.0011014223837483828,0.0,-0.0011014223837483828,0.0,0.02,0.02,0.04,0.0,0.014636106949445393,0.013236662109233244,0.008062109398508044,1.2760919252830925
6.75583465554297e-05,2e-05,4.7558346555429706e-05,0.02,0.02,0.02,0.04,0.0,-0.017965644680657644,0.013305114702794718,0.008110051165656218,1.2352004664929424
-0.0007182221348726392,2e-05,-0.0007382221348726393,0.02,0.02,0.0,0.02,0.02,-0.019718721011119933,0.012577336540035455,0.007365842011498147,1.191125172090243
0.0,0.0,0.0,0.0,0.0,0.0,0.0,0.0,-0.003269314964678527,0.012577336540035455,0.007365842011498147,1.1839616937756445
0.0,0.0,0.0,0.0,0.0,0.0,0.0,0.0,0.01612686726577106,0.012577336540035455,0.007365842011498147,1.219182154124693
0.0,0.0,0.0,0.0,0.0,0.0,0.0,0.0,0.0011208249118113134,0.012577336540035455,0.007365842011498147,1.221669468766883
0.0,0.0,0.0,0.0,0.0,0.0,0.0,0.0,-0.02136141606480546,0.012577336540035455,0.007365842011498147,1.1742114628860785
0.0,0.0,0.0,0.0,0.0,0.0,0.0,0.0,-0.006475052825868022,0.012577336540035455,0.007365842011498147,1.1601333288092834
0.0,0.0,0.0,0.0,0.0,0.0,0.0,0.0,-0.010731648076383382,0.012577336540035455,0.007365842011498147,1.1369515381264357
0.0,0.0,0.0,0.0,0.0,0.0,0.0,0.0,-0.01773865723226875,0.012577336540035455,0.007365842011498147,1.0990448872696414
0.0,0.0,0.0,0.0,0.0,0.0,0.0,0.0,0.01504911814725074,0.012577336540035455,0.007365842011498147,1.130633661774545
0.0,0.0,0.0,0.0,0.0,0.0,0.0,0.0,0.0220640029800776,0.012577336540035455,0.007365842011498147,1.1776439692373923
0.0,0.0,0.0,0.0,0.0,0.0,0.0,0.0,-0.0025585268239577408,0.012577336540035455,0.007365842011498147,1.1720724087290688
0.0,0.0,0.0,0.0,0.0,0.0,0.0,0.0,-0.015230272363598085,0.012577336540035455,0.007365842011498147,1.1389911543506686
0.0,0.0,0.0,0.0,0.0,0.0,0.0,0.0,0.018396212521518462,0.012577336540035455,0.007365842011498147,1.1783404902077517
0.0,0.0,0.0,0.0,0.0,0.0,0.0,0.0,-0.004978472037343917,0.012577336540035455,0.007365842011498147,1.1674956829894385
0.0,0.0,0.0,0.0,0.0,0.0,0.0,0.0,-0.008124619808514866,0.012577336540035455,0.007365842011498147,1.149885604628552
0.0,0.0,0.0,0.0,0.0,0.0,0.0,0.0,-0.029479187255280204,0.012577336540035455,0.007365842011498147,1.0865087243122757
0.0,0.0,0.0,0.0,0.0,0.0,0.0,0.0,-0.007581700715998618,0.012577336540035455,0.007365842011498147,1.0706894396232198
0.0,0.0,0.0,0.0,0.0,0.0,0.0,0.0,0.026810819608671155,0.012577336540035455,0.007365842011498147,1.1262063206545383
0.0,0.0,0.0,0.0,0.0,0.0,0.0,0.0,-0.004515553354495161,0.012577336540035455,0.007365842011498147,1.1166053225709578
0.0,0.0,0.0,0.0,0.0,0.0,0.0,0.0,-0.012715059514942118,0.012577336540035455,0.007365842011498147,1.0896925599248246
0.0,0.0,0.0,0.0,0.0,0.0,0.0,0.0,-0.007308323066848366,0.012577336540035455,0.007365842011498147,1.0744204115865048
0.0,0.0,0.0,0.0,0.0,0.0,0.0,0.0,0.02199043987466287,0.012577336540035455,0.007365842011498147,1.1200378289222712
0.0,0.0,0.0,0.0,0.0,0.0,0.0,0.0,0.02217420604853415,0.012577336540035455,0.007365842011498147,1.1670479845714805
0.0,0.0,0.0,0.0,0.0,0.0,0.0,0.0,0.01251093216133281,0.012577336540035455,0.007365842011498147,1.1941597748968071
0.0,0.0,0.0,0.0,0.0,0.0,0.0,0.0,0.00782184603841607,0.012577336540035455,0.007365842011498147,1.2113221548397357
0.0,0.0,0.0,0.0,0.0,0.0,0.0,0.0,-0.0002923926222593298,0.012577336540035455,0.007365842011498147,1.210675580556222
0.0,0.0,0.0,0.0,0.0,0.0,0.0,0.0,0.011701391836103525,0.012577336540035455,0.007365842011498147,1.236543561746816
0.0,0.0,0.0,0.0,0.0,0.0,0.0,0.0,-0.012878419431224142,0.012577336540035455,0.007365842011498147,1.2077404156824363
0.0,0.0,0.0,0.0,0.0,0.0,0.0,0.0,0.015074363734608909,0.012577336540035455,0.007365842011498147,1.24102069774003
0.0,0.0,0.0,0.0,0.0,0.0,0.0,0.0,0.004883598425542424,0.012577336540035455,0.007365842011498147,1.2519649428911213
0.0,0.0,0.0,0.0,0.0,0.0,0.0,0.0,0.007113038068738753,0.012577336540035455,0.007365842011498147,1.267983255259371
0.0,0.0,0.0,0.0,0.0,0.0,0.0,0.0,0.012370827763277914,0.012577336540035455,0.007365842011498147,1.296040085480183
0.0,0.0,0.0,0.0,0.0,0.0,0.0,0.0,-0.006174792896356585,0.012577336540035455,0.007365842011498147,1.2818625134706099
0.0,0.0,0.0,0.0,0.0,0.0,0.0,0.0,-0.015391317572948426,0.012577336540035455,0.007365842011498147,1.2467416428679776
0.0,0.0,0.0,0.0,0.0,0.0,0.0,0.0,0.0028341128726010467,0.012577336540035455,0.007365842011498147,1.2531091622794386
0.0,0.0,0.0,0.0,0.0,0.0,0.0,0.0,0.008566577431344813,0.012577336540035455,0.007365842011498147,1.2724105963793777
0.0,0.0,0.0,0.0,0.0,0.0,0.0,0.0,-0.01263132479829876,0.012577336540035455,0.007365842011498147,1.2437070400614139
0.0,0.0,0.0,0.0,0.0,0.0,0.0,0.0,-0.00999935653466788,0.012577336540035455,0.007365842011498147,1.2212714134084957
0.0,0.0,0.0,0.0,0.0,0.0,0.0,0.0,0.005038968143330047,0.012577336540035455,0.007365842011498147,1.2324643292983506
0.0,0.0,0.0,0.0,0.0,0.0,0.0,0.0,-0.002673934796955768,0.012577336540035455,0.007365842011498147,1.2264948652452774
0.0,0.0,0.0,0.0,0.0,0.0,0.0,0.0,-0.017092284494708676,0.012577336540035455,0.007365842011498147,1.1884389815824972
0.0,0.0,0.0,0.0,0.0,0.0,0.0,0.0,-0.003705230116974989,0.012577336540035455,0.007365842011498147,1.1803303115587758
0.0,2e-05,-2e-05,0.02,0.0,0.0,0.0,0.0,0.01145357848867623,0.012577336540035455,0.007345694694657956,1.2053028959134542
0.00018538888874904735,0.0,0.00018538888874904735,0.0,0.0,0.02,0.02,-0.02,-0.01245175846263713,0.012765057127229085,0.007532445393583664,1.1778429969165858
-0.0003710757875556059,0.0,-0.0003710757875556059,0.0,0.0,0.02,0.02,-0.02,0.0004111392957082405,0.012389244536046728,0.007158574497921455,1.1787383937525013
-0.0004141348691106961,0.0,-0.0004141348691106961,0.0,0.0,0.02,0.02,-0.02,0.01614267485104759,0.011969978848771712,0.006741475013497977,1.2139090592283415
-7.016576128699104e-05,0.0,-7.016576128699104e-05,0.0,0.0,0.02,0.02,-0.02,-0.0007415447679024467,0.011898973204806262,0.006670836231484456,1.2122673465488587
0.00015503940694127526,2e-05,0.00013503940694127527,0.02,0.0,0.02,0.02,-0.02,-0.014953551807383003,0.012055857421496396,0.006806776464194142,1.1791860921704584
0.0,0.0,0.0,0.0,0.0,0.0,0.0,0.0,-0.027439138658316153,0.012055857421496396,0.006806776464194142,1.1193911028251189
0.0,0.0,0.0,0.0,0.0,0.0,0.0,0.0,0.005797580441186945,0.012055857421496396,0.006806776464194142,1.1316784432300833
0.0,0.0,0.0,0.0,0.0,0.0,0.0,0.0,-0.028960825603343676,0.012055857421496396,0.006806776464194142,1.0699432755932898
0.0,2e-05,-2e-05,0.02,0.0,0.0,0.0,0.0,0.002811782968023202,0.012055857421496396,0.006786640328664939,1.075763506840377
-0.0007398425545643095,0.0,-0.0007398425545643095,0.0,0.0,0.02,0.02,-0.02,0.02525944549675363,0.011307095430579839,0.006041776728783033,1.1281961420055615
0.0007446690794150301,6e-05,0.00068466907941503,0.06,0.0,0.02,0.02,-0.02,-0.03695565238965315,0.012060184554339992,0.006730582425909182,1.0495472651646032
-0.001134018317437069,0.0,-0.001134018317437069,0.0,0.0,0.08,0.08,-0.08,0.0060194441415730715,0.010912489766706557,0.0055889315047141785,1.0618844004427754
-0.0008442628009064768,0.0,-0.0008442628009064768,0.0,0.0,0.08,0.08,-0.08,0.00458404228460374,0.010059013956624785,0.004739950176841479,1.07133616572037
-0.0025331716190791554,2e-05,-0.0025531716190791555,0.02,0.0,0.08,0.08,-0.08,0.030452933683378758,0.007500361128874866,0.0021746766514949556,1.1344144286110365
0.0019740905707996115,0.0,0.0019740905707996115,0.0,0.0,0.06,0.06,-0.06,-0.03554281472701826,0.009489258091856634,0.004153060230966954,1.0585513320242397
-0.000557691533900575,6e-05,-0.0006176915339005751,0.06,0.0,0.06,0.06,-0.06,-0.0059689259207744705,0.008926274479055252,0.0035328033869219677,1.0462639916192753
0.0,0.0,0.0,0.0,0.0,0.0,0.0,0.0,-0.03201726802014637,0.008926274479055252,0.0035328033869219677,0.9807482089596264
0.0,0.0,0.0,0.0,0.0,0.0,0.0,0.0,0.0023105278627999493,0.008926274479055252,0.0035328033869219677,0.9853247828856189
0.0,0.0,0.0,0.0,0.0,0.0,0.0,0.0,-0.015886131940332726,0.008926274479055252,0.0035328033869219677,0.9537856514402856
0.0,0.0,0.0,0.0,0.0,0.0,0.0,0.0,-0.0010439303936584654,0.008926274479055252,0.0035328033869219677,0.9517460352160534
0.0,0.0,0.0,0.0,0.0,0.0,0.0,0.0,0.02390784770955201,0.008926274479055252,0.0035328033869219677,0.9984080821937207
0.0,0.0,0.0,0.0,0.0,0.0,0.0,0.0,-0.004057564666582247,0.008926274479055252,0.0035328033869219677,0.9902994121699991
0.0,2e-05,-2e-05,0.02,0.0,0.0,0.0,0.0,0.020570399314302268,0.008926274479055252,0.0035127327308541734,1.0312406658333568
0.0013582024298242356,0.0,0.0013582024298242356,0.0,0.0,0.02,0.02,-0.02,-0.04031157346543268,0.010296600596566119,0.004875706162808857,0.9493581585066411
0.0005488864047503017,0.0,0.0005488864047503017,0.0,0.0,0.02,0.02,-0.02,-0.006124621002910446,0.010851138665398885,0.005427268776385441,0.9374190785868564
-2.1836715765637392e-05,0.0,-2.1836715765637392e-05,0.0,0.0,0.02,0.02,-0.02,0.0004365363104414932,0.01082906499640246,0.005405313546894108,0.9382648323632017
-0.0005704706910762481,0.0,-0.0005704706910762481,0.0,0.0,0.02,0.02,-0.02,0.01871007995678986,0.010252416641133966,0.004831759282863279,0.974529922354151
-0.00024959133579614877,2e-05,-0.00026959133579614877,0.02,0.0,0.02,0.02,-0.02,-0.007633776773134482,0.01000026639097329,0.004560865346627807,0.9594568016950249
0.0,0.0,0.0,0.0,0.0,0.0,0.0,0.0,0.008834904007038569,0.01000026639097329,0.004560865346627807,0.9767684144439392
0.0,0.0,0.0,0.0,0.0,0.0,0.0,0.0,0.01998138394687965,0.01000026639097329,0.004560865346627807,1.0162669831070081
0.0,0.0,0.0,0.0,0.0,0.0,0.0,0.0,0.02454914082298898,0.01000026639097329,0.004560865346627807,1.065764605212045
0.0,0.0,0.0,0.0,0.0,0.0,0.0,0.0,-0.005610983564631744,0.01000026639097329,0.004560865346627807,1.0541736339638024
0.0,0.0,0.0,0.0,0.0,0.0,0.0,0.0,-0.008088529283735268,0.01000026639097329,0.004560865346627807,1.0375583903716095
0.0,0.0,0.0,0.0,0.0,0.0,0.0,0.0,0.019043478552421167,0.01000026639097329,0.004560865346627807,1.076360589877957
0.0,0.0,0.0,0.0,0.0,0.0,0.0,0.0,-0.016411523666384986,0.01000026639097329,0.004560865346627807,1.0422843489172258
0.0,0.0,0.0,0.0,0.0,0.0,0.0,0.0,0.003044770239154948,0.01000026639097329,0.004560865346627807,1.0485026355227007
0.0,0.0,0.0,0.0,0.0,0.0,0.0,0.0,0.009592223238758413,0.01000026639097329,0.004560865346627807,1.0681523301078193
0.0,0.0,0.0,0.0,0.0,0.0,0.0,0.0,-0.010872153557139663,0.01000026639097329,0.004560865346627807,1.0456670603953309
0.0,0.0,0.0,0.0,0.0,0.0,0.0,0.0,-0.023782886898168987,0.01000026639097329,0.004560865346627807,0.9970151920666388
0.0,0.0,0.0,0.0,0.0,0.0,0.0,0.0,-0.028995652096570734,0.01000026639097329,0.004560865346627807,0.9391104343259082
0.0,0.0,0.0,0.0,0.0,0.0,0.0,0.0,-0.03796815868765324,0.01000026639097329,0.004560865346627807,0.865485981642538
0.0,0.0,0.0,0.0,0.0,0.0,0.0,0.0,-0.003013346354166613,0.01000026639097329,0.004560865346627807,0.8598646262610066
0.0,0.0,0.0,0.0,0.0,0.0,0.0,0.0,0.014256338190961504,0.01000026639097329,0.004560865346627807,0.8863794853623896
0.0,0.0,0.0,0.0,0.0,0.0,0.0,0.0,-0.03309603878307621,0.01000026639097329,0.004560865346627807,0.8239477967552367
0.0,0.0,0.0,0.0,0.0,0.0,0.0,0.0,-0.0021546667341413306,0.01000026639097329,0.004560865346627807,0.8200177971127578
0.0,0.0,0.0,0.0,0.0,0.0,0.0,0.0,0.025173624723693555,0.01000026639097329,0.004560865346627807,0.8658342421277179
0.0,0.0,0.0,0.0,0.0,0.0,0.0,0.0,-0.0018129753446093355,0.01000026639097329,0.004560865346627807,0.8624515306496126
0.0,0.0,0.0,0.0,0.0,0.0,0.0,0.0,0.0098025662185528,0.01000026639097329,0.004560865346627807,0.8807083351076503
0.0,0.0,0.0,0.0,0.0,0.0,0.0,0.0,0.03179386629448655,0.01000026639097329,0.004560865346627807,0.9405033244529895
0.0,0.0,0.0,0.0,0.0,0.0,0.0,0.0,-0.0038197043828572808,0.01000026639097329,0.004560865346627807,0.9330911753996272
0.0,0.0,0.0,0.0,0.0,0.0,0.0,0.0,-0.02043285343481205,0.01000026639097329,0.004560865346627807,0.893592606736558
0.0,0.0,0.0,0.0,0.0,0.0,0.0,0.0,-0.000814390026440015,0.01000026639097329,0.004560865346627807,0.8920504838034913
0.0,0.0,0.0,0.0,0.0,0.0,0.0,0.0,-0.008124300277758567,0.01000026639097329,0.004560865346627807,0.8766788975323934
0.0,0.0,0.0,0.0,0.0,0.0,0.0,0.0,0.010576514869118592,0.01000026639097329,0.004560865346627807,0.8965276197967058
0.0,0.0,0.0,0.0,0.0,0.0,0.0,0.0,0.00188857737683934,0.01000026639097329,0.004560865346627807,0.9001093589540048
0.0,0.0,0.0,0.0,0.0,0.0,0.0,0.0,0.0033773394433473936,0.01000026639097329,0.004560865346627807,0.9065266732386736
0.0,0.0,0.0,0.0,0.0,0.0,0.0,0.0,0.014977143468688947,0.01000026639097329,0.004560865346627807,0.9350809967506515
0.0,0.0,0.0,0.0,0.0,0.0,0.0,0.0,-0.0008225836516971841,0.01000026639097329,0.004560865346627807,0.9334892307580145
0.0,0.0,0.0,0.0,0.0,0.0,0.0,0.0,-0.0114235785834087,0.01000026639097329,0.004560865346627807,0.911401864590276
0.0,0.0,0.0,0.0,0.0,0.0,0.0,0.0,-0.008848929851508869,0.01000026639097329,0.004560865346627807,0.8944880035724734
0.0,0.0,0.0,0.0,0.0,0.0,0.0,0.0,-0.005251687289652196,0.01000026639097329,0.004560865346627807,0.8845387450037132
0.0,2e-05,-2e-05,0.02,0.0,0.0,0.0,0.0,-0.0024284849213771498,0.01000026639097329,0.004540774129320857,0.8799621710777206
-0.0009166661015263289,0.0,-0.0009166661015263289,0.0,0.0,0.02,0.02,-0.02,0.019105080973613298,0.009074433384240077,0.0036199456540755293,0.9158790005834903
0.00020539992280768304,2e-05,0.00018539992280768304,0.02,0.0,0.02,0.02,-0.02,-0.008256933075751594,0.009281697194964522,0.00380601671452796,0.9000597158944346
-0.00117133103429929,0.0,-0.00117133103429929,0.0,0.0,0.04,0.04,-0.04,0.027019181769385003,0.008099494220689785,0.0026302275747338566,0.9513977747308724
-2.5072487421384788e-06,0.0,-2.5072487421384788e-06,0.0,0.0,0.04,0.04,-0.04,0.006373161521445958,0.008096966664500993,0.00262771373135684,0.9638343479418225
-0.000310058204489998,2e-05,-0.000330058204489998,0.02,0.0,0.04,0.04,-0.04,0.010183194374258298,0.007784397929065046,0.002296788228390856,0.9838324548257589
0.00013075852049155624,0.0,0.00013075852049155624,0.0,0.0,0.02,0.02,-0.02,-0.009278096561475047,0.007916174325912628,0.0024278470735130675,0.9654262657480974
-0.00017947905134425125,2e-05,-0.00019947905134425124,0.02,0.0,0.02,0.02,-0.02,0.0012149408761987779,0.007735274487109978,0.002227883717537793,0.9678141424575095
0.0,0.0,0.0,0.0,0.0,0.0,0.0,0.0,-0.01183100990754693,0.007735274487109978,0.002227883717537793,0.9445329138418836
0.0,4e-05,-4e-05,0.04,0.0,0.0,0.0,0.0,0.025966367817333857,0.007735274487109978,0.002187794602189097,0.995025370715614
-0.0007760143878371784,2e-05,-0.0007960143878371784,0.02,0.0,0.04,0.04,-0.04,0.012542386475471679,0.006953257414976877,0.0013900386983709545,1.0200477499435006
-0.0004794206666312074,2e-05,-0.0004994206666312075,0.02,0.0,0.06,0.06,-0.06,0.014578724858715253,0.006470503213040546,0.0008899238176862667,1.0494974702913935
0.00027597119358240273,0.0,0.00027597119358240273,0.0,0.0,0.08,0.08,-0.08,-0.002961239956361772,0.006748260079117774,0.0011661406046068468,1.043428416491904
0.00033165638522270725,0.0,0.00033165638522270725,0.0,0.0,0.08,0.08,-0.08,-0.006597345296781021,0.007082154567884746,0.0014981837478071913,1.0299472136390526
-0.002943212072854222,4e-05,-0.002983212072854222,0.04,0.0,0.08,0.08,-0.08,0.015659497835290637,0.004118098212204435,-0.0014894977248908203,1.0617351676367877
-0.0006469298690636593,2e-05,-0.0006669298690636594,0.02,0.0,0.04,0.04,-0.04,-0.0006755911956808358,0.0034685042224036344,-0.002155434203431894,1.0603422775097067
0.0002482996677464944,2e-05,0.0002282996677464944,0.02,0.0,0.02,0.02,-0.02,-0.00169015666112049,0.0037176651185959475,-0.0019276266205978665,1.0568599762851854
0.0,0.0,0.0,0.0,0.0,0.0,0.0,0.0,-0.0011609330420851993,0.0037176651185959475,-0.0019276266205978665,1.0544720995757735
0.0,0.0,0.0,0.0,0.0,0.0,0.0,0.0,-0.003971002129927292,0.0037176651185959475,-0.0019276266205978665,1.0463137864924819
0.0,0.0,0.0,0.0,0.0,0.0,0.0,0.0,0.021003972292843898,0.0037176651185959475,-0.0019276266205978665,1.0892945045664346
0.0,0.0,0.0,0.0,0.0,0.0,0.0,0.0,0.0,0.0037176651185959475,-0.0019276266205978665,1.0892945045664346
0.0,0.0,0.0,0.0,0.0,0.0,0.0,0.0,0.016929012677594724,0.0037176651185959475,-0.0019276266205978665,1.1246641977214686
0.0,0.0,0.0,0.0,0.0,0.0,0.0,0.0,0.004120766150540245,0.0037176651185959475,-0.0019276266205978665,1.1334194420287038
0.0,0.0,0.0,0.0,0.0,0.0,0.0,0.0,0.0019587438421893033,0.0037176651185959475,-0.0019276266205978665,1.1375982642235845
0.0,0.0,0.0,0.0,0.0,0.0,0.0,0.0,-0.0070980177423810575,0.0037176651185959475,-0.0019276266205978665,1.1224255538180423
0.0,0.0,0.0,0.0,0.0,0.0,0.0,0.0,0.002906412210693654,0.0037176651185959475,-0.0019276266205978665,1.1285941973639475
0.0,0.0,0.0,0.0,0.0,0.0,0.0,0.0,-0.013438032679318979,0.0037176651185959475,-0.0019276266205978665,1.0999900789787622
0.0,0.0,0.0,0.0,0.0,0.0,0.0,0.0,-0.020822495475209313,0.0037176651185959475,-0.0019276266205978665,1.0562630450612427
0.0,0.0,0.0,0.0,0.0,0.0,0.0,0.0,-0.0024192572522898637,0.0037176651185959475,-0.0019276266205978665,1.0512884157768627
0.0,0.0,0.0,0.0,0.0,0.0,0.0,0.0,0.003201181774415529,0.0037176651185959475,-0.0019276266205978665,1.0578549628675171
0.0,2e-05,-2e-05,0.02,0.0,0.0,0.0,0.0,0.014117523988503633,0.0037176651185959475,-0.0019475880680654978,1.0869067796706604
0.0018455868565546707,0.0,0.0018455868565546707,0.0,0.0,0.02,0.02,-0.02,-0.033849042636585946,0.005570113249030673,-0.00010559565445111829,1.0162669831070081
0.0005645763603964515,0.0,0.0005645763603964515,0.0,0.0,0.02,0.02,-0.02,-0.006612204712255654,0.006137834363692418,0.00045892108913525576,1.0029350130601427
0.00042149134483653316,0.0,0.00042149134483653316,0.0,0.0,0.02,0.02,-0.02,-0.010977854044983193,0.006561912752589327,0.0008806058652388593,0.980947084825182
0.00048357969919184286,0.0,0.00048357969919184286,0.0,0.0,0.02,0.02,-0.02,-0.00760904759879355,0.00704866565957607,0.0013646114075500648,0.9658739641660559
0.001533058961891316,2e-05,0.001513058961891316,0.02,0.0,0.02,0.02,-0.02,0.0031378631887633013,0.008592530641526208,0.0028797351069609345,0.9720426077119608
0.0,0.0,0.0,0.0,0.0,0.0,0.0,0.0,-0.010544430280438832,0.008592530641526208,0.0028797351069609345,0.9512485419248873
0.0,0.0,0.0,0.0,0.0,0.0,0.0,0.0,-0.003773150381391921,0.008592530641526208,0.0028797351069609345,0.9438861877447329
0.0,0.0,0.0,0.0,0.0,0.0,0.0,0.0,0.017964962734754897,0.008592530641526208,0.0028797351069609345,0.9788080306681717
0.0,0.0,0.0,0.0,0.0,0.0,0.0,0.0,0.006536291697658347,0.008592530641526208,0.0028797351069609345,0.9917420971702877
0.0,0.0,0.0,0.0,0.0,0.0,0.0,0.0,0.01553524437995768,0.008592530641526208,0.0028797351069609345,1.0226842973916774
0.0,0.0,0.0,0.0,0.0,0.0,0.0,0.0,0.010747651381183054,0.008592530641526208,0.0028797351069609345,1.0444234030742363
0.0,0.0,0.0,0.0,0.0,0.0,0.0,0.0,-0.043482480629019826,0.008592530641526208,0.0028797351069609345,0.955526802052546
0.0,0.0,0.0,0.0,0.0,0.0,0.0,0.0,0.003815822886568565,0.008592530641526208,0.0028797351069609345,0.9629887459791164
0.0,0.0,0.0,0.0,0.0,0.0,0.0,0.0,-0.011353296799374357,0.008592530641526208,0.0028797351069609345,0.9407023521321838
0.0,0.0,0.0,0.0,0.0,0.0,0.0,0.0,-0.011688705054002657,0.008592530641526208,0.0028797351069609345,0.9180180547405015
0.0,0.0,0.0,0.0,0.0,0.0,0.0,0.0,0.007754928554071894,0.008592530641526208,0.0028797351069609345,0.9328921477204339
0.0,0.0,0.0,0.0,0.0,0.0,0.0,0.0,-0.011478552554876287,0.008592530641526208,0.0028797351069609345,0.9107053436199173
0.0,0.0,0.0,0.0,0.0,0.0,0.0,0.0,-0.017443780763191308,0.008592530641526208,0.0028797351069609345,0.8773754185027534
0.0,0.0,0.0,0.0,0.0,0.0,0.0,0.0,-0.008399833871300055,0.008592530641526208,0.0028797351069609345,0.8616057768732679
0.0,2e-05,-2e-05,0.02,0.0,0.0,0.0,0.0,-0.016754820675589754,0.008592530641526208,0.002859677512258685,0.8304149059131143
-0.0005960546345791507,0.0,-0.0005960546345791507,0.0,0.0,0.02,0.02,-0.02,-0.009892687940418976,0.007991354389235372,0.002261918353644976,0.8123071824474244
8.328128464837992e-05,0.0,8.328128464837992e-05,0.0,0.0,0.02,0.02,-0.02,-0.0025527509044867003,0.008075301204143237,0.0023453880137596084,0.8076808136482241
-0.0004177303368979946,0.0,-0.0004177303368979946,0.0,0.0,0.02,0.02,-0.02,0.019676354781243965,0.007654197568952803,0.0019266779371365228,0.8432493826688143
0.00038133065988128935,0.0,0.00038133065988128935,0.0,0.0,0.02,0.02,-0.02,-0.020888970555351105,0.00803844700904377,0.0023087432983868172,0.8047458005880763
0.00028017962414919053,2e-05,0.00026017962414919053,0.02,0.0,0.02,0.02,-0.02,-0.015463534653672784,0.008320878842254631,0.002569523610499669,0.7768380513596123
0.0,0.0,0.0,0.0,0.0,0.0,0.0,0.0,0.02640123430525132,0.008320878842254631,0.002569523610499669,0.8237487690760437
0.0,0.0,0.0,0.0,0.0,0.0,0.0,0.0,0.030986651545366062,0.008320878842254631,0.002569523610499669,0.8802606366896932
0.0,0.0,0.0,0.0,0.0,0.0,0.0,0.0,-0.0023282400189708063,0.008320878842254631,0.002569523610499669,0.8758829386292568
0.0,0.0,0.0,0.0,0.0,0.0,0.0,0.0,-0.010315797736977772,0.008320878842254631,0.002569523610499669,0.8565317096561098
0.0,0.0,0.0,0.0,0.0,0.0,0.0,0.0,-0.027893899575583303,0.008320878842254631,0.002569523610499669,0.8047458005880763
0.0,0.0,0.0,0.0,0.0,0.0,0.0,0.0,-0.00763532474987394,0.008320878842254631,0.002569523610499669,0.7909659803096152
0.0,0.0,0.0,0.0,0.0,0.0,0.0,0.0,-0.006332978303630554,0.008320878842254631,0.002569523610499669,0.779623831613774
0.0,0.0,0.0,0.0,0.0,0.0,0.0,0.0,-0.0032984645496528797,0.008320878842254631,0.002569523610499669,0.7737538054934785
0.0,0.0,0.0,0.0,0.0,0.0,0.0,0.0,0.026391080677980572,0.008320878842254631,0.002569523610499669,0.820565085277132
0.0,0.0,0.0,0.0,0.0,0.0,0.0,0.0,-0.022788743093893893,0.008320878842254631,0.002569523610499669,0.7790766952630384
0.0,0.0,0.0,0.0,0.0,0.0,0.0,0.0,0.0256969558368505,0.008320878842254631,0.002569523610499669,0.8247935505315827
0.0,0.0,0.0,0.0,0.0,0.0,0.0,0.0,0.011749625081884707,0.008320878842254631,0.002569523610499669,0.84623419060217
0.0,0.0,0.0,0.0,0.0,0.0,0.0,0.0,-0.007086478722309053,0.008320878842254631,0.002569523610499669,0.8331508912940682
0.0,0.0,0.0,0.0,0.0,0.0,0.0,0.0,-0.008385336059404724,0.008320878842254631,0.002569523610499669,0.81777930502297
0.0,0.0,0.0,0.0,0.0,0.0,0.0,0.0,0.02430148270112431,0.008320878842254631,0.002569523610499669,0.8619540373584476
0.0,0.0,0.0,0.0,0.0,0.0,0.0,0.0,0.012236464954195947,0.008320878842254631,0.002569523610499669,0.8847377726829078
0.0,0.0,0.0,0.0,0.0,0.0,0.0,0.0,0.015968586556123432,0.008320878842254631,0.002569523610499669,0.91483437094159
0.0,2e-05,-2e-05,0.02,0.0,0.0,0.0,0.0,-0.007534096209333541,0.008320878842254631,0.002549472220027438,0.9004078245659775
0.0005709468188687871,2e-05,0.0005509468188687871,0.02,0.0,0.02,0.02,-0.02,-0.00533997718970336,0.008896576440428738,0.003101823662505554,0.8902596901316613
-0.001139971053581399,2e-05,-0.001159971053581399,0.02,0.0,0.04,0.04,-0.04,0.023790667313994707,0.007746463547229299,0.0019382545832622444,0.9352302295566384
0.0013998538679477956,0.0,0.0013998538679477956,0.0,0.02,0.04,0.06,-0.02,-0.007223272936998093,0.00915716133213662,0.0033408217243855454,0.9212515334126212
-0.0006861035899172773,0.0,-0.0006861035899172773,0.0,0.02,0.04,0.06,-0.02,-0.004375864112264538,0.00846477498095588,0.0026524259846898435,0.9128443977769278
0.0007877526014063196,2e-05,0.0007677526014063195,0.02,0.02,0.04,0.06,-0.02,-0.025096208707478307,0.00925919573087386,0.0034222149930458468,0.8648392555453874
-0.00025218357268545603,2e-05,-0.00027218357268545603,0.02,0.02,0.02,0.04,0.0,-0.010296863984421645,0.009004677141128736,0.0031490999496570637,0.8456372593782264
0.00037625985392230276,2e-05,0.00035625985392230276,0.02,0.02,0.0,0.02,0.02,0.014393132792465568,0.0093843250935568,0.003506481701467612,0.8722017615391795
0.0,0.0,0.0,0.0,0.0,0.0,0.0,0.0,0.009565580032235843,0.0093843250935568,0.003506481701467612,0.8901104573256755
0.0,0.0,0.0,0.0,0.0,0.0,0.0,0.0,0.005395414467974202,0.0093843250935568,0.003506481701467612,0.9003083866331998
0.0,0.0,0.0,0.0,0.0,0.0,0.0,0.0,-0.02060208145860598,0.0093843250935568,0.003506481701467612,0.8611580784553106
0.0,0.0,0.0,0.0,0.0,0.0,0.0,0.0,0.054954153075837064,0.0093843250935568,0.003506481701467612,0.9634364443970744
0.0,0.0,0.0,0.0,0.0,0.0,0.0,0.0,0.009678500343534457,0.0093843250935568,0.003506481701467612,0.9824395646986797
0.0,0.0,0.0,0.0,0.0,0.0,0.0,0.0,-0.00850672396016161,0.0093843250935568,0.003506481701467612,0.965575498554085
0.0,0.0,0.0,0.0,0.0,0.0,0.0,0.0,0.008529042212070292,0.0093843250935568,0.003506481701467612,0.9823399749522639
0.0,0.0,0.0,0.0,0.0,0.0,0.0,0.0,-0.007628743762310708,0.0093843250935568,0.003506481701467612,0.9672172112335677
0.0,2e-05,-2e-05,0.02,0.0,0.0,0.0,0.0,-0.0030598607543417256,0.0093843250935568,0.003486411571833603,0.9611978004936486
0.00034190170091892737,0.0,0.00034190170091892737,0.0,0.0,0.02,0.02,-0.02,0.004540403280391958,0.009729435311187196,0.0038295052827990173,0.9701024294205074
0.0001194107408147338,0.0,0.0001194107408147338,0.0,0.0,0.02,0.02,-0.02,-0.0036360943510462818,0.009850007851080145,0.003949373307676529,0.962938951105909
-0.0009414372258233117,0.0,-0.0009414372258233117,0.0,0.0,0.02,0.02,-0.02,0.01345699994392846,0.008899297461191225,0.0030042179948026604,0.9893542204608763
-0.0005998241547780481,0.0,-0.0005998241547780481,0.0,0.0,0.02,0.02,-0.02,0.006301624330362854,0.008294135292835403,0.0024025918375052413,1.0018903834182424
0.0003014694055789624,2e-05,0.0002814694055789624,0.02,0.0,0.02,0.02,-0.02,-0.0002237136634978265,0.008598105126450983,0.002684737499180745,1.0014425331866468
0.0,0.0,0.0,0.0,0.0,0.0,0.0,0.0,-0.015957008238070003,0.008598105126450983,0.002684737499180745,0.9695054981965638
0.0,0.0,0.0,0.0,0.0,0.0,0.0,0.0,-0.0017175435565947028,0.008598105126450983,0.002684737499180745,0.9661227867184585
0.0,0.0,0.0,0.0,0.0,0.0,0.0,0.0,0.03150059798946736,0.008598105126450983,0.002684737499180745,1.028056830220808
0.0,0.0,0.0,0.0,0.0,0.0,0.0,0.0,-0.0007358413421266752,0.008598105126450983,0.002684737499180745,1.0265645021609493
0.0,0.0,0.0,0.0,0.0,0.0,0.0,0.0,-0.0011537169597666264,0.008598105126450983,0.002684737499180745,1.0242264203247453
0.0,0.0,0.0,0.0,0.0,0.0,0.0,0.0,-0.017989253786685366,0.008598105126450983,0.002684737499180745,0.9878120975278097
0.0,0.0,0.0,0.0,0.0,0.0,0.0,0.0,-0.014414799715742554,0.008598105126450983,0.002684737499180745,0.9591581842694163
0.0,0.0,0.0,0.0,0.0,0.0,0.0,0.0,-0.0017011983165312605,0.008598105126450983,0.002684737499180745,0.9558252676645187
0.0,0.0,0.0,0.0,0.0,0.0,0.0,0.0,0.007833926502128774,0.008598105126450983,0.002684737499180745,0.971147059062409
0.0,2e-05,-2e-05,0.02,0.0,0.0,0.0,0.0,-0.007470198687737906,0.008598105126450983,0.0026646838044306342,0.9564221988884625
-0.00019295282878976306,0.0,-0.00019295282878976306,0.0,0.0,0.02,0.02,-0.02,0.014417243300787197,0.008403493268954954,0.0024712168173630644,0.9846284137288985
-2.1326260624174865e-05,0.0,-2.1326260624174865e-05,0.0,0.0,0.02,0.02,-0.02,0.007569843141412624,0.008381987793243173,0.002449837854925141,0.9996517395148168
0.00019172564835474583,0.0,0.00019172564835474583,0.0,0.0,0.02,0.02,-0.02,-0.006393530155021865,0.008575320483642068,0.00264203320003098,0.986866905818687
0.0008111344224492046,0.0,0.0008111344224492046,0.0,0.0,0.02,0.02,-0.02,-0.024461665405543398,0.009393410643719236,0.0034553106665540234,0.938264832363203
0.00010605468455773481,2e-05,8.605468455773481e-05,0.02,0.0,0.02,0.02,-0.02,-0.01632321892420352,0.009500461543479721,0.003541662696781245,0.9066261111714538
0.0,0.0,0.0,0.0,0.0,0.0,0.0,0.0,-0.008479662100243535,0.009500461543479721,0.003541662696781245,0.8904585659972184
0.0,0.0,0.0,0.0,0.0,0.0,0.0,0.0,0.001368400469142994,0.009500461543479721,0.003541662696781245,0.8930454703858244
0.0,0.0,0.0,0.0,0.0,0.0,0.0,0.0,0.014952442091866303,0.009500461543479721,0.003541662696781245,0.9213511231590383
0.0,0.0,0.0,0.0,0.0,0.0,0.0,0.0,-0.014266135745262032,0.009500461543479721,0.003541662696781245,0.8939408672217399
0.0,0.0,0.0,0.0,0.0,0.0,0.0,0.0,0.005752265272075174,0.009500461543479721,0.003541662696781245,0.9048353174996235
0.0,0.0,0.0,0.0,0.0,0.0,0.0,0.0,-0.0039435108803203,0.009500461543479721,0.003541662696781245,0.8973235786998455
0.0,0.0,0.0,0.0,0.0,0.0,0.0,0.0,-0.01242787181496774,0.009500461543479721,0.003541662696781245,0.873743884472248
0.0,0.0,0.0,0.0,0.0,0.0,0.0,0.0,0.01800031517383771,0.009500461543479721,0.003541662696781245,0.9074718649477995
0.0,0.0,0.0,0.0,0.0,0.0,0.0,0.0,-0.002634075107433076,0.009500461543479721,0.003541662696781245,0.9024474407902117
0.0,0.0,0.0,0.0,0.0,0.0,0.0,0.0,-0.004209882546862387,0.009500461543479721,0.003541662696781245,0.894438360512906
0.0,0.0,0.0,0.0,0.0,0.0,0.0,0.0,0.007720189025949065,0.009500461543479721,0.003541662696781245,0.9090637827540746
0.0,0.0,0.0,0.0,0.0,0.0,0.0,0.0,-0.011413395797773451,0.009500461543479721,0.003541662696781245,0.8872748821983079
0.0,0.0,0.0,0.0,0.0,0.0,0.0,0.0,0.022932103899730993,0.009500461543479721,0.003541662696781245,0.930554065884232
0.0,0.0,0.0,0.0,0.0,0.0,0.0,0.0,-0.0005668965891446609,0.009500461543479721,0.003541662696781245,0.9294596413691227
0.0,0.0,0.0,0.0,0.0,0.0,0.0,0.0,0.007012843096556365,0.009500461543479721,0.003541662696781245,0.9429906390951823
0.0,0.0,0.0,0.0,0.0,0.0,0.0,0.0,0.01264786371867066,0.009500461543479721,0.003541662696781245,0.9675653199051111
0.0,0.0,0.0,0.0,0.0,0.0,0.0,0.0,0.003640782972808232,0.009500461543479721,0.003541662696781245,0.9747287982197095
0.0,0.0,0.0,0.0,0.0,0.0,0.0,0.0,0.0038795056884117773,0.009500461543479721,0.003541662696781245,0.9823897698254733
0.0,0.0,0.0,0.0,0.0,0.0,0.0,0.0,-0.0018318970798698597,0.009500461543479721,0.003541662696781245,0.9787582357949662
0.0,0.0,0.0,0.0,0.0,0.0,0.0,0.0,-0.015788015568668268,0.009500461543479721,0.003541662696781245,0.9475175699616047
0.0,0.0,0.0,0.0,0.0,0.0,0.0,0.0,-0.007279817254666643,0.009500461543479721,0.003541662696781245,0.9333399979520318
0.0,0.0,0.0,0.0,0.0,0.0,0.0,0.0,0.018629039629190602,0.009500461543479721,0.003541662696781245,0.9693562653905794
0.0,0.0,0.0,0.0,0.0,0.0,0.0,0.0,0.011998585281936869,0.009500461543479721,0.003541662696781245,0.9929857544913849
0.0,0.0,0.0,0.0,0.0,0.0,0.0,0.0,-0.0010732912426442143,0.009500461543479721,0.003541662696781245,0.9908467003343746
0.0,2e-05,-2e-05,0.02,0.0,0.0,0.0,0.0,0.00037479733110745705,0.009500461543479721,0.003521591863527185,0.9915928643643039
-0.0006142720062260354,0.0,-0.0006142720062260354,0.0,0.0,0.02,0.02,-0.02,0.010990368001509987,0.008880353669681318,0.0029051566420019714,1.0134812028528488
-1.2903521137852537e-05,2e-05,-3.290352113785254e-05,0.02,0.0,0.02,0.02,-0.02,0.0022976965430050456,0.008867335560712286,0.0028721575309811342,1.0181075716520493
0.001024353714258519,0.0,0.001024353714258519,0.0,0.0,0.04,0.04,-0.04,-0.012546826143231882,0.009900772563087967,0.003899453350474369,0.9927867268121913
-0.00039958879808779104,0.0,-0.00039958879808779104,0.0,0.0,0.04,0.04,-0.04,0.014703349315466685,0.00949722752719162,0.003498306374509097,1.0220873661677365
-9.29803471696866e-05,2e-05,-0.0001129803471696866,0.02,0.0,0.04,0.04,-0.04,0.010627771821197785,0.009403364124509261,0.003384930787470708,1.043577649297894
0.0002742770886023993,2e-05,0.0002542770886023993,0.02,0.0,0.02,0.02,-0.02,0.01455698920162063,0.009680220340446688,0.0036400685864188542,1.0733259870713967
0.0001852582073180553,8e-05,0.00010525820731805529,0.08,0.0,0.04,0.04,-0.04,-0.010629091340170427,0.009867271888031492,0.003745709940830677,1.0512884157768658
0.001001882377044596,0.0,0.001001882377044596,0.0,0.0,0.08,0.08,-0.08,-0.006111360480051453,0.010879040110890248,0.00475134507865449,1.0387522528194997
-0.0018901315231084005,0.0,-0.0018901315231084005,0.0,0.0,0.08,0.08,-0.08,0.013078632712971272,0.00896834577112715,0.002852232888435724,1.0654163447268687
0.003147960682794522,0.0,0.003147960682794522,0.0,0.0,0.08,0.08,-0.08,-0.010934773280246723,0.012144538453798814,0.006009172288221176,1.0428314852679645
0.001978353257647232,2e-05,0.001958353257647232,0.02,0.0,0.08,0.08,-0.08,-0.00866917718618343,0.014146917898658629,0.007979293627994766,1.0251218171606622
0.0002023201697310406,6e-05,0.00014232016973104062,0.06,0.0,0.06,0.06,-0.06,0.0023336663037101246,0.014352100275220048,0.008122749412149188,1.029847775706278
0.0,0.0,0.0,0.0,0.0,0.0,0.0,0.0,0.011738991096546858,0.014352100275220048,0.008122749412149188,1.0536761406726396
0.0,0.0,0.0,0.0,0.0,0.0,0.0,0.0,-0.00046016987623753725,0.014352100275220048,0.008122749412149188,1.0527311007771543
0.0,0.0,0.0,0.0,0.0,0.0,0.0,0.0,0.0032473737163669636,0.014352100275220048,0.008122749412149188,1.0593970858005872
0.0,0.0,0.0,0.0,0.0,0.0,0.0,0.0,-0.013768810222142602,0.014352100275220048,0.008122749412149188,1.0310416381541656
0.0,0.0,0.0,0.0,0.0,0.0,0.0,0.0,-0.002498258589011204,0.014352100275220048,0.008122749412149188,1.0259675709370075
0.0,0.0,0.0,0.0,0.0,0.0,0.0,0.0,-0.0200609272499801,0.014352100275220048,0.008122749412149188,0.9853247828856213
0.0,0.0,0.0,0.0,0.0,0.0,0.0,0.0,-0.0013781046831931043,0.014352100275220048,0.008122749412149188,0.9825887975046672
0.0,0.0,0.0,0.0,0.0,0.0,0.0,0.0,0.005319403502116682,0.014352100275220048,0.008122749412149188,0.9931349872973709
0.0,0.0,0.0,0.0,0.0,0.0,0.0,0.0,-0.01068237093839386,0.014352100275220048,0.008122749412149188,0.9718435800327694
0.0,0.0,0.0,0.0,0.0,0.0,0.0,0.0,0.0034058380515806785,0.014352100275220048,0.008122749412149188,0.97855935992941
0.0,0.0,0.0,0.0,0.0,0.0,0.0,0.0,-0.0036959776232566854,0.014352100275220048,0.008122749412149188,0.9712466488088258
0.0,0.0,0.0,0.0,0.0,0.0,0.0,0.0,-0.003835914535380569,0.014352100275220048,0.008122749412149188,0.9636851151358399
0.0,0.0,0.0,0.0,0.0,0.0,0.0,0.0,0.007777289862108905,0.014352100275220048,0.008122749412149188,0.9789572634741599
0.0,0.0,0.0,0.0,0.0,0.0,0.0,0.0,0.016037819365946948,0.014352100275220048,0.008122749412149188,1.0106954225986873
0.0,0.0,0.0,0.0,0.0,0.0,0.0,0.0,0.0006927404874084164,0.014352100275220048,0.008122749412149188,1.0120883127257683
0.0,0.0,0.0,0.0,0.0,0.0,0.0,0.0,-0.015328731891906533,0.014352100275220048,0.008122749412149188,0.9812455504371564
0.0,0.0,0.0,0.0,0.0,0.0,0.0,0.0,0.0016321199989792756,0.014352100275220048,0.008122749412149188,0.9844791809229136
0.0,0.0,0.0,0.0,0.0,0.0,0.0,0.0,-0.01844985365837981,0.014352100275220048,0.008122749412149188,0.9478658304467844
0.0,0.0,0.0,0.0,0.0,0.0,0.0,0.0,-0.01442944614289643,0.014352100275220048,0.008122749412149188,0.9197592053527643
0.0,0.0,0.0,0.0,0.0,0.0,0.0,0.0,-0.001425250201672501,0.014352100275220048,0.008122749412149188,0.9170230681581726
0.0,0.0,0.0,0.0,0.0,0.0,0.0,0.0,0.016530065073970368,0.014352100275220048,0.008122749412149188,0.9487115842231295
0.0,0.0,0.0,0.0,0.0,0.0,0.0,0.0,-0.006254338800497861,0.014352100275220048,0.008122749412149188,0.9365236817509432
0.0,0.0,0.0,0.0,0.0,0.0,0.0,0.0,0.01754517723408111,0.014352100275220048,0.008122749412149188,0.9705003329652588
0.0,0.0,0.0,0.0,0.0,0.0,0.0,0.0,-0.015450241961852518,0.014352100275220048,0.008122749412149188,0.9400556260350346
0.0,0.0,0.0,0.0,0.0,0.0,0.0,0.0,0.009615631410812231,0.014352100275220048,0.008122749412149188,0.9587104858514601
0.0,0.0,0.0,0.0,0.0,0.0,0.0,0.0,0.013130526631691453,0.014352100275220048,0.008122749412149188,0.984429386049706
0.0,0.0,0.0,0.0,0.0,0.0,0.0,0.0,-0.017046497325513887,0.014352100275220048,0.008122749412149188,0.9506018158277385
0.0,0.0,0.0,0.0,0.0,0.0,0.0,0.0,0.0027033947508923184,0.014352100275220048,0.008122749412149188,0.9558750625377281
0.0,0.0,0.0,0.0,0.0,0.0,0.0,0.0,0.006562012575101583,0.014352100275220048,0.008122749412149188,0.9687095392934284
0.0,0.0,0.0,0.0,0.0,0.0,0.0,0.0,0.0018698426642451693,0.014352100275220048,0.008122749412149188,0.9723907163835057
0.0,0.0,0.0,0.0,0.0,0.0,0.0,0.0,-0.002244657249312332,0.014352100275220048,0.008122749412149188,0.9679633752634991
0.0,0.0,0.0,0.0,0.0,0.0,0.0,0.0,0.014534883496678752,0.014352100275220048,0.008122749412149188,0.9965674936486848
0.0,0.0,0.0,0.0,0.0,0.0,0.0,0.0,0.005855253688247242,0.014352100275220048,0.008122749412149188,1.0082579028297056
0.0,0.0,0.0,0.0,0.0,0.0,0.0,0.0,0.014094630342711634,0.014352100275220048,0.008122749412149188,1.0365635556029198
0.0,0.0,0.0,0.0,0.0,0.0,0.0,0.0,0.003810541299922532,0.014352100275220048,0.008122749412149188,1.0443239651414618
0.0,0.0,0.0,0.0,0.0,0.0,0.0,0.0,-0.0055481170740256935,0.014352100275220048,0.008122749412149188,1.0329818164456204
0.0,0.0,0.0,0.0,0.0,0.0,0.0,0.0,-0.0026182672793729767,0.014352100275220048,0.008122749412149188,1.0276589266760605
0.0,0.0,0.0,0.0,0.0,0.0,0.0,0.0,0.003900874175862601,0.014352100275220048,0.008122749412149188,1.0355685690205885
0.0,0.0,0.0,0.0,0.0,0.0,0.0,0.0,0.0010263762742257487,0.014352100275220048,0.008122749412149188,1.0376578283043907
0.0,0.0,0.0,0.0,0.0,0.0,0.0,0.0,0.0002685868828276039,0.014352100275220048,0.008122749412149188,1.038205116468764
0.0,0.0,0.0,0.0,0.0,0.0,0.0,0.0,-0.004075987071070042,0.014352100275220048,0.008122749412149188,1.0298974187658487
0.0,0.0,0.0,0.0,0.0,0.0,0.0,0.0,0.013282719249790409,0.014352100275220048,0.008122749412149188,1.0568599762851898
0.0,2e-05,-2e-05,0.02,0.0,0.0,0.0,0.0,-0.0024427643181926806,0.014352100275220048,0.008102586957160929,1.0518355521276015
0.00015858230193793065,0.0,0.00015858230193793065,0.0,0.02,0.0,0.02,0.02,0.003588253447581513,0.014512958566257117,0.008262454185990142,1.0591980581213938
0.00022455725450488018,0.0,0.00022455725450488018,0.0,0.02,0.0,0.02,0.02,0.0006522418999843627,0.014740774810892532,0.008488866834522657,1.0605411533752669
-2.545865396755609e-05,0.0,-2.545865396755609e-05,0.0,0.02,0.0,0.02,0.02,-0.0001689404120717164,0.014714940876639826,0.00846319206543189,1.060193044703725
-5.806594796279763e-05,0.0,-5.806594796279763e-05,0.0,0.02,0.0,0.02,0.02,-0.005457115192173623,0.014656020491685906,0.008404634694199054,1.0489503339406618
-3.835015654319429e-05,2e-05,-5.8350156543194296e-05,0.02,0.02,0.0,0.02,0.02,0.0007769430912525355,0.014617108274462609,0.008345794125905748,1.0505422517469367
0.0,0.0,0.0,0.0,0.0,0.0,0.0,0.0,0.0010431651214151128,0.014617108274462609,0.008345794125905748,1.0526813059039473
0.0,0.0,0.0,0.0,0.0,0.0,0.0,0.0,-0.015873829418699414,0.014617108274462609,0.008345794125905748,1.0200973930030748
0.0,0.0,0.0,0.0,0.0,0.0,0.0,0.0,-0.004235621743444495,0.014617108274462609,0.008345794125905748,1.0115410245613954
0.0,0.0,0.0,0.0,0.0,0.0,0.0,0.0,0.01990804877378749,0.014617108274462609,0.008345794125905748,1.0515868813888383
0.0,2e-05,-2e-05,0.02,0.0,0.0,0.0,0.0,0.008535168842693341,0.014617108274462609,0.008325627210023168,1.0690975218169467
-0.0006448542427465754,0.0,-0.0006448542427465754,0.0,0.02,0.0,0.02,0.02,-0.0010097442299229487,0.01396282812742844,0.007675404151246568,1.067008262533144
0.0003096509856758756,0.0,0.0003096509856758756,0.0,0.02,0.0,0.02,0.02,-0.011239232071373118,0.014276802716596926,0.007987431833383463,1.0437766769770884
3.860710796317335e-06,0.0,3.860710796317335e-06,0.0,0.02,0.0,0.02,0.02,-0.006864003868551016,0.01428071854599966,0.007991323381344229,1.0297481859598632
6.753467804507807e-05,0.0,6.753467804507807e-05,0.0,0.02,0.0,0.02,0.02,-0.007082947425800068,0.014349217667773972,0.008059397750840969,1.0153715862710966
0.00031923147348257076,2e-05,0.00029923147348257076,0.02,0.02,0.0,0.02,0.02,0.018512575986983304,0.014673029863155884,0.00836104084978806,1.0526813059039473
0.0,0.0,0.0,0.0,0.0,0.0,0.0,0.0,0.0002665471494098792,0.014673029863155884,0.00836104084978806,1.053228442254683
0.0,0.0,0.0,0.0,0.0,0.0,0.0,0.0,-0.004385321513347806,0.014673029863155884,0.00836104084978806,1.044224375395046
0.0,0.0,0.0,0.0,0.0,0.0,0.0,0.0,0.0046723613801760155,0.014673029863155884,0.00836104084978806,1.0537757304190563
0.0,0.0,0.0,0.0,0.0,0.0,0.0,0.0,-0.001743977740241598,0.014673029863155884,0.00836104084978806,1.0501939912617568
0.0,0.0,0.0,0.0,0.0,0.0,0.0,0.0,-0.001310286896183177,0.014673029863155884,0.00836104084978806,1.047507648940373
0.0,0.0,0.0,0.0,0.0,0.0,0.0,0.0,0.0034500678839837207,0.014673029863155884,0.00836104084978806,1.0545716893221933
0.0,0.0,0.0,0.0,0.0,0.0,0.0,0.0,-0.006682670396272572,0.014673029863155884,0.00836104084978806,1.04084166391694
0.0,0.0,0.0,0.0,0.0,0.0,0.0,0.0,0.01213896645052559,0.014673029863155884,0.00836104084978806,1.0656153724060626
0.0,0.0,0.0,0.0,0.0,0.0,0.0,0.0,0.009633215071565893,0.014673029863155884,0.00836104084978806,1.085513889543583
0.0,0.0,0.0,0.0,0.0,0.0,0.0,0.0,-0.0014550863563069782,0.014673029863155884,0.00836104084978806,1.0824792867370192
0.0,0.0,0.0,0.0,0.0,0.0,0.0,0.0,0.0004061283018428341,0.014673029863155884,0.00836104084978806,1.0833250405133645
0.0,0.0,0.0,0.0,0.0,0.0,0.0,0.0,-0.011222837486886017,0.014673029863155884,0.00836104084978806,1.059944222151323
0.0,0.0,0.0,0.0,0.0,0.0,0.0,0.0,-0.007244801918740551,0.014673029863155884,0.00836104084978806,1.0450203342981825
0.0,2e-05,-2e-05,0.02,0.0,0.0,0.0,0.0,0.008659898295524604,0.014673029863155884,0.008340873628970957,1.0627300024054844
0.0005086885807869645,0.0,0.0005086885807869645,0.0,0.02,0.0,0.02,0.02,0.012950669712364915,0.015189182446679883,0.008853805116926905,1.0894437373724237
0.000598264746617354,0.0,0.000598264746617354,0.0,0.02,0.0,0.02,0.02,0.00038094297008361977,0.015796534345685176,0.009457366783019117,1.0902396962755612
-0.0011353496167042865,0.0,-0.0011353496167042865,0.0,0.02,0.0,0.02,0.02,-0.005545210654671728,0.014643250139766195,0.008311279748562717,1.0786488768409561
0.0010234185350287905,2e-05,0.0010034185350287904,0.02,0.02,0.0,0.02,0.02,0.009501019894013307,0.015681654848401116,0.009323037975740966,1.0983981611724905
-0.0002223932197363765,2e-05,-0.0002423932197363765,0.02,0.02,0.02,0.04,0.0,0.014461158782416605,0.015455774134952138,0.009078384914811943,1.128743430169937
-0.00022083820784625453,0.0,-0.00022083820784625453,0.0,0.0,0.02,0.02,-0.02,-0.0019162630830240612,0.015231522701645073,0.00885554185271098,1.1246641977214722
7.679653581765588e-05,0.0,7.679653581765588e-05,0.0,0.0,0.02,0.02,-0.02,0.0021774588210983215,0.015309488965641549,0.008933018463465725,1.1292905665206727
0.00019486300252387955,0.0,0.00019486300252387955,0.0,0.0,0.02,0.02,-0.02,-0.003457727240027575,0.01550733522115233,0.009129622180789054,1.1219280605268804
-0.0003466156398779008,2e-05,-0.0003666156398779008,0.02,0.0,0.02,0.02,-0.02,0.0060485691329945634,0.015155344496353917,0.008759659478633441,1.1347626890962181
0.0,0.0,0.0,0.0,0.0,0.0,0.0,0.0,0.0017943024372815142,0.015155344496353917,0.008759659478633441,1.1385930989922812
0.0,0.0,0.0,0.0,0.0,0.0,0.0,0.0,0.009071863112013467,0.015155344496353917,0.008759659478633441,1.1579941228386357
0.0,0.0,0.0,0.0,0.0,0.0,0.0,0.0,0.006592936721117493,0.015155344496353917,0.008759659478633441,1.1722216415350544
0.0,0.0,0.0,0.0,0.0,0.0,0.0,0.0,0.0011908327057914558,0.015155344496353917,0.008759659478633441,1.1748083941100225
0.0,0.0,0.0,0.0,0.0,0.0,0.0,0.0,0.012397670338390565,0.015155344496353917,0.008759659478633441,1.201770951629363
0.0,0.0,0.0,0.0,0.0,0.0,0.0,0.0,-0.007094474932526573,0.015155344496353917,0.008759659478633441,1.1861505428058634
0.0,0.0,0.0,0.0,0.0,0.0,0.0,0.0,-0.0051881828235322835,0.015155344496353917,0.008759659478633441,1.1748083941100225
0.0,0.0,0.0,0.0,0.0,0.0,0.0,0.0,-0.005123725403500368,0.015155344496353917,0.008759659478633441,1.163665273093375
0.0,0.0,0.0,0.0,0.0,0.0,0.0,0.0,0.0036097101103738094,0.015155344496353917,0.008759659478633441,1.1714754775051248
0.0,0.0,0.0,0.0,0.0,0.0,0.0,0.0,-0.007560006040454259,0.015155344496353917,0.008759659478633441,1.1550591097784877
0.0,0.0,0.0,0.0,0.0,0.0,0.0,0.0,-0.004085752980273583,0.015155344496353917,0.008759659478633441,1.1462540705980446
0.0,0.0,0.0,0.0,0.0,0.0,0.0,0.0,0.010963311143060928,0.015155344496353917,0.008759659478633441,1.1697841217660718
0.0,0.0,0.0,0.0,0.0,0.0,0.0,0.0,0.0005043932731050305,0.015155344496353917,0.008759659478633441,1.1708785462811808
0.0,0.0,0.0,0.0,0.0,0.0,0.0,0.0,0.003941361271775801,0.015155344496353917,0.008759659478633441,1.1794347629092226
0.0,0.0,0.0,0.0,0.0,0.0,0.0,0.0,0.011800720368392525,0.015155344496353917,0.008759659478633441,1.2051536631074682
0.0,0.0,0.0,0.0,0.0,0.0,0.0,0.0,0.0011505363811348257,0.015155344496353917,0.008759659478633441,1.207690772622866
0.0,0.0,0.0,0.0,0.0,0.0,0.0,0.0,-0.00148719811037068,0.015155344496353917,0.008759659478633441,1.2044074990775386
0.0,0.0,0.0,0.0,0.0,0.0,0.0,0.0,-0.007830661842952336,0.015155344496353917,0.008759659478633441,1.1871455293881943
0.0,0.0,0.0,0.0,0.0,0.0,0.0,0.0,-0.00252471423348688,0.015155344496353917,0.008759659478633441,1.1816236119394405
0.0,0.0,0.0,0.0,0.0,0.0,0.0,0.0,0.0025311045491687167,0.015155344496353917,0.008759659478633441,1.1871455293881943
0.0,0.0,0.0,0.0,0.0,0.0,0.0,0.0,0.006368529703967729,0.015155344496353917,0.008759659478633441,1.2010744306590033
0.0,0.0,0.0,0.0,0.0,0.0,0.0,0.0,0.008045919692956538,0.015155344496353917,0.008759659478633441,1.2187840987663057
0.0,0.0,0.0,0.0,0.0,0.0,0.0,0.0,0.007936883171425269,0.015155344496353917,0.008759659478633441,1.23639432894083
0.0,2e-05,-2e-05,0.02,0.0,0.0,0.0,0.0,-0.0006228285007950918,0.015155344496353917,0.0087394842854438,1.235001438813749
0.00048207257893700283,0.0,0.00048207257893700283,0.0,0.02,0.0,0.02,0.02,0.003472216797614669,0.015644723051296827,0.009225769930108818,1.2427618483522909
3.6510466864414506e-05,0.0,3.6510466864414506e-05,0.0,0.02,0.0,0.02,0.02,0.007430587638025177,0.015681804714303915,0.009262617234140569,1.259426886817692
7.679244095138759e-05,0.0,7.679244095138759e-05,0.0,0.02,0.0,0.02,0.02,0.002223760453105239,0.015759801399317874,0.009340120974079102,1.26445131097528
0.0002463525311487036,0.0,0.0002463525311487036,0.0,0.02,0.0,0.02,0.02,-0.006634489126235876,0.016010036397431593,0.009588774467671035,1.2494278333757238
-0.00015369798208736407,2e-05,-0.00017369798208736407,0.02,0.02,0.0,0.02,0.02,0.0,0.01585387770505675,0.009413410934808075,1.2494278333757238
0.0,0.0,0.0,0.0,0.0,0.0,0.0,0.0,0.004467290822171233,0.01585387770505675,0.009413410934808075,1.2594766816908995
0.0,0.0,0.0,0.0,0.0,0.0,0.0,0.0,0.00273005328280318,0.01585387770505675,0.009413410934808075,1.265645173423167
0.0,0.0,0.0,0.0,0.0,0.0,0.0,0.0,0.00015371360408278356,0.01585387770505675,0.009413410934808075,1.2659934339083465
0.0,0.0,0.0,0.0,0.0,0.0,0.0,0.0,-0.006629974021435614,0.01585387770505675,0.009413410934808075,1.2509699563087904
0.0,2e-05,-2e-05,0.02,0.0,0.0,0.0,0.0,0.009790323076682261,0.01585387770505675,0.009393222666589374,1.273007679416959
-0.0005913967153172406,0.0,-0.0005913967153172406,0.0,0.0,0.02,0.02,-0.02,0.0019040424836307412,0.015253105058539607,0.008796270830240926,1.277335582604188
0.00011562758850016009,0.0,0.00011562758850016009,0.0,0.0,0.02,0.02,-0.02,-0.002861568697747563,0.01537049632679488,0.008912915510324915,1.270818830386741
0.00024948448636150864,0.0,0.00024948448636150864,0.0,0.0,0.02,0.02,-0.02,-0.013910808689727716,0.015623815513537531,0.009164623630834479,1.2392299040681998
-0.00034761170389254305,0.0,-0.00034761170389254305,0.0,0.0,0.02,0.02,-0.02,-0.0028658577098359395,0.015270772788513076,0.008813826196506058,1.232812589783531
-5.601109310517494e-05,4e-05,-9.601109310517495e-05,0.04,0.0,0.02,0.02,-0.02,-0.004522767123829707,0.015213906362731455,0.008716968878313303,1.222714098408785
0.00037973687145096855,0.0,0.00037973687145096855,0.0,0.02,0.0,0.02,0.02,0.008728528720920004,0.015599420515387097,0.009100015904254466,1.2421151222551399
-0.0003206298354278148,0.0,-0.0003206298354278148,0.0,0.02,0.0,0.02,0.02,-0.004348675405997704,0.015273789040326724,0.008776468332224896,1.2323648913655734
-0.0002986989140243468,0.0,-0.0002986989140243468,0.0,0.02,0.0,0.02,0.02,-0.006685236768802283,0.014970527862103067,0.008475147896640722,1.217441003512433
0.00010300927437681295,0.0,0.00010300927437681295,0.0,0.02,0.0,0.02,0.02,0.0003589538129207259,0.015075079239691869,0.00857903018985251,1.2182369624155704
-2.165038959688781e-05,2e-05,-4.1650389596887814e-05,0.02,0.02,0.0,0.02,0.02,-0.0005830991982453959,0.01505310246875613,0.008537022480305856,1.2169435102212676
0.0,0.0,0.0,0.0,0.0,0.0,0.0,0.0,0.005520007828496709,0.01505310246875613,0.008537022480305856,1.229181055753024
0.0,0.0,0.0,0.0,0.0,0.0,0.0,0.0,-0.011648860489082202,0.01505310246875613,0.008537022480305856,1.203213636629652
0.0,0.0,0.0,0.0,0.0,0.0,0.0,0.0,-0.007338164990194795,0.01505310246875613,0.008537022480305856,1.1870460914554166
0.0,0.0,0.0,0.0,0.0,0.0,0.0,0.0,-0.007619884432481627,0.01505310246875613,0.008537022480305856,1.1703810529900158
0.0,0.0,0.0,0.0,0.0,0.0,0.0,0.0,0.00048131162979969666,0.01505310246875613,0.008537022480305856,1.171425682631917
0.0,0.0,0.0,0.0,0.0,0.0,0.0,0.0,0.0065062917248353,0.01505310246875613,0.008537022480305856,1.1855536115819199
0.0,0.0,0.0,0.0,0.0,0.0,0.0,0.0,-0.002708613946659777,0.01505310246875613,0.008537022480305856,1.1796337905884164
0.0,0.0,0.0,0.0,0.0,0.0,0.0,0.0,0.011137749516813678,0.01505310246875613,0.008537022480305856,1.2039100057863732
0.0,2e-05,-2e-05,0.02,0.0,0.0,0.0,0.0,-0.013859070825400499,0.01505310246875613,0.008516851739856168,1.1733658609233708
-0.00048554870842772103,0.0,-0.00048554870842772103,0.0,0.02,0.0,0.02,0.02,0.007049798505337934,0.014560244745866813,0.008027167685066283,1.1886876523212608
0.00035507736122565527,0.0,0.00035507736122565527,0.0,0.02,0.0,0.02,0.02,0.006341360859106304,0.014920492120375828,0.008385095311811863,1.2025669105325
0.000832284125271614,0.0,0.000832284125271614,0.0,0.02,0.0,0.02,0.02,0.014454769525983568,0.015765194334380617,0.009224358218800521,1.234404507589805
0.00019678564215021678,0.0,0.00019678564215021678,0.0,0.02,0.0,0.02,0.02,0.004118813092065299,0.0159650823404216,0.009422959082206361,1.2436076021286353
3.694365190980431e-05,2e-05,1.694365190980431e-05,0.02,0.02,0.0,0.02,0.02,-0.0014633902747576144,0.01600261580077622,0.00944006239345474,1.2403243285833079
0.0,0.0,0.0,0.0,0.0,0.0,0.0,0.0,0.0018652077861802674,0.01600261580077622,0.00944006239345474,1.2445029989645504
0.0,0.0,0.0,0.0,0.0,0.0,0.0,0.0,-0.0043219313293283435,0.01600261580077622,0.00944006239345474,1.2348024111345541
0.0,0.0,0.0,0.0,0.0,0.0,0.0,0.0,-0.006722440297659893,0.01600261580077622,0.00944006239345474,1.2197790853486357
0.0,0.0,0.0,0.0,0.0,0.0,0.0,0.0,-0.003070223462506516,0.01600261580077622,0.00944006239345474,1.2129638675192171
0.0,0.0,0.0,0.0,0.0,0.0,0.0,0.0,0.0015060872225780564,0.01600261580077622,0.00944006239345474,1.2162967841241148
0.0,0.0,0.0,0.0,0.0,0.0,0.0,0.0,0.006576636886363119,0.01600261580077622,0.00944006239345474,1.2308725633057134
0.0,0.0,0.0,0.0,0.0,0.0,0.0,0.0,-0.005485610225651083,0.01600261580077622,0.00944006239345474,1.2186348659603192
0.0,0.0,0.0,0.0,0.0,0.0,0.0,0.0,0.001165989243338661,0.01600261580077622,0.00944006239345474,1.221221770348925
0.0,0.0,0.0,0.0,0.0,0.0,0.0,0.0,0.008622372403159329,0.01600261580077622,0.00944006239345474,1.240373971642878
0.0,0.0,0.0,0.0,0.0,0.0,0.0,0.0,-0.015520895420845227,0.01600261580077622,0.00944006239345474,1.2056013615254253
0.0,0.0,0.0,0.0,0.0,0.0,0.0,0.0,0.0005864396970667318,0.01600261580077622,0.00944006239345474,1.2068948137197282
0.0,0.0,0.0,0.0,0.0,0.0,0.0,0.0,-0.0020738304839804655,0.01600261580077622,0.00944006239345474,1.2023180879800979
0.0,0.0,0.0,0.0,0.0,0.0,0.0,0.0,-0.009193324942280201,0.01600261580077622,0.00944006239345474,1.1820714621710358
0.0,0.0,0.0,0.0,0.0,0.0,0.0,0.0,-0.016528359834683037,0.01600261580077622,0.00944006239345474,1.14600539985928
0.0,0.0,0.0,0.0,0.0,0.0,0.0,0.0,-0.0022485481530990503,0.01600261580077622,0.00944006239345474,1.141180003380886
0.0,0.0,0.0,0.0,0.0,0.0,0.0,0.0,0.004205189122549191,0.01600261580077622,0.00944006239345474,1.150184070240523
0.0,0.0,0.0,0.0,0.0,0.0,0.0,0.0,-0.014691266090073651,0.01600261580077622,0.00944006239345474,1.118595143921982
0.0,0.0,0.0,0.0,0.0,0.0,0.0,0.0,0.00039913334321250993,0.01600261580077622,0.00944006239345474,1.1194407458846891
0.0,0.0,0.0,0.0,0.0,0.0,0.0,0.0,0.005797444646104211,0.01600261580077622,0.00944006239345474,1.1317280862896535
0.0,0.0,0.0,0.0,0.0,0.0,0.0,0.0,-0.0024269066881511536,0.01600261580077622,0.00944006239345474,1.1265545811397173
0.0,0.0,0.0,0.0,0.0,0.0,0.0,0.0,-0.00039771082475204,0.01600261580077622,0.00944006239345474,1.125708827363372
0.0,0.0,0.0,0.0,0.0,0.0,0.0,0.0,-0.013386069255070021,0.01600261580077622,0.00944006239345474,1.0972539417841722
0.0,0.0,0.0,0.0,0.0,0.0,0.0,0.0,0.007281973839242228,0.01600261580077622,0.00944006239345474,1.112526090122492
0.0,0.0,0.0,0.0,0.0,0.0,0.0,0.0,-0.0003767806262175988,0.01600261580077622,0.00944006239345474,1.1117301312193546
0.0,0.0,0.0,0.0,0.0,0.0,0.0,0.0,0.011872811648814707,0.01600261580077622,0.00944006239345474,1.1368023053204488
0.0,0.0,0.0,0.0,0.0,0.0,0.0,0.0,0.00640219757250482,0.01600261580077622,0.00944006239345474,1.1504825358524942
0.0,0.0,0.0,0.0,0.0,0.0,0.0,0.0,0.00520483924107662,0.01600261580077622,0.00944006239345474,1.161675451742349
0.0,0.0,0.0,0.0,0.0,0.0,0.0,0.0,0.004096282837700693,0.01600261580077622,0.00944006239345474,1.170530285796
0.0,0.0,0.0,0.0,0.0,0.0,0.0,0.0,-0.006096451268467251,0.01600261580077622,0.00944006239345474,1.1572977536819122
0.0,0.0,0.0,0.0,0.0,0.0,0.0,0.0,-0.004980868984616693,0.01600261580077622,0.00944006239345474,1.1465525362100148
0.0,0.0,0.0,0.0,0.0,0.0,0.0,0.0,0.010521456651035654,0.01600261580077622,0.00944006239345474,1.169137395668919
0.0,0.0,0.0,0.0,0.0,0.0,0.0,0.0,-4.591214305493807e-05,0.01600261580077622,0.00944006239345474,1.1690378059225033
0.0,0.0,0.0,0.0,0.0,0.0,0.0,0.0,-0.013325071567788949,0.01600261580077622,0.00944006239345474,1.140135221925346
0.0,0.0,0.0,0.0,0.0,0.0,0.0,0.0,-0.008786403975676982,0.01600261580077622,0.00944006239345474,1.1213311293029347
0.0,0.0,0.0,0.0,0.0,0.0,0.0,0.0,-0.01228804334679856,0.01600261580077622,0.00944006239345474,1.0952641204331472
0.0,0.0,0.0,0.0,0.0,0.0,0.0,0.0,-0.0017332106225139698,0.01600261580077622,0.00944006239345474,1.09163258640264
0.0,0.0,0.0,0.0,0.0,0.0,0.0,0.0,0.0075393937405647815,0.01600261580077622,0.00944006239345474,1.1074022280321252
0.0,0.0,0.0,0.0,0.0,0.0,0.0,0.0,-0.014352187096675628,0.01600261580077622,0.00944006239345474,1.0771563969674571
0.0,2e-05,-2e-05,0.02,0.0,0.0,0.0,0.0,-0.011974614168780984,0.01600261580077622,0.009419873592206862,1.0522832505455564
0.0005812384050932984,6e-05,0.0005212384050932984,0.06,0.02,0.0,0.02,0.02,-0.004532772203415858,0.016593155540755022,0.009946021997187415,1.0429807180739474
0.00087422609750623,0.0,0.00087422609750623,0.0,0.04,0.04,0.08,0.0,0.011955789786880722,0.017481887807875074,0.010828943166690141,1.0674061660778902
2.036428418332292e-05,0.0,2.036428418332292e-05,0.0,0.04,0.04,0.08,0.0,0.006280266349381947,0.01750260809818993,0.010849527974549522,1.0803900274532139
0.0015697828584933448,0.0,0.0015697828584933448,0.0,0.04,0.04,0.08,0.0,0.010664732962442303,0.019099866250854802,0.012436342236080034,1.1025768315537303
-0.001227575303323174,2e-05,-0.001247575303323174,0.02,0.04,0.04,0.08,0.0,0.019164354406221662,0.01784884442342527,0.011173251659319483,1.1428713591199364
0.00047517411470990203,6e-05,0.00041517411470990204,0.06,0.02,0.04,0.06,-0.02,0.009123392577504053,0.01833249984698271,0.01159306461889531,1.1624216157722773
0.0,0.0,0.0,0.0,0.0,0.0,0.0,0.0,0.002300489991450494,0.01833249984698271,0.01159306461889531,1.1673962450566577
0.0,0.0,0.0,0.0,0.0,0.0,0.0,0.0,0.0028460378421049093,0.01833249984698271,0.01159306461889531,1.1735647367889253
0.0,0.0,0.0,0.0,0.0,0.0,0.0,0.0,0.0007323995367289893,0.01833249984698271,0.01159306461889531,1.1751566545952001
0.0,0.0,0.0,0.0,0.0,0.0,0.0,0.0,-0.007798750513686392,0.01833249984698271,0.01159306461889531,1.1581931505178273
0.0,0.0,0.0,0.0,0.0,0.0,0.0,0.0,0.01560480608246917,0.01833249984698271,0.01159306461889531,1.1918713361201712
0.0,0.0,0.0,0.0,0.0,0.0,0.0,0.0,-0.0009531851844464256,0.01833249984698271,0.01159306461889531,1.1897820768363685
0.0,0.0,0.0,0.0,0.0,0.0,0.0,0.0,0.019400732632628648,0.01833249984698271,0.01159306461889531,1.232265453432793
0.0,0.0,0.0,0.0,0.0,0.0,0.0,0.0,0.0021170451411640645,0.01833249984698271,0.01159306461889531,1.2369912601647712
0.0,2e-05,-2e-05,0.02,0.0,0.0,0.0,0.0,0.001223132715498565,0.01833249984698271,0.011572832757603013,1.239727397359363
8.84386874556431e-05,0.0,8.84386874556431e-05,0.0,0.0,0.02,0.02,-0.02,0.0012438032670611943,0.018422559836662522,0.011662294931197748,1.242513177613525
6.4369794080021415e-06,0.0,6.4369794080021415e-06,0.0,0.0,0.02,0.02,-0.02,0.00769760011297449,0.018429115401708884,0.011668806980557944,1.2597751473028698
-7.211914883959114e-05,0.0,-7.211914883959114e-05,0.0,0.0,0.02,0.02,-0.02,-0.0021794142796411897,0.018355667160752542,0.011595846287290934,1.2548501610780596
0.00015270145099713695,0.0,0.00015270145099713695,0.0,0.0,0.02,0.02,-0.02,0.0038608335923762116,0.018511171548759142,0.011750318440841845,1.2635557623257245
-0.0001797374244290051,2e-05,-0.0001997374244290051,0.02,0.0,0.02,0.02,-0.02,0.0006153548988119262,0.018328106974032865,0.011548234038071259,1.2649486524528055
0.0,0.0,0.0,0.0,0.0,0.0,0.0,0.0,-0.0018009594303206589,0.018328106974032865,0.011548234038071259,1.2608695718179788
0.0,0.0,0.0,0.0,0.0,0.0,0.0,0.0,0.000990102267592663,0.018328106974032865,0.011548234038071259,1.263108063907767
0.0,0.0,0.0,0.0,0.0,0.0,0.0,0.0,-0.0007034210304239785,0.018328106974032865,0.011548234038071259,1.261516146101492
0.0,0.0,0.0,0.0,0.0,0.0,0.0,0.0,0.003937459806426347,0.018328106974032865,0.011548234038071259,1.270420775028351
0.0,0.0,0.0,0.0,0.0,0.0,0.0,0.0,0.005915890103284305,0.018328106974032865,0.011548234038071259,1.2838523348216322
0.0,0.0,0.0,0.0,0.0,0.0,0.0,0.0,-0.005249408908885922,0.018328106974032865,0.011548234038071259,1.2718634600286398
0.0,0.0,0.0,0.0,0.0,0.0,0.0,0.0,-0.00019706220282800224,0.018328106974032865,0.011548234038071259,1.2714157616106823
0.0,0.0,0.0,0.0,0.0,0.0,0.0,0.0,-0.004029777295871284,0.018328106974032865,0.011548234038071259,1.2622624619450593
0.0,0.0,0.0,0.0,0.0,0.0,0.0,0.0,0.007630400972353568,0.018328106974032865,0.011548234038071259,1.2795244316344037
0.0,0.0,0.0,0.0,0.0,0.0,0.0,0.0,0.004299153642212783,0.018328106974032865,0.011548234038071259,1.2893244573971776
0.0,0.0,0.0,0.0,0.0,0.0,0.0,0.0,0.003889565362589442,0.018328106974032865,0.011548234038071259,1.2982289345103983
0.0,0.0,0.0,0.0,0.0,0.0,0.0,0.0,0.004567232870283933,0.018328106974032865,0.011548234038071259,1.308725481243532
0.0,0.0,0.0,0.0,0.0,0.0,0.0,0.0,0.013790118104538118,0.018328106974032865,0.011548234038071259,1.3405630783008369
0.0,0.0,0.0,0.0,0.0,0.0,0.0,0.0,0.003209372509298536,0.018328106974032865,0.011548234038071259,1.3480748171006147
0.0,0.0,0.0,0.0,0.0,0.0,0.0,0.0,-0.00567789482831127,0.018328106974032865,0.011548234038071259,1.3347426952401111
0.0,0.0,0.0,0.0,0.0,0.0,0.0,0.0,0.0056250713228847005,0.018328106974032865,0.011548234038071259,1.3478757894214208
0.0,0.0,0.0,0.0,0.0,0.0,0.0,0.0,0.0060808846108111325,0.018328106974032865,0.011548234038071259,1.3621529511774098
0.0,0.0,0.0,0.0,0.0,0.0,0.0,0.0,-0.013857271129248727,0.018328106974032865,0.011548234038071259,1.3294199572841894
0.0,0.0,0.0,0.0,0.0,0.0,0.0,0.0,0.00948191677446153,0.018328106974032865,0.011548234038071259,1.3515073234519277
0.0,0.0,0.0,0.0,0.0,0.0,0.0,0.0,0.0020096925426713597,0.018328106974032865,0.011548234038071259,1.3562331301839063
0.0,0.0,0.0,0.0,0.0,0.0,0.0,0.0,0.004222527236930729,0.018328106974032865,0.011548234038071259,1.3661823887526663
0.0,0.0,0.0,0.0,0.0,0.0,0.0,0.0,0.0018080855254416495,0.018328106974032865,0.011548234038071259,1.370460648880325
0.0,0.0,0.0,0.0,0.0,0.0,0.0,0.0,0.00037773115379002853,0.018328106974032865,0.011548234038071259,1.3713560457162406
0.0,0.0,0.0,0.0,0.0,0.0,0.0,0.0,-0.002894973411954771,0.018328106974032865,0.011548234038071259,1.3644910330136137
0.0,0.0,0.0,0.0,0.0,0.0,0.0,0.0,-0.005596355380219964,0.018328106974032865,0.011548234038071259,1.351258500899526
0.0,0.0,0.0,0.0,0.0,0.0,0.0,0.0,-0.008166688673242328,0.018328106974032865,0.011548234038071259,1.332056504732365
0.0,0.0,0.0,0.0,0.0,0.0,0.0,0.0,-0.0032210792425203527,0.018328106974032865,0.011548234038071259,1.324544765932587
0.0,0.0,0.0,0.0,0.0,0.0,0.0,0.0,0.00136965984015891,0.018328106974032865,0.011548234038071259,1.3277286015451364
0.0,0.0,0.0,0.0,0.0,0.0,0.0,0.0,0.014275928543528549,0.018328106974032865,0.011548234038071259,1.3609590887295222
0.0,0.0,0.0,0.0,0.0,0.0,0.0,0.0,-0.0015170695563498926,0.018328106974032865,0.011548234038071259,1.3573773495722232
0.0,0.0,0.0,0.0,0.0,0.0,0.0,0.0,0.0056554246817059894,0.018328106974032865,0.011548234038071259,1.3707093196190887
0.0,0.0,0.0,0.0,0.0,0.0,0.0,0.0,-0.00044064012118916196,0.018328106974032865,0.011548234038071259,1.3696646899771876
0.0,4e-05,-4e-05,0.04,0.0,0.0,0.0,0.0,0.00069273972507089,0.018328106974032865,0.01150777210870979,1.3713062508430327
0.0005400407353794434,0.0,0.0005400407353794434,0.0,0.0,0.04,0.04,-0.04,-0.0036712260361014826,0.018878045633780705,0.012054027509801557,1.3626006495953678
0.0003064029401443302,0.0,0.0003064029401443302,0.0,0.0,0.04,0.04,-0.04,-0.0055586805878179435,0.019190232862611456,0.01236412383941543,1.3494677072276957
4.525075482821885e-06,0.0,4.525075482821885e-06,0.0,0.0,0.04,0.04,-0.04,0.00889280233217904,0.019194844775346498,0.012368704863491953,1.3703610591339097
-0.0006540964829348406,0.0,-0.0006540964829348406,0.0,0.0,0.04,0.04,-0.04,0.01246616416534696,0.01852819301195363,0.011706518054207526,1.3999103692282189
-0.00018135424890041384,4e-05,-0.00022135424890041384,0.04,0.0,0.04,0.04,-0.04,0.002114336891851476,0.018343478596525964,0.01148257251779583,1.404984588259015
0.0,0.0,0.0,0.0,0.0,0.0,0.0,0.0,0.0029164817642561847,0.018343478596525964,0.01148257251779583,1.4119986819539898
0.0,0.0,0.0,0.0,0.0,0.0,0.0,0.0,0.0010931594952936496,0.018343478596525964,0.01148257251779583,1.4146353812158035
0.0,0.0,0.0,0.0,0.0,0.0,0.0,0.0,0.0054388925424671,0.018343478596525964,0.01148257251779583,1.4277683235834755
0.0,0.0,0.0,0.0,0.0,0.0,0.0,0.0,-0.0012704037021049608,0.018343478596525964,0.01148257251779583,1.424684077717342
0.0,0.0,0.0,0.0,0.0,0.0,0.0,0.0,0.007919380649885843,0.018343478596525964,0.01148257251779583,1.443886073884503
0.0,0.0,0.0,0.0,0.0,0.0,0.0,0.0,-0.0007734532410523798,0.018343478596525964,0.01148257251779583,1.4419958422798942
0.0,0.0,0.0,0.0,0.0,0.0,0.0,0.0,-0.016317320635176435,0.018343478596525964,0.01148257251779583,1.4021490131316452
0.0,0.0,0.0,0.0,0.0,0.0,0.0,0.0,0.013088152875065706,0.018343478596525964,0.01148257251779583,1.4335887066442004
0.0,2e-05,-2e-05,0.02,0.0,0.0,0.0,0.0,0.010527378920638375,0.018343478596525964,0.011462342866345399,1.4592080170960302
-0.00017461149191722036,0.0,-0.00017461149191722036,0.0,0.02,0.0,0.02,0.02,-0.003641181932482751,0.018165664122444136,0.011285729917639431,1.4502535932959635
-0.0001362226150828616,0.0,-0.0001362226150828616,0.0,0.02,0.0,0.02,0.02,0.0029033057127196837,0.018026966933089916,0.011147969930914048,1.4573674285509917
0.00016316936832490027,0.0,0.00016316936832490027,0.0,0.02,0.0,0.02,0.02,0.008340408570300495,0.018193077750221942,0.011312958306450627,1.4778628769124555
-8.092446447492963e-05,0.0,-8.092446447492963e-05,0.0,0.02,0.0,0.02,0.02,0.000441680823142665,0.018110681020672814,0.011231118346883173,1.478957301427565
0.0005428639554584213,2e-05,0.0005228639554584213,0.02,0.02,0.0,0.02,0.02,0.0057794285609300555,0.018663376612066074,0.011759854649304735,1.4932842580567613
0.0,0.0,0.0,0.0,0.0,0.0,0.0,0.0,-0.0004389489532020674,0.018663376612066074,0.011759854649304735,1.4921898335416524
0.0,0.0,0.0,0.0,0.0,0.0,0.0,0.0,-0.01377305334094614,0.018663376612066074,0.011759854649304735,1.4578647700285194
0.0,0.0,0.0,0.0,0.0,0.0,0.0,0.0,0.009087639398436487,0.018663376612066074,0.011759854649304735,1.4802009587486595
0.0,0.0,0.0,0.0,0.0,0.0,0.0,0.0,0.00689973803251509,0.018663376612066074,0.011759854649304735,1.4973136956320179
0.0,0.0,0.0,0.0,0.0,0.0,0.0,0.0,-0.004979980381600746,0.018663376612066074,0.011759854649304735,1.4848771224210675
0.0,0.0,0.0,0.0,0.0,0.0,0.0,0.0,-0.0055053951797489065,0.018663376612066074,0.011759854649304735,1.4711968918890221
0.0,0.0,0.0,0.0,0.0,0.0,0.0,0.0,0.0009058331600915182,0.018663376612066074,0.011759854649304735,1.4734353839788104
0.0,0.0,0.0,0.0,0.0,0.0,0.0,0.0,0.020695498324175388,0.018663376612066074,0.011759854649304735,1.5246243618228998
0.0,0.0,0.0,0.0,0.0,0.0,0.0,0.0,0.0006896671990455072,0.018663376612066074,0.011759854649304735,1.5263655124351603
0.0,0.0,0.0,0.0,0.0,0.0,0.0,0.0,-0.003662529972996542,0.018663376612066074,0.011759854649304735,1.5171126230231216
0.0,0.0,0.0,0.0,0.0,0.0,0.0,0.0,0.0018577490850577583,0.018663376612066074,0.011759854649304735,1.52178878669553
0.0,0.0,0.0,0.0,0.0,0.0,0.0,0.0,-0.0013216478011486288,0.018663376612066074,0.011759854649304735,1.5184558700906328
0.0,0.0,0.0,0.0,0.0,0.0,0.0,0.0,0.003594944833748892,0.018663376612066074,0.011759854649304735,1.5275095800098395
0.0,0.0,0.0,0.0,0.0,0.0,0.0,0.0,0.00938826393429193,0.018663376612066074,0.011759854649304735,1.5512385070434234
0.0,0.0,0.0,0.0,0.0,0.0,0.0,0.0,-0.0010724145835053767,0.018663376612066074,0.011759854649304735,1.5485025216624697
0.0,0.0,0.0,0.0,0.0,0.0,0.0,0.0,-0.00999413476319777,0.018663376612066074,0.011759854649304735,1.5230324440166259
0.0,0.0,0.0,0.0,0.0,0.0,0.0,0.0,0.005067249026642129,0.018663376612066074,0.011759854649304735,1.5358172777127557
0.0,0.0,0.0,0.0,0.0,0.0,0.0,0.0,0.00992642973731006,0.018663376612066074,0.011759854649304735,1.5609888897466284
0.0,0.0,0.0,0.0,0.0,0.0,0.0,0.0,-0.00600220732414769,0.018663376612066074,0.011759854649304735,1.5456173034755305
0.0,0.0,0.0,0.0,0.0,0.0,0.0,0.0,-0.0008598499967885642,0.018663376612066074,0.011759854649304735,1.543428454445312
0.0,0.0,0.0,0.0,0.0,0.0,0.0,0.0,0.010757374688447952,0.018663376612066074,0.011759854649304735,1.5707890673230405
0.0,0.0,0.0,0.0,0.0,0.0,0.0,0.0,-0.0015675114126452172,0.018663376612066074,0.011759854649304735,1.5667593261205082
0.0,0.0,0.0,0.0,0.0,0.0,0.0,0.0,-0.001976778793354672,0.018663376612066074,0.011759854649304735,1.5616854107169877
0.0,0.0,0.0,0.0,0.0,0.0,0.0,0.0,-0.009942762430127261,0.018663376612066074,0.011759854649304735,1.5362151812575058
0.0,0.0,0.0,0.0,0.0,0.0,0.0,0.0,0.005943155285291102,0.018663376612066074,0.011759854649304735,1.5512883019166317
0.0,0.0,0.0,0.0,0.0,0.0,0.0,0.0,0.005557143669806974,0.018663376612066074,0.011759854649304735,1.5654661775534802
0.0,0.0,0.0,0.0,0.0,0.0,0.0,0.0,0.009249303470675319,0.018663376612066074,0.011759854649304735,1.589194952773426
0.0,0.0,0.0,0.0,0.0,0.0,0.0,0.0,0.003304702971922424,0.018663376612066074,0.011759854649304735,1.597751473028743
0.0,0.0,0.0,0.0,0.0,0.0,0.0,0.0,-0.001895806609024997,0.018663376612066074,0.011759854649304735,1.5928266386175705
0.0,0.0,0.0,0.0,0.0,0.0,0.0,0.0,-0.0027628065092766274,0.018663376612066074,0.011759854649304735,1.585663160302972
0.0,0.0,0.0,0.0,0.0,0.0,0.0,0.0,-0.0018470129799368351,0.018663376612066074,0.011759854649304735,1.5808874068841479
0.0,0.0,0.0,0.0,0.0,0.0,0.0,0.0,0.008403819070718743,0.018663376612066074,0.011759854649304735,1.6025767176934989
0.0,0.0,0.0,0.0,0.0,0.0,0.0,0.0,-0.00019109579907738983,0.018663376612066074,0.011759854649304735,1.602079376215971
0.0,0.0,0.0,0.0,0.0,0.0,0.0,0.0,-0.0017397942282005863,0.018663376612066074,0.011759854649304735,1.5975522935359106
0.0,0.0,0.0,0.0,0.0,0.0,0.0,0.0,-0.006358101845817976,0.018663376612066074,0.011759854649304735,1.581036791503771
0.0,0.0,0.0,0.0,0.0,0.0,0.0,0.0,0.0010985010013910834,0.018663376612066074,0.011759854649304735,1.5838720630038652
0.0,0.0,0.0,0.0,0.0,0.0,0.0,0.0,-0.012206091812080655,0.018663376612066074,0.011759854649304735,1.5523330833721696
0.0,0.0,0.0,0.0,0.0,0.0,0.0,0.0,0.010446888874904303,0.018663376612066074,0.011759854649304735,1.5789970234659005
0.0,0.0,0.0,0.0,0.0,0.0,0.0,0.0,0.0005593388334788063,0.018663376612066074,0.011759854649304735,1.5804395566525513
0.0,0.0,0.0,0.0,0.0,0.0,0.0,0.0,0.0011567640634317922,0.018663376612066074,0.011759854649304735,1.5834245163995448
0.0,0.0,0.0,0.0,0.0,0.0,0.0,0.0,-0.010013117410638928,0.018663376612066074,0.011759854649304735,1.5575563833953132
0.0,0.0,0.0,0.0,0.0,0.0,0.0,0.0,0.007546885784763369,0.018663376612066074,0.011759854649304735,1.57685796930889
0.0,0.0,0.0,0.0,0.0,0.0,0.0,0.0,-0.013803077020240084,0.018663376612066074,0.011759854649304735,1.5412894002882997
0.0,0.0,0.0,0.0,0.0,0.0,0.0,0.0,-0.012528127278102708,0.018663376612066074,0.011759854649304735,1.5094518032309945
0.0,2e-05,-2e-05,0.02,0.0,0.0,0.0,0.0,-0.0018237950351298604,0.018663376612066074,0.011739619452211691,1.5048750774913642
-0.0003171852550292309,0.0,-0.0003171852550292309,0.0,0.0,0.02,0.02,-0.02,-0.00591823921822443,0.018340271609166514,0.011418710562992596,1.490050627571002
-0.0003065574354492684,0.0,-0.0003065574354492684,0.0,0.0,0.02,0.02,-0.02,-0.00205773410131993,0.0180280918270872,0.011108652636917071,1.484926765480636
-0.0006709537308261337,0.0,-0.0006709537308261337,0.0,0.0,0.02,0.02,-0.02,-0.00872835011101658,0.017345042080789908,0.01043024551415983,1.463237454671285
-0.00041114324935840333,0.0,-0.00041114324935840333,0.0,0.0,0.02,0.02,-0.02,0.00920913952029423,0.0169267675344702,0.010014813939769107,1.4859217520629673
-0.0003392522647300833,2e-05,-0.0003592522647300833,0.02,0.0,0.02,0.02,-0.02,0.011866630635747333,0.016581772825519536,0.009651963830450194,1.5154212672840686
0.0,0.0,0.0,0.0,0.0,0.0,0.0,0.0,-0.00047461729906428385,0.016581772825519536,0.009651963830450194,1.5142274048361815
0.0,0.0,0.0,0.0,0.0,0.0,0.0,0.0,-0.003798922486342393,0.016581772825519536,0.009651963830450194,1.5046760498121712
0.0,4e-05,-4e-05,0.04,0.0,0.0,0.0,0.0,0.009473911346339792,0.016581772825519536,0.009611577751897027,1.5284051286593923
-0.0009594574538946232,0.0,-0.0009594574538946232,0.0,0.02,0.02,0.04,0.0,0.0035414704253415863,0.015606405866088746,0.00864289839808463,1.5373594006458213
-0.0001766361106848424,0.0,-0.0001766361106848424,0.0,0.02,0.02,0.04,0.0,-0.015841247325688257,0.015427013100570042,0.008464735639441612,1.4971644628260306
0.0005114885939436875,0.0,0.0005114885939436875,0.0,0.02,0.02,0.04,0.0,-0.0032471509764099293,0.015946392435753243,0.008980553849115669,1.4890557928023087
0.00030067489089738333,0.0,0.00030067489089738333,0.0,0.02,0.02,0.04,0.0,0.009353437830903255,0.016251862006456452,0.009283928967061872,1.5123370214179346
0.00011571559342711257,4e-05,7.571559342711256e-05,0.04,0.02,0.02,0.04,0.0,0.012395322615995186,0.016369458193739916,0.009360347498679866,1.5434782493185182
0.0,0.0,0.0,0.0,0.0,0.0,0.0,0.0,0.010326817835387025,0.016369458193739916,0.009360347498679866,1.5697442858674995
0.0,0.0,0.0,0.0,0.0,0.0,0.0,0.0,0.0011034464179817682,0.016369458193739916,0.009360347498679866,1.572579860994869
0.0,0.0,0.0,0.0,0.0,0.0,0.0,0.0,9.666200942248793e-05,0.016369458193739916,0.009360347498679866,1.5728285317336326
0.0,0.0,0.0,0.0,0.0,0.0,0.0,0.0,0.005761867891264316,0.016369458193739916,0.009360347498679866,1.5876528298403572
0.0,0.0,0.0,0.0,0.0,0.0,0.0,0.0,0.0012881249732326072,0.016369458193739916,0.009360347498679866,1.5909860500725306
0.0,0.0,0.0,0.0,0.0,0.0,0.0,0.0,0.0001342951490974631,0.016369458193739916,0.009360347498679866,1.5913340069304347
0.0,0.0,0.0,0.0,0.0,0.0,0.0,0.0,0.004588152985457228,0.016369458193739916,0.009360347498679866,1.6032234437906494
0.0,0.0,0.0,0.0,0.0,0.0,0.0,0.0,0.012383033929039389,0.016369458193739916,0.009360347498679866,1.6354592480199797
0.0,0.0,0.0,0.0,0.0,0.0,0.0,0.0,-0.002057508390634233,0.016369458193739916,0.009360347498679866,1.630036768504004
0.0,0.0,0.0,0.0,0.0,0.0,0.0,0.0,0.0014375338328991294,0.016369458193739916,0.009360347498679866,1.6338175353404973
0.0,0.0,0.0,0.0,0.0,0.0,0.0,0.0,0.0011521113183465825,0.016369458193739916,0.009360347498679866,1.636851986333423
0.0,0.0,0.0,0.0,0.0,0.0,0.0,0.0,0.0024525295229904653,0.016369458193739916,0.009360347498679866,1.6433189436776616
0.0,0.0,0.0,0.0,0.0,0.0,0.0,0.0,-0.0028793441431358424,0.016369458193739916,0.009360347498679866,1.6357079187587433
0.0,0.0,0.0,0.0,0.0,0.0,0.0,0.0,-0.007304220207159928,0.016369458193739916,0.009360347498679866,1.6164561277183744
0.0,0.0,0.0,0.0,0.0,0.0,0.0,0.0,0.006616435324681147,0.016369458193739916,0.009360347498679866,1.6337677404672886
0.0,0.0,0.0,0.0,0.0,0.0,0.0,0.0,0.0006988423909817243,0.016369458193739916,0.009360347498679866,1.6356083290123271
0.0,0.0,0.0,0.0,0.0,0.0,0.0,0.0,-0.007002551838871107,0.016369458193739916,0.009360347498679866,1.617152345061458
0.0,0.0,0.0,0.0,0.0,0.0,0.0,0.0,-0.0066337015706721125,0.016369458193739916,0.009360347498679866,1.5997909374393355
0.0,0.0,0.0,0.0,0.0,0.0,0.0,0.0,0.009108149287317735,0.016369458193739916,0.009360347498679866,1.6234702214133487
0.0,0.0,0.0,0.0,0.0,0.0,0.0,0.0,0.0008153529396106585,0.016369458193739916,0.009360347498679866,1.6256092755703593
0.0,0.0,0.0,0.0,0.0,0.0,0.0,0.0,0.0011178985773303562,0.016369458193739916,0.009360347498679866,1.628544440444145
0.0,0.0,0.0,0.0,0.0,0.0,0.0,0.0,0.011885100186643571,0.016369458193739916,0.009360347498679866,1.6597849544638685
0.0,0.0,0.0,0.0,0.0,0.0,0.0,0.0,-1.8721390661391446e-05,0.016369458193739916,0.009360347498679866,1.6597351595906606
0.0,0.0,0.0,0.0,0.0,0.0,0.0,0.0,-0.0012156574487586225,0.016369458193739916,0.009360347498679866,1.6565018327321792
0.0,0.0,0.0,0.0,0.0,0.0,0.0,0.0,0.003089761144422054,0.016369458193739916,0.009360347498679866,1.664709788875041
0.0,0.0,0.0,0.0,0.0,0.0,0.0,0.0,0.0024083170801936227,0.016369458193739916,0.009360347498679866,1.671127254973348
0.0,0.0,0.0,0.0,0.0,0.0,0.0,0.0,0.008213005017738695,0.016369458193739916,0.009360347498679866,1.6930652365214627
0.0,0.0,0.0,0.0,0.0,0.0,0.0,0.0,0.002013497275312748,0.016369458193739916,0.009360347498679866,1.6984877160374383
0.0,0.0,0.0,0.0,0.0,0.0,0.0,0.0,0.0006083824913212244,0.016369458193739916,0.009360347498679866,1.700129428716921
0.0,0.0,0.0,0.0,0.0,0.0,0.0,0.0,0.007958926371441244,0.016369458193739916,0.009360347498679866,1.721619560033441
0.0,0.0,0.0,0.0,0.0,0.0,0.0,0.0,0.0025406958699802917,0.016369458193739916,0.009360347498679866,1.7285343676092757
0.0,0.0,0.0,0.0,0.0,0.0,0.0,0.0,-0.002716531314889248,0.016369458193739916,0.009360347498679866,1.7211222185559136
0.0,0.0,0.0,0.0,0.0,0.0,0.0,0.0,-0.004552084523537503,0.016369458193739916,0.009360347498679866,1.7087354402181711
0.0,0.0,0.0,0.0,0.0,0.0,0.0,0.0,-0.003250664817000981,0.016369458193739916,0.009360347498679866,1.6999302492240904
0.0,0.0,0.0,0.0,0.0,0.0,0.0,0.0,0.0038508805193555595,0.016369458193739916,0.009360347498679866,1.7103273580244465
0.0,0.0,0.0,0.0,0.0,0.0,0.0,0.0,0.0012480822540090752,0.016369458193739916,0.009360347498679866,1.713710069502552
0.0,0.0,0.0,0.0,0.0,0.0,0.0,0.0,0.0015764795075565718,0.016369458193739916,0.009360347498679866,1.7179881778165726
0.0,0.0,0.0,0.0,0.0,0.0,0.0,0.0,-0.003935107039692687,0.016369458193739916,0.009360347498679866,1.707292603404245
0.0,0.0,0.0,0.0,0.0,0.0,0.0,0.0,0.00205809454382333,0.016369458193739916,0.009360347498679866,1.7128644675398448
0.0,0.0,0.0,0.0,0.0,0.0,0.0,0.0,0.006729714910746587,0.016369458193739916,0.009360347498679866,1.7311212719978823
0.0,0.0,0.0,0.0,0.0,0.0,0.0,0.0,0.004462600250361826,0.016369458193739916,0.009360347498679866,1.7433091744700686
0.0,0.0,0.0,0.0,0.0,0.0,0.0,0.0,0.005766497205737409,0.016369458193739916,0.009360347498679866,1.759128459159124
0.0,0.0,0.0,0.0,0.0,0.0,0.0,0.0,0.0011539280101222626,0.016369458193739916,0.009360347498679866,1.7623122947716734
0.0,0.0,0.0,0.0,0.0,0.0,0.0,0.0,0.000972442729531453,0.016369458193739916,0.009360347498679866,1.7649984852794196
0.0,0.0,0.0,0.0,0.0,0.0,0.0,0.0,0.009895289711641775,0.016369458193739916,0.009360347498679866,1.7923589463435103
0.0,0.0,0.0,0.0,0.0,0.0,0.0,0.0,-0.008622580332635743,0.016369458193739916,0.009360347498679866,1.7682816070111094
0.0,0.0,0.0,0.0,0.0,0.0,0.0,0.0,0.006307522083127459,0.016369458193739916,0.009360347498679866,1.7857426043796476
0.0,0.0,0.0,0.0,0.0,0.0,0.0,0.0,0.002750118911688748,0.016369458193739916,0.009360347498679866,1.793403727799049
0.0,0.0,0.0,0.0,0.0,0.0,0.0,0.0,0.005930147776526118,0.016369458193739916,0.009360347498679866,1.8099690247043965
0.0,0.0,0.0,0.0,0.0,0.0,0.0,0.0,-0.014021143496696697,0.016369458193739916,0.009360347498679866,1.7705700457877431
0.0,0.0,0.0,0.0,0.0,0.0,0.0,0.0,-0.007684901925006371,0.016369458193739916,0.009360347498679866,1.7492784867095037
0.0,0.0,0.0,0.0,0.0,0.0,0.0,0.0,-0.0066405802636198,0.016369458193739916,0.009360347498679866,1.7310216822514661
0.0,0.0,0.0,0.0,0.0,0.0,0.0,0.0,0.01030990415193389,0.016369458193739916,0.009360347498679866,1.759178254032332
0.0,0.0,0.0,0.0,0.0,0.0,0.0,0.0,-0.0015685478750434578,0.016369458193739916,0.009360347498679866,1.7548503508451034
0.0,0.0,0.0,0.0,0.0,0.0,0.0,0.0,-0.022662516096977336,0.016369458193739916,0.009360347498679866,1.6924185104243126
0.0,0.0,0.0,0.0,0.0,0.0,0.0,0.0,-0.005210367913795921,0.016369458193739916,0.009360347498679866,1.6783900194070873
0.0,0.0,0.0,0.0,0.0,0.0,0.0,0.0,0.011199698366761712,0.016369458193739916,0.009360347498679866,1.7083871797329917
0.0,0.0,0.0,0.0,0.0,0.0,0.0,0.0,0.0005877733502015481,0.016369458193739916,0.009360347498679866,1.7099790975392661
0.0,0.0,0.0,0.0,0.0,0.0,0.0,0.0,-0.005066469116946526,0.016369458193739916,0.009360347498679866,1.6962490721340129
0.0,0.0,0.0,0.0,0.0,0.0,0.0,0.0,0.01625460804168588,0.016369458193739916,0.009360347498679866,1.7400755439843105
0.0,0.0,0.0,0.0,0.0,0.0,0.0,0.0,-0.014160940846283387,0.016369458193739916,0.009360347498679866,1.7012734962916007
0.0,4e-05,-4e-05,0.04,0.0,0.0,0.0,0.0,-0.01861841433811906,0.016369458193739916,0.009319973084779942,1.650980067097064
-0.00029580494046944406,0.0,-0.00029580494046944406,0.0,0.02,0.02,0.04,0.0,-0.0291236982927795,0.016068811086664025,0.00902141125022693,1.573773723442757
0.0003107340492886679,0.0,0.0003107340492886679,0.0,0.02,0.02,0.04,0.0,0.00921956682947278,0.01638453826268904,0.009334948559163836,1.5975028022899784
0.00021825001777797003,0.0,0.00021825001777797003,0.0,0.02,0.02,0.04,0.0,-0.0066840009697359815,0.01660636420623396,0.009555235929630701,1.5801410910405802
8.018975149320706e-05,0.0,8.018975149320706e-05,0.0,0.02,0.02,0.04,0.0,0.023117363765007726,0.016687885617946208,0.009636191913118708,1.639787151207209
6.83060630874266e-05,4e-05,2.8306063087426603e-05,0.04,0.02,0.02,0.04,0.0,0.004409621620005133,0.016757331564801525,0.009664770738862405,1.6514276137013844
0.0,0.0,0.0,0.0,0.0,0.0,0.0,0.0,0.000525393163109511,0.016757331564801525,0.009664770738862405,1.652820655642103
0.0,0.0,0.0,0.0,0.0,0.0,0.0,0.0,0.016445624495827982,0.016757331564801525,0.009664770738862405,1.696447947999569
0.0,0.0,0.0,0.0,0.0,0.0,0.0,0.0,0.0031547893918812964,0.016757331564801525,0.009664770738862405,1.7049546733816783
0.0,0.0,0.0,0.0,0.0,0.0,0.0,0.0,0.017140243354885065,0.016757331564801525,0.009664770738862405,1.7513182547473738
0.0,0.0,0.0,0.0,0.0,0.0,0.0,0.0,0.0022420131591913695,0.016757331564801525,0.009664770738862405,1.7574867464796409
0.0,0.0,0.0,0.0,0.0,0.0,0.0,0.0,0.009561414761256382,0.016757331564801525,0.009664770738862405,1.7838522209614003
0.0,0.0,0.0,0.0,0.0,0.0,0.0,0.0,-0.0016260845380726696,0.016757331564801525,0.009664770738862405,1.7793254419086155
0.0,0.0,0.0,0.0,0.0,0.0,0.0,0.0,0.003436518468241667,0.016757331564801525,0.009664770738862405,1.7888766451189886
0.0,0.0,0.0,0.0,0.0,0.0,0.0,0.0,-0.007848497114596786,0.016757331564801525,0.009664770738862405,1.766988154816806
0.0,0.0,0.0,0.0,0.0,0.0,0.0,0.0,0.010625354160183287,0.016757331564801525,0.009664770738862405,1.7963883839187669
0.0,0.0,0.0,0.0,0.0,0.0,0.0,0.0,-0.002383837980234005,0.016757331564801525,0.009664770738862405,1.7897222470816962
0.0,0.0,0.0,0.0,0.0,0.0,0.0,0.0,0.0013730978823098816,0.016757331564801525,0.009664770738862405,1.793552808791397
0.0,0.0,0.0,0.0,0.0,0.0,0.0,0.0,-0.005805274200081922,0.016757331564801525,0.009664770738862405,1.7773354687439538
0.0,0.0,0.0,0.0,0.0,0.0,0.0,0.0,8.953572284031708e-05,0.016757331564801525,0.009664770738862405,1.7775841394827179
0.0,0.0,0.0,0.0,0.0,0.0,0.0,0.0,0.009546014727143781,0.016757331564801525,0.009664770738862405,1.804098998584101
0.0,0.0,0.0,0.0,0.0,0.0,0.0,0.0,-0.020579008899841544,0.016757331564801525,0.009664770738862405,1.7463934203362022
0.0,0.0,0.0,0.0,0.0,0.0,0.0,0.0,-0.0020468135919301522,0.016757331564801525,0.009664770738862405,1.7407720649546703
0.0,0.0,0.0,0.0,0.0,0.0,0.0,0.0,-0.0024322113182296823,0.016757331564801525,0.009664770738862405,1.7341059281175997
0.0,0.0,0.0,0.0,0.0,0.0,0.0,0.0,-0.01683011634892906,0.016757331564801525,0.009664770738862405,1.6880906072370836
0.0,0.0,0.0,0.0,0.0,0.0,0.0,0.0,0.011196217256969065,0.016757331564801525,0.009664770738862405,1.718187053682128
0.0,0.0,0.0,0.0,0.0,0.0,0.0,0.0,0.0043557127427886755,0.016757331564801525,0.009664770738862405,1.7300266956691344
0.0,0.0,0.0,0.0,0.0,0.0,0.0,0.0,0.010258942597767273,0.016757331564801525,0.009664770738862405,1.758033882830376
0.0,0.0,0.0,0.0,0.0,0.0,0.0,0.0,0.008423296578884854,0.016757331564801525,0.009664770738862405,1.7812656202000698
0.0,0.0,0.0,0.0,0.0,0.0,0.0,0.0,0.005222741901835137,0.016757331564801525,0.009664770738862405,1.7957914526948224
0.0,0.0,0.0,0.0,0.0,0.0,0.0,0.0,0.0014768724318450221,0.016757331564801525,0.009664770738862405,1.7999204800164952
0.0,0.0,0.0,0.0,0.0,0.0,0.0,0.0,0.00040860716682655784,0.016757331564801525,0.009664770738862405,1.8010645475911744
0.0,0.0,0.0,0.0,0.0,0.0,0.0,0.0,-0.0029658530705484187,0.016757331564801525,0.009664770738862405,1.7927570017018968
0.0,0.0,0.0,0.0,0.0,0.0,0.0,0.0,0.01706440263283948,0.016757331564801525,0.009664770738862405,1.8404137316346194
0.0,0.0,0.0,0.0,0.0,0.0,0.0,0.0,-0.004781219240837187,0.016757331564801525,0.009664770738862405,1.8268330908489898
0.0,0.0,0.0,0.0,0.0,0.0,0.0,0.0,0.0024988700574681832,0.016757331564801525,0.009664770738862405,1.8338969794171724
0.0,0.0,0.0,0.0,0.0,0.0,0.0,0.0,0.0028613143253319873,0.016757331564801525,0.009664770738862405,1.8420056494408938
0.0,0.0,0.0,0.0,0.0,0.0,0.0,0.0,-0.0022055133774685487,0.016757331564801525,0.009664770738862405,1.8357375679622105
0.0,0.0,0.0,0.0,0.0,0.0,0.0,0.0,0.003964651345061521,0.016757331564801525,0.009664770738862405,1.8469802787252734
0.0,0.0,0.0,0.0,0.0,0.0,0.0,0.0,-0.0014503182029491635,0.016757331564801525,0.009664770738862405,1.8428512514036006
0.0,0.0,0.0,0.0,0.0,0.0,0.0,0.0,0.0040072780371684935,0.016757331564801525,0.009664770738862405,1.854243346786287
0.0,0.0,0.0,0.0,0.0,0.0,0.0,0.0,-0.0089584749040581,0.016757331564801525,0.009664770738862405,1.8286736793940275
0.0,0.0,0.0,0.0,0.0,0.0,0.0,0.0,0.00042205732551758857,0.016757331564801525,0.009664770738862405,1.8298675418419146
0.0,0.0,0.0,0.0,0.0,0.0,0.0,0.0,-0.0018281792604923908,0.016757331564801525,0.009664770738862405,1.8246940366919788
0.0,0.0,0.0,0.0,0.0,0.0,0.0,0.0,0.009087339434985742,0.016757331564801525,0.009664770738862405,1.850362990203379
0.0,0.0,0.0,0.0,0.0,0.0,0.0,0.0,-0.009040442689714157,0.016757331564801525,0.009664770738862405,1.824594446945563
0.0,0.0,0.0,0.0,0.0,0.0,0.0,0.0,0.009457547081078044,0.016757331564801525,0.009664770738862405,1.8513081819125023
0.0,0.0,0.0,0.0,0.0,0.0,0.0,0.0,0.006926447400689373,0.016757331564801525,0.009664770738862405,1.8710576180576743
0.0,0.0,0.0,0.0,0.0,0.0,0.0,0.0,-0.0017500255397128184,0.016757331564801525,0.009664770738862405,1.8660331939000865
0.0,0.0,0.0,0.0,0.0,0.0,0.0,0.0,0.005988252959907792,0.016757331564801525,0.009664770738862405,1.8831957256566527
0.0,0.0,0.0,0.0,0.0,0.0,0.0,0.0,0.008178318945803564,0.016757331564801525,0.009664770738862405,1.9067754198842506
0.0,0.0,0.0,0.0,0.0,0.0,0.0,0.0,-0.0077696775233381254,0.016757331564801525,0.009664770738862405,1.884190712238984
0.0,0.0,0.0,0.0,0.0,0.0,0.0,0.0,0.00434640444437151,0.016757331564801525,0.009664770738862405,1.8967265715690744
0.0,0.0,0.0,0.0,0.0,0.0,0.0,0.0,8.584543021927793e-05,0.016757331564801525,0.009664770738862405,1.8969752423078385
0.0,0.0,0.0,0.0,0.0,0.0,0.0,0.0,0.0038465722734466468,0.016757331564801525,0.009664770738862405,1.9081186669517614
0.0,0.0,0.0,0.0,0.0,0.0,0.0,0.0,-0.0016422140791901851,0.016757331564801525,0.009664770738862405,1.9033429135329372
0.0,0.0,0.0,0.0,0.0,0.0,0.0,0.0,-0.0005311542518380286,0.016757331564801525,0.009664770738862405,1.9018007905998702
0.0,0.0,0.0,0.0,0.0,0.0,0.0,0.0,-0.009137380893711078,0.016757331564801525,0.009664770738862405,1.875285931498487
0.0,0.0,0.0,0.0,0.0,0.0,0.0,0.0,0.0021626672107126765,0.016757331564801525,0.009664770738862405,1.8815042181039625
0.0,0.0,0.0,0.0,0.0,0.0,0.0,0.0,-0.00034530110213959464,0.016757331564801525,0.009664770738862405,1.8805092315216312
0.0,0.0,0.0,0.0,0.0,0.0,0.0,0.0,0.003091391148152267,0.016757331564801525,0.009664770738862405,1.8894140122621281
0.0,0.0,0.0,0.0,0.0,0.0,0.0,0.0,0.0016183778622804734,0.016757331564801525,0.009664770738862405,1.894090175934536
0.0,0.0,0.0,0.0,0.0,0.0,0.0,0.0,-0.0030252672130528513,0.016757331564801525,0.009664770738862405,1.8853347798136628
0.0,0.0,0.0,0.0,0.0,0.0,0.0,0.0,-0.01960310154264744,0.016757331564801525,0.009664770738862405,1.8287732691404432
0.0,2e-05,-2e-05,0.02,0.0,0.0,0.0,0.0,0.004220532001058652,0.016757331564801525,0.00964457744344771,1.8407121972465896
-0.00021724791350911322,0.0,-0.00021724791350911322,0.0,0.02,0.0,0.02,0.02,-0.0021539305759273875,0.016536443155974023,0.009425234265612259,1.8345935003875304
0.00038001851505747197,0.0,0.00038001851505747197,0.0,0.02,0.0,0.02,0.02,0.012091775640930225,0.016922745825604046,0.009808834544199563,1.8688687690274555
0.0007609018885103369,0.0,0.0007609018885103369,0.0,0.02,0.0,0.02,0.02,0.024865554910313614,0.017696524263371982,0.010577199993438757,1.9402047829341913
0.0002858667020339878,0.0,0.0002858667020339878,0.0,0.02,0.0,0.02,0.02,0.0077321458684938005,0.01798744981243461,0.010866090364751724,1.9629388751990815
-0.00017805382992694074,2e-05,-0.00019805382992694074,0.02,0.02,0.0,0.02,0.02,0.004331722357409529,0.017806193248177893,0.010665884464011732,1.9757735037684192
0.0,0.0,0.0,0.0,0.0,0.0,0.0,0.0,0.0009528867448342915,0.017806193248177893,0.010665884464011732,1.978609078895789
0.0,0.0,0.0,0.0,0.0,0.0,0.0,0.0,-0.003106395419244068,0.017806193248177893,0.010665884464011732,1.9693563412973885
0.0,0.0,0.0,0.0,0.0,0.0,0.0,0.0,0.000485806693723001,0.017806193248177893,0.010665884464011732,1.9707988744840397
0.0,0.0,0.0,0.0,0.0,0.0,0.0,0.0,-0.006430159312396544,0.017806193248177893,0.010665884464011732,1.9516961644360191
0.0,0.0,0.0,0.0,0.0,0.0,0.0,0.0,-0.012808588351979733,0.017806193248177893,0.010665884464011732,1.9138891033256407
0.0,0.0,0.0,0.0,0.0,0.0,0.0,0.0,0.004097352819568911,0.017806193248177893,0.010665884464011732,1.9258283350590633
0.0,0.0,0.0,0.0,0.0,0.0,0.0,0.0,0.003655467635231613,0.017806193248177893,0.010665884464011732,1.936523605844115
0.0,0.0,0.0,0.0,0.0,0.0,0.0,0.0,0.000338831460557909,0.017806193248177893,0.010665884464011732,1.937518592426446
0.0,0.0,0.0,0.0,0.0,0.0,0.0,0.0,0.005368302980789608,0.017806193248177893,0.010665884464011732,1.9532880822422936
0.0,0.0,0.0,0.0,0.0,0.0,0.0,0.0,0.003099410292649374,0.017806193248177893,0.010665884464011732,1.9624415337215542
0.0,0.0,0.0,0.0,0.0,0.0,0.0,0.0,0.003392083253218603,0.017806193248177893,0.010665884464011732,1.9724903820367303
0.0,0.0,0.0,0.0,0.0,0.0,0.0,0.0,0.005221486727384761,0.017806193248177893,0.010665884464011732,1.9880112011138138
0.0,0.0,0.0,0.0,0.0,0.0,0.0,0.0,-0.0030300628489846604,0.017806193248177893,0.010665884464011732,1.978957339380969
0.0,0.0,0.0,0.0,0.0,0.0,0.0,0.0,0.006212064520751737,0.017806193248177893,0.010665884464011732,1.9974628145777706
0.0,0.0,0.0,0.0,0.0,0.0,0.0,0.0,0.0017924107737512518,0.017806193248177893,0.010665884464011732,2.0028354992205384
0.0,0.0,0.0,0.0,0.0,0.0,0.0,0.0,0.000463807728996235,0.017806193248177893,0.010665884464011732,2.0042282375339813
0.0,0.0,0.0,0.0,0.0,0.0,0.0,0.0,0.006209534809425099,0.017806193248177893,0.010665884464011732,2.022883097350406
0.0,0.0,0.0,0.0,0.0,0.0,0.0,0.0,-0.00164565718361398,0.017806193248177893,0.010665884464011732,2.017908468066026
0.0,0.0,0.0,0.0,0.0,0.0,0.0,0.0,0.0018956655539701384,0.017806193248177893,0.010665884464011732,2.023629413193974
0.0,0.0,0.0,0.0,0.0,0.0,0.0,0.0,-0.005149643631043976,0.017806193248177893,0.010665884464011732,2.008058799243682
0.0,0.0,0.0,0.0,0.0,0.0,0.0,0.0,-0.003109090602606557,0.017806193248177893,0.010665884464011732,1.9987064718988656
0.0,0.0,0.0,0.0,0.0,0.0,0.0,0.0,0.007730647435394422,0.017806193248177893,0.010665884464011732,2.021888414395351
0.0,0.0,0.0,0.0,0.0,0.0,0.0,0.0,-0.005152610492206833,0.017806193248177893,0.010665884464011732,2.0063178004450593
0.0,0.0,0.0,0.0,0.0,0.0,0.0,0.0,-0.00019855892276432474,0.017806193248177893,0.010665884464011732,2.0057208692211157
0.0,0.0,0.0,0.0,0.0,0.0,0.0,0.0,0.004269965675617771,0.017806193248177893,0.010665884464011732,2.018555194163178
0.0,0.0,0.0,0.0,0.0,0.0,0.0,0.0,-0.004120041679210651,0.017806193248177893,0.010665884464011732,2.006118620952228
0.0,0.0,0.0,0.0,0.0,0.0,0.0,0.0,-0.029803487374158943,0.017806193248177893,0.010665884464011732,1.9165258025874543
0.0,0.0,0.0,0.0,0.0,0.0,0.0,0.0,-0.0003071121340316729,0.017806193248177893,0.010665884464011732,1.9156301021242634
0.0,0.0,0.0,0.0,0.0,0.0,0.0,0.0,0.008616360754965635,0.017806193248177893,0.010665884464011732,1.9407522229122032
0.0,0.0,0.0,0.0,0.0,0.0,0.0,0.0,0.005988290418921238,0.017806193248177893,0.010665884464011732,1.9583623012730897
0.0,0.0,0.0,0.0,0.0,0.0,0.0,0.0,0.011115010046286677,0.017806193248177893,0.010665884464011732,1.9912445279722961
0.0,0.0,0.0,0.0,0.0,0.0,0.0,0.0,6.658749927290764e-05,0.017806193248177893,0.010665884464011732,1.9914437074651277
0.0,0.0,0.0,0.0,0.0,0.0,0.0,0.0,-0.010526518786625139,0.017806193248177893,0.010665884464011732,1.9599542190793646
0.0,0.0,0.0,0.0,0.0,0.0,0.0,0.0,-0.01141163837760406,0.017806193248177893,0.010665884464011732,1.9261762919169674
