ticker,announcement_date,announcement_time,timing_class,fiscal_year,fiscal_quarter,eps_actual,eps_estimate,eps_surprise,eps_surprise_pct,revenue_actual,revenue_estimate,revenue_surprise,revenue_surprise_pct,source,event_id,year,sue,pre_ret_5d,pre_ret_10d,pre_ret_21d,pre_ret_63d,pre_vol_10d,pre_vol_21d,pre_vol_63d,pre_volume_zscore,pre_drawdown_63d,pre_market_ret_21d,market_beta,pre_vix,"CAR[-5,+5]","CAR[-2,+2]","CAR[-1,+1]","CAR[0,+1]","CAR[0,+5]","CAR[0,+20]","CAR[+1,+5]","CAR[+1,+20]",alpha,beta,event_t0_date,signal,composite_score,composite_signal
JPM,2016-01-14,,BMO,,,1.32,1.26,0.06000000000000005,0.04761904761904766,,,,,yfinance,d36c876a545f,2016,1.0,,,,,,,,,,,,,,,,,,,,,,,,0,-0.12768953162062055,0
BAC,2016-01-19,,BMO,,,0.28,0.27,0.010000000000000009,0.03703703703703707,,,,,yfinance,8f49927645e5,2016,1.0,,,,,,,,,,,,,,,,,,,,,,,,0,-0.12955189169175793,0
AAPL,2016-01-26,,AMC,,,0.82,0.81,0.009999999999999898,0.012345679012345552,,,,,yfinance,176f1ec2401f,2016,1.0,,,,,,,,,,,,,,,,,,,,,,,,0,-0.1338973985244118,0
META,2016-01-27,,AMC,,,0.54,0.42,0.12000000000000005,0.28571428571428586,,,,,yfinance,d6f4c9bcddf4,2016,1.0,,,,,,,,,,,,,,,,,,,,,,,,0,-0.08578643002002974,0
AMZN,2016-01-28,,AMC,,,0.05,0.08,-0.03,-0.375,,,,,yfinance,29d8aef9cb16,2016,-1.0,,,,,,,,,,,,,,,,,,,,,,,,0,-0.3019010858638195,0
MSFT,2016-01-28,,AMC,,,0.78,0.71,0.07000000000000006,0.09859154929577474,,,,,yfinance,efe5de317b70,2016,1.0,,,,,,,,,,,,,,,,,,,,,,,,0,-0.1187187267709166,0
CVX,2016-01-29,,BMO,,,0.27,0.51,-0.24,-0.47058823529411764,,,,,yfinance,618b8e8b398c,2016,-1.0,,,,,,,,,,,,,,,,,,,,,,,,0,-0.318723948712292,0
GOOGL,2016-02-01,,AMC,,,0.43,0.4,0.02999999999999997,0.07499999999999993,,,,,yfinance,aced6513e9cc,2016,1.0,,,,,,,,,,,,,,,,,,,,,,,,0,-0.12287067493655263,0
XOM,2016-02-02,,BMO,,,0.67,0.64,0.030000000000000027,0.04687500000000004,,,,,yfinance,8672e408b3ae,2016,1.0,,,,,,,,,,,,,,,,,,,,,,,,0,-0.1278204788131224,0
NVDA,2016-02-17,,AMC,,,0.01,0.01,0.0,0.0,,,,,yfinance,bc6a72387789,2016,0.0,,,,,,,,,,,,,,,,,,,,,,,,0,-0.18598692639181386,0
WMT,2016-02-18,,BMO,,,0.5,0.49,0.010000000000000009,0.02040816326530614,,,,,yfinance,8f03d5f69c9c,2016,1.0,,,,,,,,,,,,,,,,,,,,,,,,0,-0.13247845751783094,0
COST,2016-03-02,,AMC,,,1.24,1.28,-0.040000000000000036,-0.03125000000000003,,,,,yfinance,bee15179ea9e,2016,-1.0,,,,,,,,,,,,,-0.010141467961618935,-0.027012610506910704,-0.0002714776418322549,-0.014006652479578906,0.007471708816303466,0.04097755949950854,0.01626098738538958,0.04976683806859465,-0.0013590342746122633,0.6020852796736702,2016-03-03,-1,-0.24140348292796654,-1
JPM,2016-04-13,,BMO,,,1.35,1.26,0.09000000000000008,0.0714285714285715,,,,,yfinance,840ddf1c0fa0,2016,1.8000000000000016,0.015764190529876876,0.0042351347648625914,-0.0010111454859575986,0.00764910648030348,0.2249553559486088,0.1898643144796705,0.3268507329900892,-0.593122748791051,-0.10806723201976103,0.015584946477214645,1.0,14.850000381469727,0.07181863735503213,0.054065104454776095,0.04923879720142519,0.04314421058552174,0.0606926013653398,0.07209461141745517,0.032001622318989835,0.0434036323711052,-0.0015786100325413507,1.507679400337015,2016-04-13,0,-0.23280546300251584,0
BAC,2016-04-14,,BMO,,,0.21,0.21,0.0,0.0,,,,,yfinance,7176d88a5f0c,2016,0.0,0.039186095414573074,0.022997064550735802,0.010997039204893033,-0.09928154252798682,0.3216526868545983,0.26222385170022594,0.41891626189277736,-0.6340002339035382,-0.25550366792436313,0.02716049382716057,1.0,13.84000015258789,0.13645586274571198,0.062214850728198705,0.04928730771225336,0.024787974083928535,0.09219535625221077,0.11722788984205267,0.06321010746049631,0.0882426410503382,-0.003691937810686115,1.8194896421939022,2016-04-14,0,-0.3213615243764312,-1
GOOGL,2016-04-21,,AMC,,,0.38,0.4,-0.020000000000000018,-0.050000000000000044,,,,,yfinance,5ae73f24f068,2016,-0.40000000000000036,0.005945376216448528,0.026153751187513397,0.026248310225316374,0.0733895743121844,0.12145159585276223,0.13189762547956543,0.23340656527557488,-0.13749926931669443,-0.10230379547975174,0.02155848511313252,1.0,13.949999809265137,-0.0796789913125705,-0.060886557790362665,-0.03460159834092484,-0.04621896834242314,-0.08241233054986648,-0.05655313798141195,-0.02843954579651628,-0.002580353228061762,-0.00016823541016144843,0.9098549996601186,2016-04-22,-1,-0.1963964244075198,0
MSFT,2016-04-21,,AMC,,,0.62,0.64,-0.020000000000000018,-0.03125000000000003,,,,,yfinance,238aee402e47,2016,-0.40000000000000036,0.007586672043258247,0.024237967627887214,0.03162565367346115,0.10499206190812393,0.12991145981605798,0.15287365467434383,0.2589470671090199,-0.15096942225741128,-0.10546381116715402,0.02155848511313252,1.0,13.949999809265137,-0.08710012734504262,-0.08128480482175843,-0.051876023162925805,-0.06244516253082441,-0.09080224411052847,-0.06473816921410108,-0.019449980540811002,0.006614094355616383,-0.00035802842628429555,1.2630590223753666,2016-04-22,-1,-0.18568759098499354,0
AAPL,2016-04-26,,AMC,,,0.48,0.5,-0.020000000000000018,-0.040000000000000036,,,,,yfinance,d49c8742009c,2016,-0.40000000000000036,-0.023945422320620358,-0.055143098810742974,-0.00798558748730005,0.04360436747175256,0.16748645550252655,0.2039827614004363,0.25334782338900635,-0.15332962853489454,-0.06913470210072421,0.027947217684819003,1.0,13.960000038146973,-0.09890757161423125,-0.10346342966649015,-0.09436054258162098,-0.08520405014111722,-0.07868965859074334,-0.05261355895349097,-0.01319448500152241,0.012881614635729977,0.00037090320552868165,1.2371810938432142,2016-04-27,-1,-0.26701872164647666,-1
META,2016-04-27,,AMC,,,0.52,0.4,0.12,0.3,,,,,yfinance,0173a28c7495,2016,2.4,-0.031400096395589494,-0.014659331420381116,-0.06242466022129323,0.1528851551929562,0.19322797765072602,0.2213064168753195,0.40922999786844033,-0.19973763612837359,-0.13511161627558257,0.020622128934390194,1.0,13.770000457763672,0.07261967438246908,0.07658307698992342,0.09400020281148111,0.09623292655164703,0.1034765168236084,0.07870599837585525,0.020646957619398193,-0.004123560828354963,0.0007921963179313807,1.2806047157290765,2016-04-28,1,-0.1877875894072013,0
AMZN,2016-04-28,,AMC,,,0.05,0.03,0.020000000000000004,0.6666666666666669,,,,,yfinance,855e7342eba1,2016,0.4000000000000001,-0.04595876040109581,-0.030205396326300593,0.005528759201032241,-0.05249073884444966,0.1936481959607857,0.20953427385944023,0.3430878593372189,-0.15016638005450225,-0.1787563866122194,0.006941037987214571,1.0,15.220000267028809,0.09491461155183073,0.10719919862655566,0.133765214033291,0.13062738807692303,0.13079525730717229,0.17028407627589434,0.028572726449768184,0.06806154541849017,-0.0005175429716735157,1.1188560648589023,2016-04-29,1,-0.07490889802202091,1
CVX,2016-04-29,,BMO,,,-0.11,-0.16,0.05,0.3125,,,,,yfinance,61815dda5880,2016,1.0,0.009861932790452554,0.045111226959684725,0.07506563281762624,0.19180637462920802,0.17664383234059286,0.19010559705637245,0.3000622337143901,-0.9104169398906202,-0.06057191254112868,0.006941037987214571,1.0,15.220000267028809,0.016818629192391025,0.004395973139824167,0.0011912681215504343,0.00388607638522048,0.0011496520832333934,-0.03823408018964061,-0.003074424639347562,-0.04245815691222157,0.0008150508643612094,1.3313118948688405,2016-04-29,1,-0.1569462563034164,0
XOM,2016-04-29,,BMO,,,0.43,0.31,0.12,0.3870967741935484,,,,,yfinance,00a68878a4fa,2016,2.4,0.01428733553046535,0.030434255704475,0.04152865920065563,0.1433952620061394,0.09223641732383288,0.12674409771821057,0.18836832350926855,-0.8981510139050418,-0.041875429674082254,0.006941037987214571,1.0,15.220000267028809,0.022653113682222753,0.012244225606614569,0.010367430246131385,0.008277821577526583,0.006918331846866448,-0.009813884745915663,-0.0010232734631234674,-0.017755490055905578,0.0009779557694474636,0.8735937578155931,2016-04-29,1,-0.13794921783978886,0
NVDA,2016-05-12,,AMC,,,0.01,0.01,0.0,0.0,,,,,yfinance,8a89c605574b,2016,0.0,0.017157547366176917,-0.017403305456360818,-0.03184542792792644,0.40592883874413155,0.22818260948126942,0.21616402009580932,0.29017033578888507,0.08223516009183261,-0.0683462556077252,-0.00692308866060698,1.0,14.40999984741211,0.23536956675764728,0.19268219362988304,0.16339143388159819,0.17826134908706467,0.23338144710262784,0.2552949852190312,0.06997935334829393,0.09189289146469726,0.0008752489578451819,1.3980463940832701,2016-05-13,0,-0.22925260047579812,0
WMT,2016-05-19,,BMO,,,0.33,0.29,0.040000000000000036,0.13793103448275876,,,,,yfinance,56412f83b7f1,2016,0.8000000000000007,-0.04908905221261195,-0.060128063453305236,-0.09488320161637753,-0.015127904505013556,0.3091895301722254,0.24535338701048023,0.18806019084567374,1.1961056932716523,-0.09604928200037349,-0.023773179511553,1.0,15.949999809265137,0.05282524985770198,0.054850859402704066,0.0709270131458034,0.10201425028854338,0.10345520701640337,0.09630681354686418,0.007026510110489833,-0.00012188335904936504,0.0009962157284266703,0.467879721775277,2016-05-19,0,-0.014621025419619658,1
COST,2016-05-25,,AMC,,,1.24,1.22,0.020000000000000018,0.016393442622950834,,,,,yfinance,9146ae84539e,2016,0.40000000000000036,0.023002336714803784,-0.01753671775885801,-0.05281790625824312,-0.06579632791011203,0.17549203933354676,0.19692919684389854,0.18708501522645832,0.2738071783974104,-0.10717223831827606,0.0017231505528754187,1.0,13.899999618530273,0.06847433288285423,0.03919875331818688,0.04179498347570786,0.030953413223993684,0.05290254057517366,0.11384854115472115,0.016243233801797218,0.07718923438134472,-0.0010612022591852792,0.5952005069994187,2016-05-26,0,-0.20078694917481782,0
JPM,2016-07-14,,BMO,,,1.55,1.43,0.1200000000000001,0.08391608391608399,,,,,yfinance,61ba56bf2830,2016,5.656854249492381,0.04934376621476111,0.061155903253586885,-0.0017385903201470043,0.022171854856543494,0.26458312298028747,0.3696388378486811,0.25625235442260264,-0.01559308085832836,-0.12460108269934736,0.03103862468421914,1.51439003598885,13.039999961853027,0.010706531122273124,0.006185479191636784,0.010126613481939974,0.010073773345565707,0.0008683856144121658,0.01756611981902504,-0.005607177787221479,0.011090556417391399,-0.0004562998968840611,1.644191560335172,2016-07-14,0,0.10380688003962675,1
BAC,2016-07-18,,BMO,,,0.36,0.33,0.02999999999999997,0.09090909090909081,,,,,yfinance,9fa705d1d971,2016,4.242640687119278,0.037205753096400285,0.02938955359419504,0.02398798284587289,-0.024285725184849283,0.24463464600240695,0.45160715659615697,0.335872067891546,-0.34301353534864304,-0.1939112784960701,0.03889290893407793,1.817134275458174,12.670000076293945,0.06950904531164809,0.05794127854227665,0.049025013601283224,0.04372246849994052,0.054272824251899804,0.10398319126217465,0.025079548750757817,0.07478991576103264,-0.0017992788850869825,2.0648498124928,2016-07-18,0,0.004618279306387751,1
MSFT,2016-07-19,,AMC,,,0.69,0.58,0.10999999999999999,0.1896551724137931,,,,,yfinance,81b908195fe5,2016,1.7284832429004475,-0.0022551951503374523,0.03752202564681384,0.05904645963303867,-0.05852100146797179,0.1402610788832226,0.2508242970902592,0.25593642954493473,0.0029263835894422757,-0.13176763418734774,0.046823542363420234,1.29724385206098,11.970000267028809,0.06045914192126826,0.05146354424127614,0.03959554978046619,0.05315299898384281,0.06375855458823909,0.09574000207677458,0.014773521669356235,0.046754969157891714,-0.0012509895033891438,1.293136918400968,2016-07-20,1,0.052465131636072075,1
AAPL,2016-07-26,,AMC,,,0.36,0.35,0.010000000000000009,0.0285714285714286,,,,,yfinance,7853cd6dd354,2016,0.4714045207910334,-0.03204169910515231,-0.007698624657119679,0.03501067012467196,-0.07359847069935921,0.1540751019240508,0.14906891533697417,0.22558198962836257,-0.1467174290425667,-0.08335825556533195,0.06647310638500414,1.1930800107690722,13.050000190734863,0.069880730213507,0.06186622817797331,0.07371049175541963,0.0801400055854877,0.10030604809819883,0.1275972779679449,0.033479854059155476,0.060771083928901556,-0.0008808008682829796,0.9255655519048102,2016-07-27,0,-0.12383778456687634,0
META,2016-07-27,,AMC,,,0.97,0.82,0.15000000000000002,0.18292682926829273,,,,,yfinance,5bff5b8e0c2a,2016,1.0,0.011646966783723345,0.056173982078827844,0.13187111091320558,0.13270270024095399,0.15739782893089926,0.18035087500770303,0.22637019841522493,0.2672154859055804,-0.09568463717258817,0.08476952731239074,1.1526341149487933,12.829999923706055,0.021364959331936155,0.020320282194514625,0.02067881959438756,0.002466013296896788,0.008116337890491716,-0.0024226997791906716,-0.004272255704490592,-0.014811293374172984,0.0001352306155050203,0.8097309810750872,2016-07-28,0,0.22613396515423506,1
AMZN,2016-07-28,,AMC,,,0.09,0.05,0.039999999999999994,0.7999999999999998,,,,,yfinance,4a9d8a026671,2016,1.1313708498984756,0.010988283448253089,0.01539393953118351,0.06308360100965138,0.2501827347691086,0.1378034905722436,0.13297682358611443,0.27041808838333364,-0.09973224050625822,-0.0506425908680469,0.06678153311033364,1.0770588014123343,12.720000267028809,-0.007484804739484789,0.02582386176718177,0.032114906657525186,0.01411254154971495,-0.0036244809345861353,-0.03471647227706332,-0.007811102654314008,-0.03890309399679119,0.002591908028212901,0.9038948770527894,2016-07-29,1,0.11266748815525936,1
GOOGL,2016-07-28,,AMC,,,0.35,0.32,0.02999999999999997,0.0937499999999999,,,,,yfinance,777b5896da30,2016,0.8485281374238564,0.015150882319062475,0.04082628061945126,0.10788994361558868,0.08620547490727026,0.12400540984266992,0.11811024029797391,0.1698569608563754,0.037936486604423565,-0.09041868905641147,0.06678153311033364,0.9399318733868092,12.720000267028809,0.06925430018937152,0.06485207506739465,0.05129297909079476,0.04643649079950009,0.05198736281054951,0.051953480437178456,0.019351714397730226,0.01931783202435918,-0.0008788261568487573,0.9538067275855249,2016-07-29,0,0.0980176237126196,1
CVX,2016-07-29,,BMO,,,0.35,0.32,0.02999999999999997,0.0937499999999999,,,,,yfinance,8053d0cb487c,2016,0.14629795472825105,-0.0341588243189106,-0.04601683386267175,0.001574374362230957,-0.005957037121697706,0.12407970525102173,0.164029410026186,0.16536201353308924,-0.029902000101256213,-0.04895821660780136,0.06678153311033364,1.3162203893509417,12.720000267028809,-0.06213894866448012,-0.026709689658805044,-0.03446598667859302,-0.02806373430764365,-0.02243184507818318,-0.017890245339912278,-0.026905046143532233,-0.022363446405261334,0.0005525086588778656,1.0857216792493298,2016-07-29,0,-0.166458704984755,0
XOM,2016-07-29,,BMO,,,0.41,0.64,-0.23000000000000004,-0.35937500000000006,,,,,yfinance,7903f7c636c8,2016,-3.614101326064578,-0.03889186558575586,-0.05002633125506317,-0.007809995437973005,0.02465066680718464,0.09658136114076615,0.14238340365212196,0.14216267609912672,-0.0736135707419031,-0.05172419739565909,0.06678153311033364,0.8569599290136307,12.720000267028809,-0.07994666808563798,-0.04810845904604548,-0.05925608895850148,-0.05014398794172331,-0.036429487290259376,-0.04381014867110259,-0.02095025040473731,-0.02833091178558051,0.0005012051965835643,0.6936438167216771,2016-07-29,-1,-0.4635267945731816,-1
NVDA,2016-08-11,,AMC,,,0.01,0.01,0.0,0.0,,,,,yfinance,0218419e5c27,2016,0.0,0.04315913654731407,0.06265570625880601,0.13111025545029031,0.6783806357726139,0.18810719581960472,0.20274978053286574,0.38188857954713623,0.032172027027901284,-0.06702408966780705,0.017355275262039394,1.256285574498973,11.680000305175781,0.027608020165096094,0.041432388571390276,0.055337394092102574,0.04405467546706579,0.017529433576587275,-0.06223180419495536,-0.03479879938733944,-0.11456003715888205,0.004475728028450305,0.9869166677439718,2016-08-12,0,0.08416229697855165,1
WMT,2016-08-18,,BMO,,,0.36,0.34,0.019999999999999962,0.058823529411764594,,,,,yfinance,1a641a7aef2c,2016,0.9428090415820608,-0.013793109851908514,-0.00013712827196643573,-0.009910418831077572,0.1548693751561896,0.08102908099895634,0.07996014811741549,0.20655288158738916,0.37774958224189903,-0.01579797701029358,0.01008368865887821,0.4485105164051917,12.1899995803833,-0.04344083178151633,-0.009938375299493195,-0.0034937642931303116,-0.0027221244676367135,-0.025400691224807072,-0.002367788950148997,-0.042720897188247946,-0.019687994913589878,0.0005710133333791886,0.3983777451380223,2016-08-18,0,-0.054628499737667036,0
COST,2016-09-29,,AMC,,,1.77,1.73,0.040000000000000036,0.023121387283237014,,,,,yfinance,3020a66c8952,2016,0.9428090415820634,-0.03695715722421744,-0.03392934262073577,-0.08934305149954147,-0.06081245670692503,0.08492482889722858,0.1748357126113617,0.16075928815029672,0.6666566307116689,-0.12748455187460422,-0.015229391395498837,0.5296186629775025,14.020000457763672,-0.015157142878580965,0.002961611161562096,0.013303289254551466,0.021671096368527716,0.016630694702360404,0.021293391063751044,-0.013679459368000855,-0.009016763006610218,-7.07303132473048e-06,0.4946949441886051,2016-09-30,0,-0.1480337383197891,0
JPM,2016-10-14,,BMO,,,1.58,1.39,0.19000000000000017,0.1366906474820145,,,,,yfinance,6692c0fa535a,2016,6.333333333333333,-0.00191549841684735,0.031835434719171385,0.02018066727556289,0.05546895515216521,0.12054312882220171,0.14856215017433827,0.1181190118727346,0.6233616598272393,-0.027407384801793982,-0.0006568116052418915,1.562605531619174,16.690000534057617,0.020478077975929147,-0.01066167672314342,-0.0057267659160215555,-0.004427496733332868,0.005005510459937412,0.10507804094761179,0.008939532235980815,0.1090120627236552,-9.807412288250872e-06,1.3479569963800948,2016-10-14,0,0.34928520845332495,1
BAC,2016-10-17,,BMO,,,0.41,0.34,0.06999999999999995,0.20588235294117632,,,,,yfinance,8085fbbe09fb,2016,4.5825756949558425,-0.008059464818994,0.022364242172588256,0.021059344103341093,0.1339475825166554,0.17337023250096179,0.2114533030314607,0.1923354214772975,-0.07218583078220604,-0.06794319612008308,-0.010033461883859451,1.887203492036547,16.1200008392334,0.040065203798996994,0.022846768452923855,0.02145809085025615,0.011588883183176552,0.03346715540961485,0.20444512548256627,0.02467455352410433,0.19565252359705576,2.3470175715638916e-05,1.639064079376374,2016-10-17,1,0.10318681947821545,1
MSFT,2016-10-20,,AMC,,,0.76,0.68,0.07999999999999996,0.11764705882352934,,,,,yfinance,d9cb8178e461,2016,1.2015028183722205,0.005797643037078082,-0.008486346799839728,-0.008829611086451084,0.012020511027826641,0.10794086335376347,0.11747878693584626,0.11424225592994221,0.7315052197367414,-0.03584905969019816,-0.008988983298901743,1.275899005343365,13.75,0.04402415874842983,0.05000171114188254,0.053485687166613165,0.05707457913923246,0.04772440490067147,0.009545261802331322,0.00712198269780158,-0.031057160400538575,0.000938498233022357,1.1874566490078875,2016-10-21,0,0.05860331544132018,1
AAPL,2016-10-25,,AMC,,,0.42,0.41,0.010000000000000009,0.024390243902439046,,,,,yfinance,803a437999c6,2016,0.5773502691896268,0.006639982729134575,0.016766955262884853,0.04757266900464452,0.14861586697714868,0.07933576248096383,0.10750799814100243,0.17713325663687482,-0.41324387783911565,-0.05800151542572515,-0.000326770549027966,1.0636660675740377,13.460000038146973,-0.05601393890669244,-0.028492886208769073,-0.02594384891006954,-0.031965923021705575,-0.05131589005687784,-0.12498577670813345,-0.028608455508501825,-0.10227834215975744,0.0019095137526039846,0.8451515024861498,2016-10-26,0,-0.16032059799934273,0
GOOGL,2016-10-27,,AMC,,,0.36,0.34,0.019999999999999962,0.058823529411764594,,,,,yfinance,f84182d71675,2016,0.6928203230275498,-0.00520917436457391,0.016503376857357033,0.00899938197060779,0.032868272001104426,0.14678612565027677,0.1299232038165655,0.12033325694464284,1.1837045697699886,-0.024749835803205424,-0.01601736166210921,0.937464557749843,15.359999656677246,-0.03262096126029166,-0.01694379239771652,-0.011333564249257183,-0.007502539169775068,-0.027754954290749614,-0.08217665117236314,-0.032680911543904234,-0.08710260842551776,0.0005967233116424375,0.953780259092618,2016-10-28,0,0.17074877178459055,1
AMZN,2016-10-27,,AMC,,,0.03,0.04,-0.010000000000000002,-0.25000000000000006,,,,,yfinance,bb5b50c10fac,2016,-0.27735009811261463,0.009922016950151491,-0.013168083761417981,-0.012501243993044087,0.07847817094807352,0.18549234750640123,0.147882688348807,0.1550032693346375,1.3447705198610291,-0.04031455124808048,-0.01601736166210921,1.0275656437604423,15.359999656677246,-0.059866368706265605,-0.052972847563557524,-0.037992880136751825,-0.03394651732235667,-0.06675751137516425,-0.11703528646437007,-0.016739204888749033,-0.06701697997795486,0.0012760368720990119,0.8894540313822907,2016-10-28,-1,0.06495609890605493,1
CVX,2016-10-28,,BMO,,,0.49,0.39,0.09999999999999998,0.25641025641025633,,,,,yfinance,9e52769f46fd,2016,0.6174094339647441,-0.01914208820125063,-0.008631835883315286,-0.02183067375058867,-0.024980533802988814,0.0933993464055989,0.13722011253964772,0.1785186011803727,0.16431982282445445,-0.06165967757382329,-0.01601736166210921,1.1959250973444366,15.359999656677246,0.05668054907752719,0.07199646715333385,0.04161730830870458,0.05129406315395808,0.07161586568073947,0.07178517521674523,0.029420020110531263,0.029589329646537023,-0.0001878392346510474,1.0072256352883162,2016-10-28,1,-0.11290784471520092,0
XOM,2016-10-28,,BMO,,,0.63,0.6,0.030000000000000027,0.050000000000000044,,,,,yfinance,41d2b63fa103,2016,0.16506122155659653,-0.003325317263751404,0.0041589720483514725,0.00023011096335201486,-0.022821797065131766,0.05564371375025836,0.10911432958411472,0.17819643325342427,-0.4167008141292004,-0.0731050186763802,-0.01601736166210921,0.8436359233948744,15.359999656677246,-0.016103992748971157,-0.02095503409217425,-0.0377533545532754,-0.03847830696575331,-0.01796733416057982,-0.021648440108745358,0.0037391828624994913,5.8076914333952956e-05,-0.0004879003746822637,0.8208391081172189,2016-10-28,0,-0.2719163014474125,-1
META,2016-11-02,,AMC,,,0.82,0.71,0.10999999999999999,0.15492957746478872,,,,,yfinance,df3311656698,2016,6.350852961085883,-0.029532931284093955,-0.022596283357271374,-0.007956972096378356,0.02259567018979136,0.17942784494624564,0.14727315942904068,0.13824907004825132,1.407746254526339,-0.04584334233427877,-0.02301093418648359,1.0729476176277186,19.31999969482422,-0.09949278384268488,-0.07367330127475408,-0.05865703631832915,-0.04584004858718009,-0.08502738350236576,-0.14890874416487768,-0.03244778150921717,-0.09632914217172908,0.0005602540413072491,0.952968996015321,2016-11-03,0,0.4917970592652103,1
NVDA,2016-11-10,,AMC,,,0.02,0.02,0.0,0.0,,,,,yfinance,5447f6eaf983,2016,0.0,-0.0027957700699082766,-0.04117146236136948,0.020171582415268174,0.07503173493541748,0.38342180165451517,0.34200264078596715,0.28231820017654696,1.0475094577139634,-0.06360866207464207,0.015020314230657084,1.3051389019911037,14.739999771118164,0.2535248456259658,0.18458955595094528,0.20464164749153474,0.24331063565830052,0.3278773428625528,0.18263445092139746,0.030395357514810727,-0.11484753442634467,0.0038406153190494283,1.4124138330941496,2016-11-11,-1,0.11434774392370525,1
WMT,2016-11-17,,BMO,,,0.33,0.32,0.010000000000000009,0.03125000000000003,,,,,yfinance,98452e34fc57,2016,0.6546536707079769,0.004078748225642803,0.027933800912511852,0.03659068429004719,-0.03916551776506594,0.14107127496554034,0.1157074804928198,0.1596146461042354,0.8597336064553288,-0.07684927518919202,0.019465576120120787,0.486048165726109,13.720000267028809,-0.006456997547054159,-0.021979375311190538,-0.04075886254761518,-0.04127046353609093,-0.008187377519869747,-0.016609906744584242,0.024777954038908024,0.01635542481419354,-0.00010734578345783768,0.4388534553340336,2016-11-17,0,0.1387493689235259,1
COST,2016-12-07,,AMC,,,1.24,1.19,0.050000000000000044,0.042016806722689114,,,,,yfinance,023978952b5c,2016,1.2009611535381537,0.024915098780608158,0.007729140949255253,0.07182676117889186,0.0024760857482890586,0.13530433479390924,0.14530506466346502,0.15149880824289474,-0.10743772669096771,-0.07123727612222096,0.05371809774759795,0.5541218649618107,12.220000267028809,0.05702812786906743,0.04678163917705828,0.047781504804957575,0.0346843662561427,0.038685016518311244,0.05289572413005185,0.015028642979237339,0.02923935059097793,-0.0005116885998624366,0.47560837310420045,2016-12-08,0,-0.0016885648533627334,0
BAC,2017-01-13,,BMO,,,0.4,0.38,0.020000000000000018,0.05263157894736847,,,,,yfinance,b1eac682d7e1,2017,0.6460582824697997,0.010582000347830522,0.02642186093164889,0.013710723466343167,0.429819032720844,0.20065482397718437,0.18770021704854709,0.26716992919079824,-0.4200260393201734,-0.050086349527404136,0.0012375636654005095,1.799766988591329,11.539999961853027,-0.008236763528396057,-0.017543355591832666,-0.03926124028913774,-0.036722749074437004,-0.01502162302692037,-0.03811733377911593,-0.014224143743044811,-0.03731985449524037,0.0005741928742828001,1.8078664484793496,2017-01-13,0,-0.22131328641240486,-1
JPM,2017-01-13,,BMO,,,1.58,1.42,0.16000000000000014,0.11267605633802827,,,,,yfinance,cfb1c99f685c,2017,2.873684832428398,0.0015096649924113414,-0.0030058050431267525,0.017821249227088165,0.26581537267628486,0.11175298547944514,0.11624780862698982,0.1960837227755884,-0.2687493473073071,-0.02653754941090732,0.0012375636654005095,1.4702323905400183,11.539999961853027,-0.03251648315091724,-0.03337525883754969,-0.0369565374297912,-0.030397507879615843,-0.030221759419980756,-0.029065213544530823,-0.03157920499281924,-0.030422659117369313,0.0006021821442080864,1.4699557051023247,2017-01-13,0,-0.05378258525390732,0
MSFT,2017-01-26,,AMC,,,0.84,0.79,0.04999999999999993,0.06329113924050624,,,,,yfinance,28bb8be8a0a2,2017,0.8932370012631192,0.03162114655105741,0.01709128089616585,0.016287079969359297,0.0537792240421866,0.09291325168397954,0.0960644661606065,0.1554722936165619,0.34074246243928646,-0.04139868203879112,0.01603825709764206,1.2498251280377284,10.630000114440918,0.0050357356558901065,0.01894707027796104,0.03420375235710937,0.023517239662069103,-0.008060008704502249,-0.03898428779657796,-0.033627928964175324,-0.06455220805625105,-0.00012197440236372985,1.2430170637674274,2017-01-27,0,-0.013118490991711477,0
GOOGL,2017-01-26,,AMC,,,0.47,0.48,-0.010000000000000009,-0.020833333333333353,,,,,yfinance,19387b3a1801,2017,-0.42008402520840343,0.039557501206365586,0.03268018682482832,0.06088139814182014,0.034312890890776826,0.11910222682006193,0.13029777177204335,0.18102346751288317,0.21223399589058498,-0.08378543443606747,0.01603825709764206,0.9381040588157826,10.630000114440918,-0.014689712463860497,-0.03273137851070866,-0.03158835110080427,-0.031180885149990595,-0.04153517620476947,-0.03173923973410803,-0.029379615800566077,-0.019583679329904635,-0.00034034110810371784,0.9226766946367698,2017-01-27,-1,-0.036208018674464396,0
CVX,2017-01-27,,BMO,,,0.21,0.64,-0.43000000000000005,-0.6718750000000001,,,,,yfinance,bdb0f697b4eb,2017,-2.8130022138391926,0.008392465870704857,0.005348078538341516,-0.015791210488955154,0.156594293285383,0.07284105494653911,0.0736663326459827,0.14543298103828067,-0.421314560957156,-0.03207878813067367,0.01603825709764206,1.0372959592515347,10.630000114440918,-0.03914968318681571,-0.046422652967298084,-0.03971205604265087,-0.0342807337356731,-0.029094696093776087,-0.08788007667603859,-0.006403648320707101,-0.0651890289029696,0.0006143103908974512,1.0218570868814933,2017-01-27,-1,-0.5807974786884896,-1
AAPL,2017-01-31,,AMC,,,0.84,0.81,0.029999999999999916,0.03703703703703693,,,,,yfinance,5d0ba7318ef0,2017,1.999999999999995,0.011502852707980349,0.011249987284342344,0.03957847155251604,0.06709459348852786,0.08545519177119015,0.08840333680199244,0.14793602579066784,0.13090444896416115,-0.06896249575407466,0.014174248224954278,0.8978043121303594,11.989999771118164,0.08797355391111508,0.055567669036424794,0.05516018339094644,0.057703896643218656,0.07778075187272757,0.09024089404085521,0.017467959544284695,0.02992810171241236,0.0003191603207179242,0.8815761268794412,2017-02-01,0,0.03199625784094985,0
XOM,2017-01-31,,BMO,,,0.89,0.7,0.19000000000000006,0.2714285714285715,,,,,yfinance,06140575ef8b,2017,1.257616445410841,-0.0012945817202690835,-0.017255331674569496,-0.06024365733728898,-0.023699926391965165,0.16435629755756134,0.14966983538164214,0.1630016418277768,-0.17360912686664848,-0.08479151348955709,0.0140374743357905,0.7709104404808048,11.880000114440918,-0.03856380330784757,-0.021446658541150326,-0.026682259193109212,-0.023549864812470303,-0.03112341335202545,-0.06720123852805701,-0.019480430010301267,-0.05555825518633283,0.00027969336096011945,0.7657229101262153,2017-01-31,1,-0.23899369545261695,-1
META,2017-02-01,,AMC,,,1.41,1.31,0.09999999999999987,0.07633587786259531,,,,,yfinance,a4c391a9833a,2017,5.773502691896247,0.013310009559374114,0.04151030045810966,0.1580181850808171,0.01710046675654109,0.17369155061798308,0.1612924234258699,0.2399165810046142,0.18460001272096677,-0.11158298801731419,0.01829730398705398,0.9469798733450774,11.8100004196167,0.020585052044641027,0.004782766424032919,-0.0009644654219900014,-0.023295976855991107,-0.0029808986657459376,-0.006523921693914523,0.015206689644863786,0.0116636666166952,-0.0003781897021031422,0.9512104689087959,2017-02-02,0,0.47742958980445227,1
AMZN,2017-02-02,,AMC,,,0.08,0.07,0.009999999999999995,0.14285714285714277,,,,,yfinance,2c9a4a744f88,2017,0.32163376045133835,0.000953367457330101,0.03820581730964645,0.11447989639725775,0.06944146821330088,0.13564079228295817,0.16094877439716493,0.22828186061358827,0.04811640073391001,-0.0871850677522182,0.01123245745691337,1.1182076286312572,11.930000305175781,-0.03359733108052884,-0.024042978004181974,-0.03855132214839145,-0.0460527342135664,-0.03780851998705986,-0.05768459205625384,0.006178711952904575,-0.013697360116289407,0.0008958074008100401,1.1131159107378081,2017-02-03,0,0.09606306529136663,1
NVDA,2017-02-09,,AMC,,,0.03,0.02,0.009999999999999998,0.4999999999999999,,,,,yfinance,f5dfe3b7a00e,2017,1.0,0.00857959796415031,0.06137705176959862,0.09307778648319198,0.6354692590811142,0.32241450671780686,0.28391488027843076,0.7242025526867606,-0.3347874112762148,-0.13816913070458905,0.01828137095694493,1.0489414685143772,10.880000114440918,-0.17165936032212673,-0.14181931577314014,-0.12337832339192184,-0.09208871101007325,-0.13741330161967769,-0.28386384067131215,-0.10339301323478482,-0.24984355228641927,0.005967370374428658,1.0991859201279404,2017-02-10,1,0.05494481188671144,0
WMT,2017-02-21,,BMO,,,0.43,0.43,0.0,0.0,,,,,yfinance,b66543964abd,2017,0.0,0.01984713842169783,0.043157818835390716,0.02587985971933704,-0.02829531206630298,0.15828296049677523,0.15352547196388341,0.1577872736473061,0.18091407689524575,-0.08576997646886357,0.04063561828590667,0.49295642837470666,11.489999771118164,0.033666206299199974,0.03534339746943285,0.03801798559047973,0.03140895477357064,0.0207203950498828,0.013203871239535942,-0.00652659826538112,-0.014043122075727967,-0.00010000418561358123,0.4764249351526918,2017-02-21,-1,-0.0893340675817719,0
COST,2017-03-02,,AMC,,,1.17,1.36,-0.19000000000000017,-0.1397058823529413,,,,,yfinance,30fd312b1125,2017,-4.713319914389921,0.012112536537357776,0.017028547014508844,0.08557486453461816,0.17494059115016403,0.0676651883051669,0.16083671660334495,0.14195051163473882,0.3067433452885674,-0.02520447252184127,0.04720259109033709,0.5322561976325535,11.8100004196167,-0.06406787091413577,-0.059691418139048866,-0.059089093429521206,-0.06303565334848063,-0.07153116508745991,-0.054521820255584816,-0.02772896169790077,-0.010719616866025683,9.042528858675328e-05,0.5339212893092872,2017-03-03,-1,-0.19859900519847398,0
JPM,2017-04-13,,BMO,,,1.65,1.51,0.1399999999999999,0.0927152317880794,,,,,yfinance,b0a3de5b40ff,2017,2.67945650822833,-0.009165806858682957,-0.03251382379442902,-0.06676866427404993,-0.019292607600481904,0.1034317624865485,0.14018201699530655,0.17685345347909365,-0.3434387168670566,-0.08760680643076459,-0.012114796079064405,1.3697861187992073,15.770000457763672,-0.02866013839835321,-0.00445110109333572,0.0016382241042601133,0.00043751870480736137,-0.019067367880655505,-0.030136837731035655,-0.01530366060763017,-0.02637313045801032,0.0009551627372416765,1.3704661405669594,2017-04-13,0,-0.2546725839061602,-1
BAC,2017-04-18,,BMO,,,0.41,0.35,0.06,0.17142857142857143,,,,,yfinance,bb8c7f154552,2017,2.2206996305928177,-0.01511227909221402,-0.033064886884281774,-0.09555907664660268,-0.00869190616905835,0.1606023853839632,0.2645459695278021,0.24317421235830577,-0.4801523164927887,-0.12392156264361213,-0.016395456530397756,1.7001677962855675,14.65999984741211,-0.007103500122077812,0.0004639904947209162,0.005908250697027198,0.0016303040548656094,0.011992658881937098,-0.024238081395747242,0.013059006707657451,-0.023171733570026887,0.0017411826982166752,1.6952057984901303,2017-04-18,1,-0.3552210435742075,-1
MSFT,2017-04-27,,AMC,,,0.73,0.7,0.030000000000000027,0.0428571428571429,,,,,yfinance,f787ea4e5ad1,2017,0.6162360225133212,0.04229002508498336,0.046604217839729456,0.04564245191839711,0.062237439068413725,0.11954765319995755,0.09490991879238597,0.11281728737649285,1.074867375714304,-0.03967772360575074,0.013938461147410042,1.1622212603160027,10.359999656677246,0.025998040082187368,0.01676253423382973,0.020348272889780677,0.015305101208869819,0.0025725161719317973,5.808277064756496e-05,-0.002225779536574858,-0.00474021293785909,0.00048217448027795633,1.1458978835416633,2017-04-28,0,0.21037200584273438,1
AMZN,2017-04-27,,AMC,,,0.07,0.06,0.010000000000000009,0.16666666666666682,,,,,yfinance,a82932cf9696,2017,0.37011660509880295,0.01809188004784712,0.024714596819324974,0.0728738209532589,0.09441692706375271,0.1443504060168831,0.1552901333100437,0.14102670257708527,0.0387110129793286,-0.038466607559563,0.013938461147410042,0.9658319181271068,10.359999656677246,0.0062112814688926685,0.036686678322324646,0.0380530270748928,0.029906659281089515,0.00669676514339944,0.047506279254563064,-0.0015517298853403236,0.03925778422582331,0.0010439390771211925,0.9612489492537291,2017-04-28,0,0.017144813876115203,0
GOOGL,2017-04-27,,AMC,,,0.5,0.47,0.030000000000000027,0.06382978723404262,,,,,yfinance,e5b312283d9f,2017,1.2792042981336642,0.036461652864513416,0.05939668252912611,0.0604426851096711,0.04021096436375249,0.13846608173480593,0.12170629227836938,0.11949728646426717,0.34854847727550414,-0.0426768411751001,0.013938461147410042,1.023456778070746,10.359999656677246,0.07859131301558062,0.05093448848874496,0.04645594614989677,0.045055338352957316,0.05805065416145665,0.0891077944524497,0.01910034970189206,0.05015748999288512,0.000344502990867932,1.0031382915560305,2017-04-28,0,0.09647219941083768,1
CVX,2017-04-28,,BMO,,,1.23,0.87,0.36,0.41379310344827586,,,,,yfinance,8c8aac6c965c,2017,1.5791600274035928,0.005625514709535651,-0.03211893145629363,-0.0158626199243026,-0.09506650828772822,0.17270939720495795,0.13400753541473848,0.1535360965643815,-0.5960549862148421,-0.08497936962489716,0.013938461147410042,0.9516059498450457,10.359999656677246,-0.004708517030382488,-0.012031695421459317,-0.0015401770106751346,0.004678195367708983,0.0010139949677114334,-0.011663541977159197,-0.013029384257121517,-0.02570692120199215,-0.00032399933024868983,0.9439932235657152,2017-04-28,1,-0.2139996494330689,0
XOM,2017-04-28,,BMO,,,0.95,0.87,0.07999999999999996,0.0919540229885057,,,,,yfinance,1726532c6968,2017,0.5027570118399007,0.003086038679268155,-0.020609847647512947,-0.007086928489898114,-0.05070089270156597,0.11219228244106152,0.13362833035925428,0.12699004780674494,-0.41060816155570296,-0.058706632523097185,0.013938461147410042,0.8537555994738176,10.359999656677246,0.0058756338287926785,0.007247758079645781,0.009553453101364451,0.01116932019903372,0.010440015123108472,0.009875447855406226,0.0029623114070595658,0.002397744139357312,-0.0008195639405184948,0.852867846894863,2017-04-28,0,-0.2607946741210383,-1
AAPL,2017-05-02,,AMC,,,0.53,0.51,0.020000000000000018,0.03921568627450984,,,,,yfinance,6ae50f543484,2017,1.1180339887498971,0.020618527314108848,0.04468836894455963,0.02679932303065935,0.21557475370132528,0.12966261650118335,0.11506334608678827,0.15949688354363542,0.12203215955299875,-0.02825178887873885,0.012853137815782123,0.8019369077964669,10.59000015258789,0.04036710692277547,0.024477029400207153,-0.004542891616357764,-0.009258114782721271,0.02707225712713415,-0.004496693228156389,0.030439944032717253,-0.0011290063225732885,0.0013184597782761533,0.8244674128468704,2017-05-03,0,-0.039400162930685136,0
META,2017-05-03,,AMC,,,1.36,1.12,0.24,0.21428571428571425,,,,,yfinance,2023e1852971,2017,12.828539611796337,0.035753313185401314,0.06698529903075001,0.0669103482860458,0.13938308128595311,0.12007943767514317,0.12126082993227631,0.10965896126597441,1.0796677160819383,-0.0228530995185432,0.013385432677410103,0.9597614636104624,10.680000305175781,0.017447594848841952,-0.014211161431842641,-0.021127521655287453,-0.015664527187316757,-0.016564649516103057,-0.014651999799835641,-0.008956255036201299,-0.0070436053199338725,0.000218885130280136,0.9635443475352066,2017-05-04,1,0.8938591302917207,1
NVDA,2017-05-09,,AMC,,,0.02,0.02,0.0,0.0,,,,,yfinance,97b99eadc32f,2017,0.0,-0.005218390321550803,-0.017185440669192698,0.026014121375849797,-0.13590199113234191,0.23595911088436414,0.25927486498253455,0.357214041500583,-0.7162756318755759,-0.1949245647720219,0.01802723447354948,1.0450308034546314,9.960000038146973,0.18906953834509435,0.20238792261863334,0.2096311580820212,0.21184631295609033,0.22114500326214837,0.3448978559785312,0.04953754812918676,0.1732904008455695,0.004810462893274044,1.0253059389466945,2017-05-10,-1,-0.31175525904818047,-1
WMT,2017-05-18,,BMO,,,0.33,0.32,0.010000000000000009,0.03125000000000003,,,,,yfinance,5f1894a42535,2017,0.6593804733957872,-0.02059973753192723,-0.008447646487516391,0.016646438032114963,0.09360896894217885,0.12144364010456159,0.09438516527119492,0.11713432909779792,0.052826328781426214,-0.03840307882282517,0.008338017906290851,0.37083818749755587,15.59000015258789,0.014315442205870468,0.02911903634422063,0.049701676226206325,0.04340011278450779,0.030666753533343544,-0.015021522452553018,0.00033290002361352706,-0.045355375962283034,0.0003918313528631811,0.3697140025356818,2017-05-18,0,-0.1011753963752164,0
COST,2017-05-25,,AMC,,,1.59,1.3,0.29000000000000004,0.2230769230769231,,,,,yfinance,797f75a65307,2017,2.9249688071651465,0.023488721170121796,0.020261598341722475,-0.011708186020860878,-0.015938284917585643,0.09926106428523411,0.18290467245809733,0.16232301636779953,-0.31280077129025147,-0.07545787727931275,0.014093962652576675,0.48624435107918135,9.989999771118164,0.04618210706168841,0.04082024461705311,0.030962825600444083,0.023705850698594138,0.034846994178147836,-0.09345622330817019,0.017179173978974855,-0.1111240435073432,0.00034670260130993257,0.48916309142644554,2017-05-26,1,-0.10177290078571243,0
JPM,2017-07-14,,BMO,,,1.71,1.59,0.11999999999999988,0.07547169811320747,,,,,yfinance,a994d254207e,2017,2.54304263988307,-0.002998487765393687,0.03651746593677485,0.06680419451486119,0.09016389708036288,0.12598530059920926,0.14236223641497334,0.17698254060018412,-0.29170266251229254,-0.07101660926862294,-0.0005316085920676894,1.320097638512435,9.899999618530273,-0.06652255786907323,-0.040224902064344266,-0.021737695632841243,-0.0254095237692021,-0.04010661396719243,-0.02679246655384067,-0.02436755324907343,-0.011053405835721675,0.000507772875983431,1.308148602694063,2017-07-14,0,0.015412648229263151,0
BAC,2017-07-18,,BMO,,,0.46,0.44,0.020000000000000018,0.0454545454545455,,,,,yfinance,b8d3eacd2e07,2017,0.7176499559168588,-0.034953754649210356,-0.00989281817204768,0.02039080388988901,0.053046953974196454,0.18229917027503,0.21218295987218114,0.23079634420646072,-0.25237735932339356,-0.07950311000505073,0.0072198977560373745,1.7059629280015465,9.819999694824219,-0.06472793270268137,-0.05256865255519798,-0.019771324006550454,-0.010866736916928956,-0.0012369796142126452,-0.0134365001047601,0.005916274543196955,-0.0062832459473505,0.001263001156397544,1.6891477316540058,2017-07-18,0,-0.1640337515431743,0
MSFT,2017-07-20,,AMC,,,0.98,0.71,0.27,0.3802816901408451,,,,,yfinance,40af908d50e9,2017,5.997532387310811,0.03413689135059217,0.08239757256853797,0.06165065559751537,0.1331297896290553,0.08901352780132546,0.16691233905053865,0.16007457708055106,0.249632699301883,-0.059983434576413405,0.016830631205024815,1.00972216149847,9.579999923706055,0.0007081092347738631,0.001823822644624904,-0.004684729103395088,-0.008483248410169095,-0.018893978085212988,-0.01829990729983386,-0.013368636353770256,-0.012774565568391126,0.000627500732094633,1.0060841646124745,2017-07-21,1,0.3655529790344915,1
GOOGL,2017-07-24,,AMC,,,0.25,0.22,0.03,0.13636363636363635,,,,,yfinance,0389bd594376,2017,1.332784974957958,0.022900534806512995,0.04974766439039002,0.02220923861203805,0.13582428460481655,0.0828600716360515,0.18988562484999366,0.17751361952718514,0.1612781850449532,-0.08445853885108892,0.016389437680563557,1.0425685509479286,9.430000305175781,-0.043621954430278595,-0.043510912824954215,-0.032677102607150045,-0.036863506180529096,-0.058077172819048443,-0.06478542239318398,-0.025658312504741706,-0.03236656207887723,0.0005637711066148387,1.0389259191722269,2017-07-25,0,-0.01102013324553104,0
META,2017-07-26,,AMC,,,1.32,1.12,0.19999999999999996,0.17857142857142852,,,,,yfinance,5efb5ed320fd,2017,3.8633370464312766,0.008955776935355875,0.0422278601107966,0.0782603330884748,0.12998091818432078,0.10837808579587484,0.19249969830248245,0.17907026450734556,0.287931717386514,-0.051904652043077766,0.01701672696739065,1.0375507446445393,9.600000381469727,0.02353753273023058,0.01841706680021107,0.04398588128429709,0.04240120096646656,0.018263582205961165,0.020652506282324706,-0.011496531165431523,-0.009107607089067982,0.0003699981607661331,1.0383593413251144,2017-07-27,0,0.26623953384825716,1
AMZN,2017-07-27,,AMC,,,0.02,0.07,-0.05,-0.7142857142857143,,,,,yfinance,8afc6be829ae,2017,-2.0643070596119264,0.016817300295022486,0.04534138266463894,0.0708654658247605,0.13896210058825043,0.11288125411107013,0.16730620321455028,0.1763107635771757,0.3272163269387569,-0.057033294618310006,0.024323519962913043,1.10292854388715,10.109999656677246,-0.04757485778807369,-0.044458195389899605,-0.06173163803935908,-0.05570693740660761,-0.06104461372789728,-0.10035511875670182,-0.036928586821762296,-0.07623909185056685,0.0005887419768784441,1.1005577278085303,2017-07-28,-1,-0.19182175675995575,0
CVX,2017-07-28,,BMO,,,0.91,0.87,0.040000000000000036,0.045977011494252915,,,,,yfinance,6a3b9956e43c,2017,0.14458565920544306,0.014145115127442542,0.01901472591144815,0.01960219968780108,0.006068070373007828,0.11804135571646976,0.12704349894635283,0.15423797409894005,0.1532205016833256,-0.04900782310451088,0.024323519962913043,0.944312857057379,10.109999656677246,0.05336671187579131,0.061500420789628245,0.041555650469583386,0.031000948364907185,0.038170577407572806,0.03583407691565944,0.017861885237429473,0.015525384745516095,-0.0002624156425717608,0.9407880601604324,2017-07-28,0,-0.09345155915753475,0
XOM,2017-07-28,,BMO,,,0.78,0.85,-0.06999999999999995,-0.08235294117647053,,,,,yfinance,e67a28c4301f,2017,-0.48645530491833827,-0.00037099652572891717,-0.0017290278811634696,-0.003452087007642546,-0.005291660027954448,0.07739899100413722,0.11213267306015072,0.11759739718641334,-0.03996137201819023,-0.04335842867183012,0.024323519962913043,0.8235017256489344,10.109999656677246,7.080014856360693e-05,0.0032980869759170793,0.0006592428262967671,-0.006638476106749087,-0.0033666278085739136,-0.02607411212525646,0.010076934411209177,-0.012630549905473371,-0.0008132423134551164,0.8186422075837635,2017-07-28,-1,-0.2415841641003422,-1
AAPL,2017-08-01,,AMC,,,0.42,0.39,0.02999999999999997,0.07692307692307684,,,,,yfinance,f0f388d62d96,2017,1.79284291400159,-0.017611642953139994,-0.0001998852540703311,0.04186917511743138,0.01721923015056559,0.14576829989340018,0.12501427884625216,0.18653988169553337,-0.28057640118379784,-0.08859706143690672,0.022828801500384577,0.9425290306592865,10.09000015258789,0.044027566325190524,0.039262210907458184,0.042352232750580844,0.03657397141156493,0.06625646820488233,0.07078084499677699,0.020478115817103848,0.025002492608998513,0.0010205351540013233,0.9316170507944451,2017-08-02,0,-0.06887710919647069,0
NVDA,2017-08-10,,AMC,,,0.03,0.02,0.009999999999999998,0.4999999999999999,,,,,yfinance,a3be8d8e9c55,2017,2.449489742783178,-0.010451692628627107,0.0185483583758832,0.013722324019471932,0.3022926029700661,0.32277529241447583,0.28315712286607786,0.4066415792984082,-0.24570916709499518,-0.12886087082256942,-0.0010245481973197856,1.5171071299766414,16.040000915527344,-0.040188361418139036,-0.029029446469779507,-0.023747865898636505,0.0012023405589375175,-0.03182548597018318,-0.08343963120304562,0.02760834952224959,-0.02400579571061285,0.0038635778757897116,1.5398049272149958,2017-08-11,1,-0.009268045427778676,0
WMT,2017-08-17,,BMO,,,0.36,0.36,0.0,0.0,,,,,yfinance,294a2f744bdb,2017,0.0,-0.007719608668426359,0.005588036695844956,0.06272969377667414,0.07800849958394807,0.09444156168934977,0.10682529065582891,0.17133449401216652,-0.08976435601960381,-0.0875902963622088,0.005210448425529757,0.5483140120036701,11.739999771118164,-0.03309170982945983,-0.0041004111145547155,-0.009735497225087427,-0.011440956547043878,-0.026211485694746926,-0.010804274785985304,-0.018788307828784625,-0.0033810969200230023,-3.901180026888128e-05,0.5351961904190076,2017-08-17,-1,-0.08283486972893779,0
COST,2017-10-05,,AMC,,,2.08,2.02,0.06000000000000005,0.02970297029702973,,,,,yfinance,56811ab1ab83,2017,0.3849265813652905,0.019341144269575006,0.03461736279775218,0.051680767231044644,0.08409581897695917,0.09269605497836665,0.12937831194508945,0.18196897325328384,-0.3922220704581663,-0.06169392995754068,0.031429768964994276,0.5643560534406408,9.1899995803833,-0.03105731799896694,-0.05189973647919658,-0.06547597664116124,-0.07345856072937228,-0.04132788760169394,-0.005353875613040166,0.017526344177281987,0.05350035616593574,-0.0002110876399978673,0.5884966205639874,2017-10-06,0,-0.15555856272318394,0
JPM,2017-10-12,,BMO,,,1.76,1.66,0.10000000000000009,0.06024096385542174,,,,,yfinance,9eb298b4b575,2017,2.3175081423308574,0.004981275679729391,0.01744059705182166,0.06546371425017128,0.04017183592982687,0.11267718377413118,0.11631489916643918,0.1365792871697411,-0.20652727721624425,-0.05956178126000891,0.019876029434298337,1.3924779625264274,9.850000381469727,-0.001365027008579731,0.005276993528671378,-0.016376804061309827,-0.01073034049418196,0.006187573769366691,-0.018366291423555704,0.013391939784823354,-0.01116192540809904,0.0004879409273390513,1.38307933721368,2017-10-12,0,0.019935020563313324,0
BAC,2017-10-13,,BMO,,,0.48,0.46,0.019999999999999962,0.04347826086956513,,,,,yfinance,fc4153eedf04,2017,0.7745966692414824,-0.026023667036627618,0.0,0.046033737885141646,0.05121857601647273,0.16462695419000908,0.15632129018019497,0.19489233040089932,-0.5676129107627107,-0.0832999591871685,0.017867854872367417,1.8904316071547471,9.90999984741211,0.014331875470015692,0.0010513987675814756,0.012052044005411074,0.024671849433184945,0.04378359924453202,0.0023607045448950812,0.03181023264394316,-0.009612662055693775,0.0006873504682783779,1.8650368382649254,2017-10-13,0,-0.18850816126466483,0
GOOGL,2017-10-26,,AMC,,,0.48,0.42,0.06,0.14285714285714285,,,,,yfinance,25862af2d66f,2017,2.7917403949847643,-0.010400860781900279,-0.014150093132247799,0.032836759010240524,0.03452879594281444,0.12007455800233133,0.13621824952878397,0.1404468325165549,0.6661710097271631,-0.02824914476857447,0.022275512887223403,1.201665793699062,11.300000190734863,0.03778886007585135,0.04314056608194829,0.035776201217431525,0.03716546829210511,0.046305721093735326,0.06221663474146689,0.013266471891314413,0.029177385539045975,-0.0001961724894814649,1.1952458255379788,2017-10-27,0,0.20951791137931097,1
MSFT,2017-10-26,,AMC,,,0.84,0.73,0.10999999999999999,0.1506849315068493,,,,,yfinance,4ce27664b653,2017,1.2005387332951,0.010910004289147235,0.021265551494305646,0.06648617147676661,0.07831326874322553,0.0633005469233401,0.08033257315160426,0.1176083046520848,0.8396592597577688,-0.028897139907557306,0.022275512887223403,1.127425676634629,11.300000190734863,0.06460747898940743,0.05142647275405575,0.05956748293176831,0.05961051015212441,0.05429766821765171,0.03976111451540419,-0.0004876779150996477,-0.015024231617347176,0.0002622475005424794,1.1094647071285688,2017-10-27,0,0.24181335129267204,1
AMZN,2017-10-26,,AMC,,,0.03,,,39.0,,,,,yfinance,8ac5242d48ad,2017,,-0.014372516518522893,-0.028473579945409,0.02267395412253448,-0.04667465677297633,0.12991677771480342,0.12568572461095553,0.16418340083698418,0.27255755079521243,-0.06102439505792913,0.022275512887223403,1.1959220810186728,11.300000190734863,0.11457715096215182,0.12944722025229585,0.13362301743350447,0.1357227074846413,0.12843812665540516,0.19294286980526557,0.006073705760678055,0.0705784489105385,6.77022858750026e-05,1.1902480553390566,2017-10-27,1,6.790730191115323,1
CVX,2017-10-27,,BMO,,,0.85,0.97,-0.12,-0.12371134020618557,,,,,yfinance,d16ce5c68398,2017,-0.47314621194071976,0.0020305033786858218,-0.005875415073260504,0.008429165763199853,0.09544949530766145,0.10977594595572795,0.10249306876312042,0.11608663824435424,-0.4536560357621014,-0.0460817083459068,0.022275512887223403,0.6433165809319878,11.300000190734863,-0.035399389495443336,-0.029942525200905644,-0.03814276438298682,-0.03711546108037577,-0.03679692701006518,-0.03876499284687964,0.009940276068776375,0.007972210231961907,0.00021253541762169468,0.6303058598915212,2017-10-27,-1,-0.32712355640884605,-1
XOM,2017-10-27,,BMO,,,0.93,0.87,0.06000000000000005,0.06896551724137938,,,,,yfinance,b89cd331f122,2017,0.4366558691296815,0.008822859267358707,0.012616776800643104,0.025052203216038516,0.04861812588903769,0.045193834534368996,0.055053935250251575,0.09011209990780956,-0.1363874809151773,-0.05583126656565449,0.022275512887223403,0.6862221199923164,11.300000190734863,0.0073145242997337805,0.0010907998580750094,0.0030051731943251804,-0.000543393435655651,-0.006035595200656526,-0.023340442716217533,-0.004164003467070382,-0.021468850982631394,-0.0008218755848399739,0.6810910347441701,2017-10-27,0,-0.13581190315321656,0
META,2017-11-01,,AMC,,,1.59,1.28,0.31000000000000005,0.24218750000000003,,,,,yfinance,65fa9626850b,2017,5.9140287933402504,0.07069165959628432,0.03766406253927812,0.07472344343703763,0.08345695254669461,0.26860969040151333,0.19725604892130794,0.19237497099717682,1.7602976971341748,-0.06132211242292007,0.01831048648599065,1.2125867224253895,10.199999809265137,0.03253904979720537,-0.010015725504478828,-0.013436072705588002,-0.02584007304045494,-0.024226494690508655,-0.08248181926924893,-0.0028311532432958343,-0.0610864778220361,0.00045612002919186395,1.1946598604089018,2017-11-02,1,0.7381801894002553,1
AAPL,2017-11-02,,AMC,,,0.52,0.47,0.050000000000000044,0.10638297872340435,,,,,yfinance,d1808843fde5,2017,2.933693470192346,0.06797533002546907,0.07776641373936699,0.09532190050867606,0.07494086109369769,0.2194692230813583,0.19628371597804872,0.18819354500037772,1.0809419441475838,-0.08229198262032794,0.017498785794354488,1.149119838408635,9.930000305175781,0.08801040211527716,0.024374418904445874,0.035789994908970765,0.02952001851806678,0.03291534331988906,-0.029917599600726957,0.011185957725403307,-0.051646985195212713,0.0005999904756715318,1.1335171101414372,2017-11-03,0,0.43807730196866856,1
NVDA,2017-11-09,,AMC,,,0.03,0.03,0.0,0.0,,,,,yfinance,ab3477d87009,2017,0.0,-0.0030105989643414155,0.04921045182982264,0.07531160237164936,0.31649140546562515,0.2337727830713929,0.20863940665997752,0.31170608029009417,-0.21832714400411937,-0.08824307402577498,0.01235200808760073,1.7571777054375124,10.5,-0.014900485051971415,-0.00038346956232404063,0.012226608411263107,0.0278976295830365,0.010355287248090733,-0.18020042511006362,-0.03915948149623254,-0.22971519385438693,0.0037320166317891448,1.7697694382934135,2017-11-10,-1,-0.08958679968469874,0
WMT,2017-11-16,,BMO,,,0.33,0.32,0.010000000000000009,0.03125000000000003,,,,,yfinance,e031217214a6,2017,0.7245688373094722,-0.004764018537248282,0.02149189755312597,0.04477783780668476,0.12710156846513843,0.1431337271940594,0.13333375471457665,0.15662000133951565,-0.040284739171827434,-0.02931670807627367,0.0037969280779277526,0.375691244448121,13.130000114440918,0.06940035056962397,0.07352114146894592,0.0725968000279428,0.0848025313490662,0.0714421908132682,0.0640644903427077,-0.03409228736264528,-0.041469987833205796,0.0002543652817543274,0.3758258293946082,2017-11-16,0,-0.06478166847866298,0
COST,2017-12-14,,AMC,,,1.36,1.35,0.010000000000000009,0.007407407407407414,,,,,yfinance,e54a848b336d,2017,0.07003035306425065,0.0017722977253669114,0.011386467423480928,0.0880191094435383,0.1492914064814408,0.15971001321364625,0.1991315414995373,0.19893220069345893,-0.16618288328880126,-0.07457955448393018,0.030768604111850673,0.6608744231808293,10.489999771118164,-0.003397606823801017,0.0008501505615661105,0.018721606313933232,0.025172370606579956,-0.002201957169809421,0.0018551013427696899,-0.033523507269702796,-0.029466448757123693,-0.00017374445236255484,0.6534562031088001,2017-12-15,0,-0.046435311715929205,0
JPM,2018-01-12,,BMO,,,1.76,1.69,0.07000000000000006,0.041420118343195304,,,,,yfinance,a671f71381d6,2018,1.7085517071982967,0.016507661475147373,0.033762311844560244,0.04942239590575581,0.1445683656487522,0.10176931996580403,0.12800102173043928,0.15288657658595034,0.21100768687957294,-0.044217354313006996,0.0368367603489439,1.4644956864844252,9.880000114440918,-0.009314819263565094,0.009593030299964408,0.00355896466806459,0.008663940957302434,-0.002373876888860345,0.0676324324867898,-0.009551454427367581,0.06045485494828254,-9.37127080347449e-05,1.4460007514406938,2018-01-12,0,0.05778535075986886,0
BAC,2018-01-17,,BMO,,,0.2,0.14,0.06,0.4285714285714285,,,,,yfinance,7c306ef2fe6c,2018,2.4829695154550135,0.037184558455452876,0.058265558491959135,0.08321773945326827,0.20944637488933804,0.12030094388705001,0.11985389219858464,0.17685906617812158,0.18748610820659667,-0.058485863617938436,0.03831303175521317,1.9318501716956515,11.65999984741211,0.002428745793329026,0.005766304332338629,0.0014232093871740636,-0.006793128947270504,-0.014093017611335374,0.07794424399023384,0.00565564633713174,0.09769290793870097,-0.0001617012312696705,1.8873696677569736,2018-01-17,1,0.22631556383391122,1
META,2018-01-31,,AMC,,,2.21,1.97,0.24,0.12182741116751268,,,,,yfinance,6ccce4c82721,2018,3.203561492476798,0.0018225480156990326,0.05230851895758426,0.059106835990852424,0.03902821183648397,0.22635022909158686,0.2594756700006626,0.20873019204794876,0.4596845669589465,-0.063159032047709,0.056359174737674156,1.2413544960770302,13.539999961853027,0.028352193061448767,0.06524595355745713,0.04343769744503796,0.04579134214448212,0.023345394528852842,-0.007852479071508628,-0.010713613651237592,-0.04191148725159908,0.0005129400601465684,1.2309672390447697,2018-02-01,0,0.22765082544218562,1
MSFT,2018-01-31,,AMC,,,0.96,0.87,0.08999999999999997,0.10344827586206894,,,,,yfinance,3997d578d52d,2018,1.0549197793777838,0.03474191300379692,0.054027099839777604,0.11070845358132453,0.13255456940620958,0.18244238313732286,0.16438134654643355,0.1678464570528243,1.3916554574331161,-0.044769033286111024,0.056359174737674156,1.312827924767952,13.539999961853027,0.04070732683471292,0.030033039406719256,0.01771059570714059,-0.005664136241743602,0.0026614183105805288,0.030766792233327744,0.009558172545555167,0.03766354646830238,0.000463209136411359,1.2864569687306544,2018-02-01,0,0.4516665285312041,1
AAPL,2018-02-01,,AMC,,,0.97,0.96,0.010000000000000009,0.010416666666666676,,,,,yfinance,ae2274b2cf4a,2018,0.48712230044745486,-0.019461175963862543,-0.0640410358101472,-0.02600717444793188,-0.0074538248750587455,0.1409405641725069,0.14688709647944645,0.16430303142648905,1.4734058860207289,-0.06855959869877237,0.04766156223618445,1.411556714016903,13.470000267028809,0.018429709935110988,0.03905910549220418,0.02384004228568519,0.02055725379522466,0.03149445395833922,0.0924389416556868,0.04456936861337861,0.1055138563107262,0.0004098141254400046,1.411353066815777,2018-02-02,0,0.15386991248643178,1
GOOGL,2018-02-01,,AMC,,,0.49,0.49,0.0,0.0,,,,,yfinance,418b3134b37a,2018,0.0,-0.0004652605158783629,0.04015948004840486,0.10098673626611587,0.14379884229714324,0.12068623053553233,0.11651237744928063,0.1368310065106283,1.300672134807127,-0.05610022426083633,0.04766156223618445,1.187981325873486,13.470000267028809,-0.029686444299791077,-0.028701975347286423,-0.028790676433658853,-0.029166376534503345,-0.03413476974841749,-0.04220380171362999,-0.0066638515035574025,-0.014732883468769897,0.00043491295913001865,1.183546545626238,2018-02-02,-1,0.3387801380855191,1
AMZN,2018-02-01,,AMC,,,0.11,0.09,0.020000000000000004,0.22222222222222227,,,,,yfinance,ce711f0e8d98,2018,0.6497003561364418,0.008744888037062637,0.07475334188620875,0.16903977980302587,0.25759988558117053,0.31355544424899023,0.23568802435910963,0.19490883400126796,1.5481815468848994,-0.051746515228452146,0.04766156223618445,1.3207224855500137,13.470000267028809,0.07033907567258811,0.06094531893155987,0.04175046692178346,0.08292033909589731,0.05602809791225219,0.12237136149851474,-0.0006059619769349482,0.0657373016093276,0.0006931093059305565,1.313105165560341,2018-02-02,1,0.6078311471303504,1
XOM,2018-02-02,,BMO,,,0.88,1.03,-0.15000000000000002,-0.14563106796116507,,,,,yfinance,14245dfccf6a,2018,-1.1723887891360507,0.007921205459838765,0.01875785638709826,0.04751265404593896,0.06862629064689307,0.16398453480650793,0.14828579156228233,0.1178507448323748,0.7303777738622348,-0.044420665746208746,0.04766156223618445,0.553373639961302,13.470000267028809,-0.101951924856064,-0.07190979441773324,-0.05038041154798803,-0.07172042599270326,-0.11572518836220508,-0.12431206091699412,-0.077267930123822,-0.08585480267861105,-0.00043530823530751504,0.5548292836395619,2018-02-02,-1,0.006151537498973,0
CVX,2018-02-02,,BMO,,,0.72,1.24,-0.52,-0.41935483870967744,,,,,yfinance,b422a6abb005,2018,-2.1863094158929472,-0.03888246796004524,-0.045748132917403095,-0.015754837022907253,0.08352748603120985,0.17916186747659643,0.1836026408981282,0.15095607569333272,1.1648573911610904,-0.06264971829489893,0.04766156223618445,0.5213512435486104,13.470000267028809,-0.09539942478345173,-0.03956667750776992,-0.07067530002922091,-0.07305448670490981,-0.05955366356744972,-0.08212899934064091,-0.015153311187038204,-0.0377286469602294,-3.865855632451023e-05,0.515717715851659,2018-02-02,-1,-0.11129992045784676,0
NVDA,2018-02-08,,AMC,,,0.04,0.03,0.010000000000000002,0.3333333333333334,,,,,yfinance,38865153bead,2018,2.1602468994692874,-0.09555087323260947,-0.07966995565606139,-0.019915266764110928,0.025892643335416077,0.6523070604954281,0.4762513266476087,0.4110772912269049,1.5059148655470642,-0.1418694338226658,-0.06159395037442228,2.2332978410511357,33.459999084472656,0.075004362685881,0.053065705316431996,0.014323275477614847,-0.020175612784635324,-0.022470720293961605,-0.05955007729240542,-0.05419476115189606,-0.0912741181503399,0.001179857156579219,2.265578780365262,2018-02-09,1,0.31446814938990325,1
WMT,2018-02-20,,BMO,,,0.44,0.46,-0.020000000000000018,-0.04347826086956525,,,,,yfinance,f03678d8e1f3,2018,-1.5603789952109883,0.054442989891954285,0.002871319034498887,0.0046021049448461415,0.16642548250103673,0.322469324099949,0.2471856004625976,0.27706284510869283,-0.0821588839859702,-0.09292560817957457,-0.021602167301128516,0.6347431491422029,19.459999084472656,-0.12071560412698279,-0.09402492460854199,-0.11128278037257214,-0.12482824134329533,-0.14005165846309442,-0.19045324692701984,-0.04088816874138023,-0.09128975720530565,0.0012845658281038762,0.6314226414792189,2018-02-20,-1,-0.28271815346120155,-1
COST,2018-03-07,,AMC,,,1.59,1.51,0.08000000000000007,0.052980132450331174,,,,,yfinance,92c739e7a818,2018,0.6040040123256947,-0.018543705601438476,0.008667567215890015,0.025113510043191623,-0.011605808063814504,0.20222738124731737,0.22480109038189708,0.20236712591568404,0.2279628610455969,-0.10205621978792807,0.03353164228813976,0.8398779461290846,17.760000228881836,-0.03950214792999358,-0.03042865735767203,-0.033261277077392,-0.012058951477323845,-0.01704995791170911,0.02148762883765729,-0.004013473274994757,0.03452411347437165,9.311244381654906e-05,0.8328133903126043,2018-03-08,0,-0.03971448566381039,0
JPM,2018-04-13,,BMO,,,2.26,2.29,-0.03000000000000025,-0.013100436681222816,,,,,yfinance,3d517080a203,2018,-0.7120689949163176,0.01331788996909844,0.04972224765353728,-0.024774169921874978,0.028299344640199786,0.28826572155668373,0.300841658111102,0.26768526644371365,-0.08861683602237054,-0.09901485930135763,-0.03899251408399684,1.1440397495644832,18.489999771118164,-0.013700023761344403,-0.044622750854411586,-0.020344677735431367,-0.0351836483723771,-0.023081327785097985,-0.037492423407613315,0.0012715608259623243,-0.013139534796553009,0.0006236814423218106,1.1422269415738688,2018-04-13,-1,-0.29536974330066007,-1
BAC,2018-04-16,,BMO,,,0.62,0.59,0.030000000000000027,0.05084745762711869,,,,,yfinance,663c42a0f70b,2018,1.2053691543283667,0.005737431019540606,-0.006335463004591202,-0.07280647781659733,-0.028049596041473945,0.32087506593036635,0.36371013510562955,0.2955266079735406,-0.28935482174137395,-0.11175396039103667,-0.036868849787662805,1.301620655446771,17.40999984741211,-0.018056804903683416,-0.04768886440365017,-0.042663674962224,-0.017934021116884476,0.005943635543930639,-0.010179242696221178,0.012969423421835796,-0.003153454818316021,0.0007812238396093813,1.2901191299687005,2018-04-16,0,-0.3342716697671579,-1
GOOGL,2018-04-23,,AMC,,,0.47,0.46,0.009999999999999953,0.021739130434782507,,,,,yfinance,ad0a9d391df3,2018,0.4045199174779433,0.026488825901754165,0.05266195999498602,0.019617283528476914,-0.07760963813984223,0.2165804085431167,0.3094200101744258,0.32004299886414456,-0.0009624439554382894,-0.15357539382070165,0.010998573022332758,1.3516072532969892,16.34000015258789,0.00478925469596015,-0.03097226179276648,-0.03674019683112838,-0.03332821056311451,-0.0238964368725231,-0.033517410586016434,0.00611768228482458,-0.0035032914286687597,0.00035418669937265336,1.3360286589966655,2018-04-24,0,-0.12298145576057454,0
META,2018-04-25,,AMC,,,1.69,1.35,0.33999999999999986,0.2518518518518517,,,,,yfinance,f1c85853da1b,2018,4.5950141731165015,-0.04009376138779763,-0.03986294246541355,-0.002311602666694168,-0.14398284733825129,0.2600885181571549,0.3690130995148225,0.35757152466221376,-0.2995893625837615,-0.21166293382526447,-0.005582514995756904,1.2262404719834215,17.84000015258789,0.08149412399013296,0.048705410437477975,0.06997395340522178,0.07327768816936567,0.09269834157879339,0.10872590302045652,0.014698816065987746,0.030726377507650872,0.0003130530070026645,1.2099952408837948,2018-04-26,1,0.00872284834552045,0
AMZN,2018-04-26,,AMC,,,0.16,0.06,0.1,1.6666666666666667,,,,,yfinance,0e5932bfeaaa,2018,3.3910136104054236,-0.0250174329743178,0.04795304696462299,0.013967492016923266,0.10160751308920535,0.4049046130835549,0.41752645024258456,0.3583713017533082,0.07546279225220913,-0.14164251997263252,0.021910941371237058,1.0479356453762252,16.239999771118164,0.00802169974667154,0.06443967360271333,0.06227108560539552,0.03518291335899379,0.03114589287264864,-0.002214079858059265,-0.002008070918085042,-0.03536804364879295,0.0018745789578497,1.0441823151096865,2018-04-27,1,0.3232626644075257,1
MSFT,2018-04-26,,AMC,,,0.95,0.85,0.09999999999999998,0.11764705882352938,,,,,yfinance,d8b59298aac5,2018,1.2529946683450022,-0.019248761443893314,0.00726651305696091,0.053537508105218956,0.020903284597646676,0.22502951797766127,0.2666921088588547,0.3403223856167279,-0.18999129462350944,-0.10525207636203882,0.021910941371237058,1.32831732532012,16.239999771118164,-0.0019273738018393514,0.0074357937691418435,0.007217732877556258,0.00017447551475175543,0.007635032734205155,0.0010965673963349845,-0.0070270725300478724,-0.013565537867918046,0.0006472736367554742,1.3214973140520043,2018-04-27,0,-0.04284188293669322,0
CVX,2018-04-27,,BMO,,,1.9,1.49,0.4099999999999999,0.27516778523489926,,,,,yfinance,b9a6267286f2,2018,1.4815245346819126,0.004122561959459814,0.04185186382014261,0.0833769165642626,-0.04921540739508812,0.14778707460653515,0.22515283162423816,0.2790994706040493,-0.32847561194537,-0.16868667178123184,0.021910941371237058,0.9041820997927625,16.239999771118164,0.025776254241594333,0.012786253340033575,0.01690096400386038,0.013702695607832955,0.012337510762784427,-0.032270477131960636,-0.006256539939309419,-0.05086452783405448,-0.0001177352066060078,0.899336206137705,2018-04-27,1,0.021581151635966547,0
XOM,2018-04-27,,BMO,,,1.09,1.1,-0.010000000000000009,-0.009090909090909097,,,,,yfinance,43cc60953b76,2018,-0.075005860061735,0.018131484192973835,0.0471380384888227,0.09715066429565367,-0.08498361324902115,0.1582029634054527,0.21746031991214126,0.2555569384276746,-0.5336658121540545,-0.18255307277356286,0.021910941371237058,0.7564913272020471,16.239999771118164,-0.013858007689214129,-0.018489732018287904,-0.02138782623958498,-0.03171164003999402,-0.04358926598649709,-0.02357843021201524,-0.005767446720450996,0.014243389054030855,-0.0008499045099724196,0.7508573544064955,2018-04-27,-1,-0.129531675750017,0
AAPL,2018-05-01,,AMC,,,0.68,0.67,0.010000000000000009,0.01492537313432837,,,,,yfinance,2327bdcd8d3e,2018,0.5163977794943225,0.037805349023021684,-0.051279169142524395,0.014518919690869492,0.012756811805954449,0.3114542255881921,0.26781399810338896,0.29224878258608367,-0.029369793148105595,-0.1067576148259136,0.029168484600221145,1.2102834208094346,15.489999771118164,0.11052725745214399,0.12811887822664833,0.07739491225738539,0.056444336069489606,0.0828641795531656,0.07160108524015614,0.0307418105119224,0.019478716198912914,0.00014505367745547195,1.2046733082007601,2018-05-02,0,-0.1358415037491404,0
NVDA,2018-05-10,,AMC,,,0.05,0.04,0.010000000000000002,0.25000000000000006,,,,,yfinance,1c1340ce7a25,2018,2.0000000000000004,0.11648571727491874,0.15500405063882883,0.14979666976127448,0.19589001108615656,0.2371883942534589,0.3354988730649517,0.4278148241853272,0.07914278582910025,-0.14464232873192842,0.03131626835844692,1.9585358171315748,13.229999542236328,-0.031818333641805994,-0.059804037481863644,-0.03314085764395218,-0.029519422683513125,-0.06293550456024284,-0.08855796458124215,-0.0332357120059912,-0.058858172026990487,0.002138376512728241,1.9774023561546117,2018-05-11,1,0.2770173761078903,1
WMT,2018-05-17,,BMO,,,0.38,0.37,0.010000000000000009,0.027027027027027053,,,,,yfinance,fe83fe81b35e,2018,0.6188527477552763,0.03696120644371548,-0.0024323002259458715,-0.02013652450344161,-0.15309741025953216,0.2576623313066427,0.20311637883576972,0.29314316381642985,-0.03580554675626346,-0.2108226617922422,0.007587208166272896,0.8451873033658924,13.420000076293945,-0.016056271244166104,-0.0010409415954018833,-0.011780896652614864,-0.026876260473423955,-0.0422151450642066,-0.0498461190362611,-0.02357340907125496,-0.031204383043309462,0.0003289376207841779,0.8619322321231125,2018-05-17,0,-0.199490797663081,-1
COST,2018-05-31,,AMC,,,1.7,1.7,0.0,0.0,,,,,yfinance,10b8273d0f29,2018,0.0,0.0005047244565645759,-0.0023652619637817285,0.00859833332569937,0.048722460844008,0.10888965096857132,0.12642445677093417,0.19086524957457615,0.1628354367714441,-0.05556715911352075,0.02249223038709003,0.900948349162279,15.430000305175781,0.01239436245001524,-0.014571405217817447,-0.012686809458502701,-0.011186292828974327,0.0039024601166754475,0.05179230715171526,0.018357177675680122,0.06624702471071992,8.264703071372511e-06,0.9011468702473029,2018-06-01,-1,-0.12837691744359486,0
JPM,2018-07-13,,BMO,,,2.29,2.22,0.06999999999999984,0.03153153153153146,,,,,yfinance,42359860f198,2018,1.146326464117489,0.03017737385827579,0.03496707366378615,-0.03031131584792557,-0.05751084162038189,0.20427569296397896,0.17817073715636234,0.19094382019468295,-0.21823057693586018,-0.09668390028209868,0.0016133001139759795,1.158961922633003,12.579999923706055,0.042775429528871575,0.029310551646908198,0.02867089440604926,0.0349555854205687,0.03955391767041189,0.06292002522983729,0.045179234214607296,0.06854534177403271,0.0001292260826260606,1.1558772262376802,2018-07-13,0,-0.23799278734259977,-1
BAC,2018-07-16,,BMO,,,0.63,0.58,0.050000000000000044,0.08620689655172423,,,,,yfinance,abde0e7c5838,2018,2.129856878426496,0.018551499738734822,-0.004185589079667373,-0.04323059346283109,-0.04194630979874148,0.24363691044478808,0.19519273033871176,0.19827813141382983,-0.22617582093742875,-0.11018573678307257,0.005610896541535126,1.2569924068585707,12.180000305175781,0.06938223059154895,0.029689323749748666,0.03724228603128518,0.04620059293194819,0.07092593920885933,0.04926623951871355,0.027040015531394086,0.005380315841248314,0.0003210067037979353,1.2576704234388325,2018-07-16,0,-0.20708068546440067,-1
MSFT,2018-07-19,,AMC,,,1.13,1.08,0.04999999999999982,0.04629629629629613,,,,,yfinance,49fa8bb31610,2018,0.6636258700209963,0.0020155396828094307,0.046511620792791586,0.03509816472442129,0.08625534140964786,0.157228114896164,0.17400375855658964,0.17071002597577073,0.23390923480094764,-0.048297366098316835,0.016333938294010864,1.4073329120739828,12.869999885559082,0.015895925121950302,0.0070942853555783746,0.02921773180182185,0.03148848591574252,0.02041998342552223,-0.00874154641949788,0.0016141538524841893,-0.027547375992535917,0.0007080420544594934,1.4017540231754517,2018-07-20,0,-0.01647373007379203,0
GOOGL,2018-07-23,,AMC,,,0.23,0.19,0.04000000000000001,0.21052631578947373,,,,,yfinance,baa2c2b03d2e,2018,1.7038855027411945,0.012110199544777878,0.03745461043471754,0.035538362133192836,0.1277600524404101,0.16848899130194717,0.20873302608428143,0.22555842774692192,0.4179083594016174,-0.057251678206517824,0.021732869694031987,1.3812398738039384,12.619999885559082,0.01798787646308208,0.05456716568083371,0.04309463583865778,0.034609541766062527,0.009535414669129827,-0.021127557902342775,-0.02256756359110401,-0.05323053616257661,-9.009469431573184e-05,1.3755726417581828,2018-07-24,1,0.11090627163196198,0
META,2018-07-25,,AMC,,,1.74,1.7,0.040000000000000036,0.023529411764705903,,,,,yfinance,0f92efdb69bd,2018,0.460823240823737,0.03888039437293522,0.07386198879118577,0.10771577916495767,0.36201388111197197,0.14681735037108115,0.2150620022441497,0.25760878935924486,0.6635870443318874,-0.04589111025970761,0.04800741610931736,1.2359125610647215,12.289999961853027,-0.15724882563284043,-0.1879447795033094,-0.1838430379943855,-0.18641566581889765,-0.18213263859044854,-0.21713406770105845,0.0047087901400104,-0.030292638970599528,0.0001325786197956257,1.2294294911708676,2018-07-26,0,0.2212495274430229,1
AMZN,2018-07-26,,AMC,,,0.25,0.13,0.12,0.923076923076923,,,,,yfinance,89036c5a4994,2018,2.794141892542798,-0.002741325154778651,0.006334118912423747,0.06913298504961829,0.19107220743492492,0.23793032649788426,0.2211399449680405,0.1851754495254271,0.6567850886092339,-0.05118052293230185,0.043225294442373885,1.2188999171451835,12.140000343322754,-0.027425442700978287,-0.03527557766718684,-0.0333341369700564,-0.004654285693441788,-0.0024730459186439405,-0.0001719639501230833,-0.014120696951731545,-0.011819614983210684,0.0017028764842124916,1.2135478027403868,2018-07-27,1,0.4171981378927412,1
XOM,2018-07-27,,BMO,,,0.92,1.27,-0.35,-0.2755905511811023,,,,,yfinance,4c8b1087b933,2018,-2.782006063896651,0.027191753072201008,0.018744653242229514,0.04464283855864237,0.04180060880416647,0.13854859906781158,0.13135643648944176,0.19404880833432636,-0.49290895460062156,-0.04691298818204173,0.043225294442373885,0.8485797481755023,12.140000343322754,-0.028435565443735225,-0.015199017465597117,-0.008723063783443412,-0.0188589724064806,-0.047286007519088555,-0.0600709023301147,-0.025841657394848436,-0.03862655220587458,-0.0003644132727529571,0.8458356430655934,2018-07-27,-1,-0.4064352624206675,-1
CVX,2018-07-27,,BMO,,,1.78,2.09,-0.30999999999999983,-0.14832535885167458,,,,,yfinance,4aac6efa16e5,2018,-1.0209552365621284,0.01873920287342301,-0.0024948107408562237,-0.0016914200038097293,-0.0021735974062760954,0.15031977103730756,0.18978985627703016,0.2037630138782125,-0.6383426806228469,-0.06948383772531114,0.043225294442373885,0.9149418229772602,12.140000343322754,0.004540270234253126,0.01881817274644793,0.03549241452697391,0.041297353046970325,-0.0017560396235241742,-0.06004365183891542,-0.02387765070036822,-0.08216526291575948,0.000347703390104984,0.910885054695582,2018-07-27,-1,-0.4248778122672832,-1
AAPL,2018-07-31,,AMC,,,0.59,0.54,0.04999999999999993,0.09259259259259246,,,,,yfinance,eb173eb0094b,2018,2.7205359379125396,-0.014041485564078693,-0.006059042468530174,0.02798332158555228,0.12531038685856455,0.12483296543449858,0.15330995855803464,0.17380596118377134,0.039898882383672715,-0.06088255396799713,0.03704654909389404,1.113086568617577,12.829999923706055,0.05307772585546358,0.07639756126796639,0.07902584467826763,0.08298265371693381,0.0684085664745543,0.11157672646874439,0.00812311295590954,0.05129127295009962,0.00048085957731040015,1.1110656780574029,2018-08-01,0,0.03196687845763548,0
NVDA,2018-08-16,,AMC,,,0.05,0.05,0.0,0.0,,,,,yfinance,fc420eeee8db,2018,0.0,0.0038212420300924865,0.027212481009849077,0.022804902787737502,0.039279785892780916,0.1553233508454571,0.18487380256551814,0.24025520513540247,1.0389407204790815,-0.11685584964910459,0.010673877556604427,1.8272998754945697,13.449999809265137,0.03463320446830379,-0.051129500079533215,-0.07141188414401768,-0.04921219916900636,0.029712310666188776,0.008991613492045152,0.08625697616235443,0.06553627898821081,0.001095912296912247,1.825839623448791,2018-08-17,-1,0.11748641796109052,0
WMT,2018-08-16,,BMO,,,0.43,0.41,0.020000000000000018,0.04878048780487809,,,,,yfinance,cce8089b2666,2018,1.3124359177794216,0.0018878621330693512,0.022438797649292352,0.02301846834220944,0.0474864054070645,0.13566950015113163,0.11112097516283616,0.15232770525527436,-0.25623788823074706,-0.03326043744906201,0.004670722547481576,0.7303708139734708,14.640000343322754,0.05957867895532458,0.06401463531674839,0.07551089907578148,0.07699015935768994,0.04784373628592985,0.029839154900856184,-0.03966315380189708,-0.05766773518697073,-4.34494844212075e-05,0.7247190153251759,2018-08-16,0,-0.12946263259807034,0
COST,2018-10-04,,AMC,,,2.36,2.34,0.020000000000000018,0.008547008547008555,,,,,yfinance,e6163b9b7817,2018,0.16892363187310347,-0.009914561214610096,-0.009575946950658998,-0.016680140589913628,0.10523804060896569,0.09846858399638009,0.15166583405100498,0.13570353254040302,0.137271978217113,-0.05130835630649215,0.0014185505443760071,0.8446234453621903,14.220000267028809,0.0032679008677185765,-0.04410064084405494,-0.03053416943261183,-0.02953467372880107,0.014689403002370196,0.02608674958718033,0.06653941434159212,0.07793676092640224,0.0010371218563735819,0.8387792389835864,2018-10-05,0,-0.1753316625605787,0
JPM,2018-10-12,,BMO,,,2.34,2.26,0.08000000000000007,0.03539823008849561,,,,,yfinance,c3fad266633b,2018,1.3621899327028453,-0.061941525093970884,-0.05579811017253744,-0.04377435883872893,0.016641562926938747,0.2223322469068211,0.20245941206002052,0.17707216753789468,1.5286623146905145,-0.08851049686505387,-0.05862611364040349,1.131089480384235,24.979999542236328,-0.015723894324531223,-0.026277511565029023,-0.03170651065376912,-0.026325108738207266,-0.02000110960632039,0.001444667746148036,0.006739228221632513,0.028185005574100933,0.00020112700056154923,1.125143823478737,2018-10-12,0,0.18013544125733355,1
BAC,2018-10-15,,BMO,,,0.66,0.62,0.040000000000000036,0.06451612903225812,,,,,yfinance,3eb186c43c62,2018,1.744987879316629,-0.0585511242000083,-0.03394433235156025,-0.055739891811437015,-0.04432510314765681,0.23702304228173346,0.20972955883101604,0.17008897695043887,1.5083281050684614,-0.10817606003901788,-0.05116382440686529,1.1932893754546428,21.309999465942383,-0.04618964733947889,-0.021447463477539543,-0.02991422901673686,-0.016772318955562984,-0.03479928013222855,-0.013450924783885636,-0.022320068122416145,-0.0009717127740732356,0.00017547723985586157,1.1875020591408079,2018-10-15,0,0.1753950171915057,1
MSFT,2018-10-24,,AMC,,,1.14,0.97,0.16999999999999993,0.17525773195876282,,,,,yfinance,9bae8ebdd666,2018,2.3468325478446475,-0.07578357383280976,-0.03617185224962205,-0.10598512518006908,-0.06659371345423026,0.40810806404820005,0.3439334277244603,0.24178370503169486,1.0977561414345087,-0.11495546099268314,-0.08746343138703783,1.4438259830203348,25.229999542236328,-0.01470679258776152,0.0037223364127527206,0.03315150136520627,0.04386750599282392,-0.012430979128812681,0.004127307748260121,-0.044210358095001276,-0.027652071217928474,0.0008476849856063506,1.439036554224054,2018-10-25,0,0.022550908682540956,0
GOOGL,2018-10-25,,AMC,,,0.65,0.52,0.13,0.25,,,,,yfinance,917abe098a33,2018,5.5943092778551575,0.005173473158660125,0.011781026565365726,-0.07576668847814194,-0.11916449273773766,0.4482845583045241,0.3599997014531212,0.24558324740319137,0.7314548984209207,-0.16410073105606773,-0.06830418786059866,1.4321180017485786,24.219999313354492,0.001994565131535158,-0.027390039265633666,-0.01188926695049448,-0.030255970782220126,-0.03753387306650505,-0.02786290541923333,-0.04462171966105377,-0.034950752013782053,1.1654932849005338e-05,1.425863285362277,2018-10-26,1,0.1673135123801797,1
AMZN,2018-10-25,,AMC,,,0.29,0.15,0.13999999999999999,0.9333333333333332,,,,,yfinance,dbb9dfa96b9b,2018,2.6452265165913005,0.006466233924142584,0.036530979149978604,-0.09756693071141409,-0.019314739521133273,0.5992300243570374,0.48069615952062705,0.3267335260423024,0.7251173879614646,-0.18401971609888965,-0.06830418786059866,1.230172262492688,24.219999313354492,-0.059259907303899934,-0.12274687081546994,-0.07196694740579504,-0.11828990010207399,-0.08472617184380185,-0.14951886709856793,-0.025494785859363326,-0.09028748111412936,0.0025829553115587003,1.225214552377672,2018-10-26,1,0.09520262778787064,0
META,2018-10-30,,AMC,,,1.76,1.45,0.31000000000000005,0.2137931034482759,,,,,yfinance,7a7c84a0ea0f,2018,3.284316472856652,-0.05291792344869384,-0.07910314683937025,-0.09985225915367646,-0.148150268453357,0.4437512922807172,0.3819492021377816,0.2978628318729808,0.951512749005534,-0.23479996515845508,-0.08213080955109253,1.286929973650125,23.350000381469727,-0.03963557115793248,0.008289209856962734,0.023461793202958214,0.0124256880168971,-0.02000860035143136,-0.05872721720449753,-0.04537479659981623,-0.0840934134528824,-0.0009621324515326831,1.281652941903126,2018-10-31,1,0.05209334264186735,0
AAPL,2018-11-01,,AMC,,,0.73,0.7,0.030000000000000027,0.0428571428571429,,,,,yfinance,4845db2c25ff,2018,1.483239697419134,0.011010000615766513,0.02870103150457437,-0.04244411510598367,0.06841672845672742,0.31169391565857973,0.3417019808225201,0.24542200376237927,1.0519053266576999,-0.08544836129276596,-0.06242284169367329,1.092758542268871,19.34000015258789,-0.10614218567344702,-0.07522963428698876,-0.09235121180059482,-0.09549387133591672,-0.10063145386950717,-0.21213842275076528,-0.04014872988048778,-0.1516556987617459,0.0006087724856150218,1.0901156126871512,2018-11-02,0,0.07181558941887359,0
XOM,2018-11-02,,BMO,,,1.46,1.22,0.24,0.19672131147540983,,,,,yfinance,7b4f9763bcc1,2018,1.4970259140830973,0.030136645178487464,-0.014416619757773974,-0.06361002042800235,0.005860364570916987,0.24383812337857572,0.22272575241507028,0.17455359368103354,1.2845505625890474,-0.11027708534217967,-0.06242284169367329,0.8753349858343114,19.34000015258789,0.012034545103709484,0.01838176103781968,0.016708127950443873,0.013156931774509018,-0.008625015796022156,-0.0027414099637100217,-0.02999145107632814,-0.024107845244016,-0.0003601420983840854,0.8676700728633425,2018-11-02,0,0.1150045140458503,0
CVX,2018-11-02,,BMO,,,2.44,2.06,0.3799999999999999,0.18446601941747567,,,,,yfinance,d4d346799460,2018,1.266653872247726,-0.003674526397034583,-0.05363073964663834,-0.11284015373982204,-0.10382913797622828,0.27671475618893104,0.251764567691583,0.20175049017615593,1.362606728141508,-0.14106607343241118,-0.06242284169367329,0.968244302620434,19.34000015258789,0.045911082526863045,0.04657686480384395,0.055426845734788316,0.06963463827688865,0.060246176872474064,0.06963567100105311,0.0222968419203236,0.03168633604890262,-0.0002642852958514145,0.9559329715728945,2018-11-02,0,0.02228340463094003,0
NVDA,2018-11-15,,AMC,,,0.05,0.05,0.0,0.0,,,,,yfinance,bbaed1e3eae7,2018,0.0,-0.01747660537329876,-0.07207374463129168,-0.16732491879682443,-0.17331100276503997,0.5570551826247501,0.7398594240747375,0.5329393834844119,0.6418733590455499,-0.35851535298275017,-0.026493217578733574,1.779325492168602,19.979999542236328,-0.18317824025642454,-0.2115294526759845,-0.2755451285362108,-0.28285487189364356,-0.21603901436082196,-0.1718722240294929,-0.02340832389934304,0.020758466431986023,0.0004294421190304123,1.7851881746352494,2018-11-16,-1,-0.36124637879161925,-1
WMT,2018-11-15,,BMO,,,0.36,0.34,0.019999999999999962,0.058823529411764594,,,,,yfinance,650ea8289f8b,2018,1.3483997249264807,-0.026744639778244372,0.01246513591856302,0.05970152551858687,0.02929845190354885,0.1667317982468453,0.17953947296847794,0.16461839683846718,0.019746585864176804,-0.04639763169885749,-0.03637654034050608,0.7599554897917588,21.25,-0.0419821383933832,-0.06026255619808074,-0.05624591066308736,-0.04776083149465549,-0.044822474556795944,-0.06726143460400572,-0.017501183148733668,-0.03994014319594343,-9.321830435738668e-05,0.7487452903009479,2018-11-15,0,0.015951888970797592,0
COST,2018-12-13,,AMC,,,1.61,1.62,-0.010000000000000009,-0.006172839506172844,,,,,yfinance,af5a3d05043d,2018,-0.08898441614858713,-0.028687832456923523,-0.016627602205204428,-0.03399011159128518,-0.061176314934519804,0.302190274161705,0.29031902312448726,0.25946444053032497,0.050174172177703015,-0.09069346522364662,-0.026415276859375503,0.785288908117443,20.649999618530273,-0.09744074630611992,-0.08282920226953798,-0.08753655680507338,-0.081275382418068,-0.07768306409902528,-0.07012654045592728,-0.00532559610670333,0.0022309275363946775,0.0008621661981134396,0.7783940095212993,2018-12-14,-1,-0.2470270264600709,-1
JPM,2019-01-15,,BMO,,,1.98,2.19,-0.20999999999999996,-0.09589041095890409,,,,,yfinance,c5dd02bdc783,2019,-3.732244397303851,0.0017864261746680654,0.04244552858237616,-0.0007918650199801869,-0.0664939886677417,0.2464688620341604,0.26834121992232884,0.2520459230685338,-0.36119129951000223,-0.1801032066064937,-0.03036238159435667,1.0363285240246496,19.06999969482422,-0.017025301706738348,0.008796938042465141,0.017691294693953325,0.0011041718309015083,-0.006637918545236353,-0.04697178360320366,-0.002170274060849944,-0.042504139118817244,1.919165103730429e-06,1.0293157832077617,2019-01-15,-1,-0.48039852723666204,-1
BAC,2019-01-16,,BMO,,,0.7,0.63,0.06999999999999995,0.11111111111111104,,,,,yfinance,d37818869b9a,2019,3.1915242082198803,0.040768286901120776,0.07751622949367953,0.08811473984194174,-0.06711173256692671,0.23833189841223182,0.31732601714730446,0.3049487084796809,-0.1770962702466392,-0.21349481514656587,-0.018916942781926238,1.1132012597371579,18.600000381469727,0.10848291949661909,0.09101565863946623,0.07457010255197766,0.08012648101154915,0.08204679812090244,0.018982185502492165,0.01282238622654225,-0.050242226391868025,-0.0003494367156180049,1.1108895186033985,2019-01-16,0,0.12511315131087078,1
AAPL,2019-01-29,,AMC,,,1.05,1.04,0.010000000000000009,0.009615384615384623,,,,,yfinance,e427baf74214,2019,0.5117663157191594,0.009001889083834591,0.031199951171875018,-0.009414033161459057,-0.29626937885274873,0.25994446273731664,0.4396952974437167,0.43758234093541043,-0.8898267113866315,-0.3601385939144747,0.06183736802104334,1.2631747460481757,19.1299991607666,0.0788051477650509,0.03335333092515361,0.03421050102697553,0.04343231583402557,0.07454454250450757,0.03329025815121628,0.02670634305992959,-0.014547941293361696,0.0005306652171667139,1.2612029332528778,2019-01-30,0,-0.3984350632773169,-1
MSFT,2019-01-30,,AMC,,,1.1,1.09,0.010000000000000009,0.009174311926605512,,,,,yfinance,6b37c5a24975,2019,0.13651436229911784,-0.003092510860143949,0.013046329771617238,0.059667276623045495,-0.005422605048796103,0.27667689964247744,0.30743301849843147,0.357163269046975,-0.4550227351625855,-0.16022838496963623,0.0800403090706987,1.4603187485059343,17.65999984741211,-0.06197368328602321,-0.04308282106158347,-0.040824088100587255,-0.05000044627548031,-0.030780255332978693,-0.03599077970539752,0.001528471729926882,-0.0036820526424919658,0.001190367052462044,1.456072564099596,2019-01-31,0,-0.17118945860644263,0
META,2019-01-30,,AMC,,,2.38,2.18,0.19999999999999973,0.09174311926605491,,,,,yfinance,01112995d6b6,2019,2.049017638392295,0.04241160767676755,0.009869091982686928,0.1292792914056473,0.034738964169922726,0.3370853885878734,0.35093866395276896,0.41388708403938884,-0.21736479364854783,-0.18268658642909638,0.0800403090706987,1.2231514813139637,17.65999984741211,0.12451333742624081,0.10948558352858286,0.11629759783470131,0.09198705873756359,0.09830119252001793,0.035858458350345096,0.00038118522277661403,-0.06206154894689621,-0.0005374417685236538,1.227593692227328,2019-01-31,0,0.1369906270481181,1
AMZN,2019-01-31,,AMC,,,0.3,0.28,0.019999999999999962,0.07142857142857129,,,,,yfinance,72d734158293,2019,0.3259277142859169,0.03855150990494072,0.020756838738027472,0.14431709005232074,0.11687071476194233,0.40461373678982687,0.384814984778438,0.5000825868910472,-0.45150257297456986,-0.24171160580949086,0.08006559960563542,1.6227892413529958,16.56999969482422,-0.09251430165724928,-0.02151599430127328,-0.05044352853439164,-0.06398617520833846,-0.087526785325076,-0.09149202176722349,-0.03173840853933093,-0.03570364498147841,0.001191938021680525,1.614600428491163,2019-02-01,0,0.019358549659056104,0
CVX,2019-02-01,,BMO,,,1.95,1.89,0.06000000000000005,0.03174603174603178,,,,,yfinance,091536ed747a,2019,0.191904188129467,0.010043162436736308,0.02917414681762831,0.053865250124427444,0.052510797802975295,0.20990314730192372,0.19969685150110594,0.2784541969222789,-0.004166268699008434,-0.16447426516977282,0.08006559960563542,0.892130466678694,16.56999969482422,0.014264533280777215,0.03531645577582089,0.044457288120877944,0.0376137445737688,0.024836589207561544,0.036301114340785715,-0.007319083199930825,0.004145441933293335,-0.00013713945368760852,0.8887709160819324,2019-02-01,0,-0.06414747971823809,0
XOM,2019-02-01,,BMO,,,1.5,1.09,0.4099999999999999,0.3761467889908256,,,,,yfinance,5b7dffcff1e5,2019,2.3945027481405634,0.026330493182644688,0.02289223064797241,0.0746443196312292,-0.04892932022245944,0.15133396580554562,0.1894858512771989,0.2577691473770803,-0.43332171181714046,-0.21100803204437638,0.08006559960563542,0.8253501399609654,16.56999969482422,0.019944076092756818,0.028814140127670106,0.023178895412559554,0.016255541137379807,0.01136954126601725,0.07397744571219446,-0.02471001824047607,0.03789788620570114,-0.0004493515512894361,0.8221866511633316,2019-02-01,1,0.04144061845930937,0
GOOGL,2019-02-04,,AMC,,,0.64,0.54,0.09999999999999998,0.18518518518518512,,,,,yfinance,4a0008b310e0,2019,2.5826411619502414,0.05700737342341622,0.030813644275649477,0.11307011957408064,0.04661739346389693,0.2951338018865004,0.2955591654623213,0.32518307603603747,0.09138706222167202,-0.1179637261372982,0.11363164480694143,1.4235422731331182,15.729999542236328,-0.01291068935086187,-0.020178064622756307,-0.01046333010162466,-0.02071141186441314,-0.024679564026191772,-0.01337094832203097,-0.02765235565622218,-0.01634373995206139,0.0003571160007797823,1.3896831967921746,2019-02-05,0,0.22429588150420193,1
NVDA,2019-02-14,,AMC,,,0.02,0.02,0.0,0.0,,,,,yfinance,f9cfa99bc387,2019,0.0,0.048229579469206696,0.07499130912449048,0.031093587028808045,-0.18471036810096852,0.3197953043220472,0.6850419870406069,0.7406775966731053,-0.4456809655796293,-0.3721033656847828,0.05388898963082234,1.897264150920786,16.219999313354492,0.027843410529927,0.02644563585214004,0.009668970842141723,-0.006945328632159958,0.001603093294134569,0.07359397165272145,0.002441043405536485,0.07443192176412336,-0.0016197352268330337,1.8942253029089302,2019-02-15,-1,-0.23443476317071368,-1
WMT,2019-02-19,,BMO,,,0.47,0.44,0.02999999999999997,0.06818181818181812,,,,,yfinance,a6beb89ea292,2019,2.07846096908265,0.046139397129374426,0.06531008782175984,0.037778922252871716,-0.028657368054417542,0.11832558709917831,0.1697262527096148,0.21988407603027574,-0.7021167351475751,-0.15473261595385032,0.06280168381063489,0.6802054120129838,14.90999984741211,0.013207243891922614,0.010251014489232367,0.005193642550339033,-0.0027628131026973916,-0.01630591935720519,-0.009489945995266588,-0.03741873457630643,-0.03060276121436783,-0.00013873537329170827,0.6518298234124652,2019-02-19,0,-0.1689667965958289,0
COST,2019-03-07,,AMC,,,2.01,1.69,0.31999999999999984,0.18934911242603542,,,,,yfinance,eadcbc860e7a,2019,2.968509343339551,-0.008914748825368357,0.007248049015289526,0.024478959693967628,-0.06588249062516127,0.08482610609718585,0.11330316267647916,0.27334294089897554,-0.07955870534797943,-0.1852915609800304,0.006993788427032799,0.851429752470385,16.59000015258789,0.051511588996584506,0.05442938425563783,0.042345651329262636,0.04709165833225534,0.052714864204046266,0.0719177792783523,0.0008444705773163149,0.02004738565162234,0.0007026401076770173,0.8471210499461487,2019-03-08,0,0.024715845869745123,0
JPM,2019-04-12,,BMO,,,2.65,2.35,0.2999999999999998,0.127659574468085,,,,,yfinance,32164c60a896,2019,2.9739959030904566,0.0063471562508130575,0.05481088593627059,0.017626247514545,0.05817316468563849,0.1724660427700442,0.21087696794722757,0.16383405861014283,-0.8482124528680972,-0.0770594453596143,0.02441883559611835,0.8874511971224793,13.020000457763672,0.07164875253927774,0.052984930125235176,0.04042771536886768,0.031193571916923908,0.06569125808567819,0.06566785249841744,0.02419342762903061,0.024170022041769896,-0.000542234579630781,0.8755284408670474,2019-04-12,0,-0.19035567897299238,0
BAC,2019-04-16,,BMO,,,0.7,0.66,0.039999999999999925,0.06060606060606049,,,,,yfinance,1c2c128c9235,2019,1.7217347491173782,0.022968806120725604,0.04555007692215152,0.018430065856258393,0.13158889658402328,0.220794870834696,0.2988406210265466,0.2562894693389286,-0.148411876510966,-0.09993291659065842,0.030784557027005777,0.9797979595589537,12.319999694824219,0.020684400847068178,0.028381927599779398,-0.0014327866847212226,0.008613890097274488,-8.632976437896117e-05,-0.030350972391674377,-0.0010389701697422885,-0.03130361279703771,-0.00025197428956969626,0.9763976594745228,2019-04-16,0,-0.08936208156700401,0
META,2019-04-24,,AMC,,,0.85,1.61,-0.7600000000000001,-0.47204968944099385,,,,,yfinance,836966c0de43,2019,-8.128911496138727,0.020741358613201477,0.02815632362002618,0.0979614480884119,0.26528065121084254,0.12585595288048412,0.16399179563868224,0.31124005124620974,0.01711398335582406,-0.07440730379997282,0.04726921601739709,1.3659063386360655,13.140000343322754,0.0685959045975433,0.0551699007826191,0.03973228841759639,0.043478578703245584,0.05847970434916653,0.036353627250844824,-0.0006383153818724603,-0.022764392480194167,0.00020681831988251636,1.3472866581212493,2019-04-25,-1,-0.4747050190051265,-1
MSFT,2019-04-24,,AMC,,,1.14,1.0,0.1399999999999999,0.1399999999999999,,,,,yfinance,7d3643b3d5cc,2019,1.8977390304153605,0.03510810309695822,0.04803825801118422,0.06246811359303095,0.17149286110733963,0.09416782987007699,0.09656972382822937,0.17907847642400318,-0.2250921070900048,-0.040962951055835035,0.04726921601739709,1.4249072837448622,13.140000343322754,0.03378699512574478,0.027699954340584948,0.03112945168942577,0.03198869945480648,0.012038638523040733,0.048317414732633096,-0.021379170435952378,0.014899605773639987,0.0005709746102583893,1.4146971008624678,2019-04-25,0,0.0024206883365740436,0
AMZN,2019-04-25,,AMC,,,0.35,0.23,0.11999999999999997,0.5217391304347825,,,,,yfinance,42ecc5d563b1,2019,2.046388658904137,0.020071704413382463,0.029729416745920556,0.06642708970449229,0.14944445054002253,0.1410579179788082,0.1303852638084367,0.2498091130242101,-0.1858996779149232,-0.07593394418915916,0.03888016813327333,1.89106560832238,13.25,0.019466038377418886,-0.0068615942837870324,0.008058510792915148,0.00690938283841834,0.017541443958968773,0.013649815857970912,0.00115155972833955,-0.002740068372658312,0.0002738643506460448,1.8831156927702635,2019-04-26,1,0.09466833935650965,0
CVX,2019-04-26,,BMO,,,1.47,1.33,0.1399999999999999,0.10526315789473677,,,,,yfinance,c5c0c0906004,2019,0.46638107908622334,-0.019705622211174556,-0.060482878851669364,-0.05018928434212555,0.03867500050242034,0.31245985223383627,0.23651704254610248,0.18852287399400788,0.848312436608529,-0.06930848403967164,0.03888016813327333,0.871959582791945,13.25,-0.036454111878935574,-0.018223282601712756,-0.009189068813117145,-0.006638825842220524,-0.010022525109640178,0.03839525482438919,0.0006777000440987748,0.04909547997812814,-0.0001276833938927301,0.8680808405291782,2019-04-26,0,-0.0339800644286936,0
XOM,2019-04-26,,BMO,,,0.55,0.73,-0.17999999999999994,-0.24657534246575336,,,,,yfinance,f125be920f33,2019,-0.8986185717106632,0.009701595389495887,0.008092247202867053,0.015563267668960767,0.15154060873377584,0.18109276425316412,0.15436473762938033,0.16111409414901545,-0.3698561313836512,-0.028313234627964985,0.03888016813327333,0.8818473887299066,13.25,-0.060905990344487404,-0.04005156984681317,-0.026315315945346515,-0.032640686979986684,-0.06394153675726263,-0.0720130174368243,-0.03897667289941813,-0.0470481535789798,-0.00015906152392989505,0.8767357828142506,2019-04-26,-1,-0.33492004403445547,-1
GOOGL,2019-04-29,,AMC,,,0.6,0.52,0.07999999999999996,0.15384615384615377,,,,,yfinance,29f89d2864b8,2019,1.9067862859473168,0.033850144246892144,0.0600867921370809,0.10571794910009813,0.20034073902102612,0.10447200289533214,0.10769964750171293,0.1774111179334236,0.5224670046012873,-0.051661246313232836,0.04688113733997734,1.3605692517106838,13.109999656677246,-0.05123327491391308,-0.07737863931498334,-0.07542430927477521,-0.08764222621154301,-0.06623521464960878,-0.07576599426281055,0.009836193888993656,0.00030541427579187236,0.0003612054527945434,1.3537760466619795,2019-04-30,0,0.27734025766264214,1
AAPL,2019-04-30,,AMC,,,0.62,0.59,0.030000000000000027,0.05084745762711869,,,,,yfinance,6aa10cca6899,2019,1.5862310778250657,-0.03282242962611481,0.007227839543677783,0.056435911518462056,0.29732355618584716,0.17434561116642042,0.14446898058609534,0.2183774546314457,-0.30636116381283274,-0.042544483097854136,0.04085237035728628,1.4906410026018537,13.119999885559082,0.00442475022600491,0.032881995831001626,0.03635565071614675,0.056597581820912894,0.044498404440178135,-0.040957700717023385,-0.015601895151222067,-0.10105800030842356,0.00022269285713831099,1.495037319827323,2019-05-01,0,-0.061052437229639885,0
NVDA,2019-05-16,,AMC,,,0.02,0.02,0.0,0.0,,,,,yfinance,ca33d9104480,2019,0.0,-0.058757861971787784,-0.12555276563986295,-0.14887626443812618,0.03662712926628542,0.3769365069310026,0.33765566874297237,0.35143685046585804,0.4136798601590053,-0.17516912950629754,-0.008478051502724626,2.099977979141689,15.289999961853027,-0.11394717066803421,-0.05977757729069397,-0.03781986307771626,-0.023532903906124475,-0.053563034725861144,-0.08030989800025101,-0.04548771302803449,-0.07223457630242436,-0.0012547255494780277,2.0908765877590265,2019-05-17,-1,-0.3809964905248171,-1
WMT,2019-05-16,,BMO,,,0.38,0.34,0.03999999999999998,0.11764705882352934,,,,,yfinance,89ce003f37ba,2019,2.70152653402388,-0.004187533402370658,-0.014601491344897521,-0.02489511723965332,0.019807953328111028,0.19504053829560222,0.1681279371323037,0.14676727328147768,0.11663449334715048,-0.05146773281113037,-0.01693279870827824,0.5749596198542234,16.440000534057617,0.020766110372723214,0.007282426729708361,-0.0007941796046036682,0.0071945425900676215,0.02240262521085573,0.06857901895633729,0.013939941785297859,0.06011633553077942,0.0005378191268138052,0.5740858864218933,2019-05-16,0,-0.0512602396467635,0
COST,2019-05-30,,AMC,,,2.05,1.81,0.23999999999999977,0.13259668508287278,,,,,yfinance,9827f51d3c6f,2019,1.8282121780284901,-0.031942613106365036,-0.012792761295772892,-0.016250582466505903,0.10423327795738446,0.14394094659427992,0.1656828109602282,0.17533763965111354,0.319899229711733,-0.03697031370845302,-0.05098289502241282,0.8260254141470388,17.299999237060547,0.011863809021841415,-0.007582645920956033,0.010234024667491475,0.009709236281120852,0.02880916572744332,0.03398305948834998,0.026638182513161662,0.03181207627406832,0.000766615286278649,0.820179935415942,2019-05-31,0,-0.024484978220403873,0
JPM,2019-07-16,,BMO,,,2.82,2.49,0.3299999999999996,0.13253012048192755,,,,,yfinance,99902a2deacf,2019,2.889167308386456,0.009125531622511396,0.018783527878339035,0.03980281699754418,0.0241884944119366,0.14615912405004491,0.1573466774323268,0.17161743394999365,-0.13292117370757653,-0.08749572357729239,0.0385731540357912,0.8851582885130682,12.680000305175781,0.020193928207171356,0.006045406459863857,-0.003045570803039497,0.00950233956235218,0.02309037612309603,-0.018009371365866868,0.009651823496662586,-0.03144792399230031,0.0001127470747395856,0.8805883793859974,2019-07-16,0,0.028151704325649965,0
BAC,2019-07-17,,BMO,,,0.74,0.71,0.030000000000000027,0.042253521126760604,,,,,yfinance,4978b4ab9cbb,2019,1.3431175517091778,-0.012265778728195564,-0.014615917881056206,0.03388012926435935,-0.02848526732986656,0.12455155268360994,0.17784038369897875,0.2109460343828065,-0.39562609604032306,-0.13552161242304434,0.036368625660338605,1.0396131343881423,12.859999656677246,0.032147368536771234,0.011941105091328265,0.016443192102174268,0.020652866556742595,0.05230107122768865,-0.02742956005591124,0.03794659005882839,-0.04178404122477151,-0.00024341366931562598,1.0598222595074787,2019-07-17,0,-0.14195844287058973,0
MSFT,2019-07-18,,AMC,,,1.37,1.21,0.16000000000000014,0.1322314049586778,,,,,yfinance,e6564e629474,2019,2.212265275019891,-0.01430632814203725,-0.007565899127931264,0.009322243805096608,0.12030879469284339,0.10003223983962486,0.1489351651060217,0.2112925839735768,-0.3647589439313139,-0.08238904489098145,0.021990399487004098,1.419917523179243,13.529999732971191,-0.0011457998839378746,0.010483521004000058,0.012408609670691725,0.017362368200983674,0.015293737412498497,0.02821705276965332,0.006831026727864257,0.01975434208501908,0.0008700164411945375,1.4161689968920868,2019-07-19,0,-0.1241815995280538,0
META,2019-07-24,,AMC,,,1.99,1.88,0.1100000000000001,0.0585106382978724,,,,,yfinance,562fcd3911ee,2019,0.4081432811804806,0.014172450778496826,0.009520090639000278,0.06261680776952794,0.12093329833289079,0.18273928833562286,0.18650170329009852,0.3018260993214009,-0.014146491968654511,-0.16022922764939085,0.026563095640447232,1.2882621917036456,12.069999694824219,-0.02402630490138008,-0.04290603293521174,-0.0188024487609642,-0.024947482169397513,-0.02654350509150712,-0.05975966396088414,-0.014162746666925036,-0.047378905536302064,-0.0007996673572992696,1.2810889300593413,2019-07-25,0,-0.03362097427868183,0
AMZN,2019-07-25,,AMC,,,0.26,0.28,-0.020000000000000018,-0.07142857142857148,,,,,yfinance,53952bfcd0ed,2019,-0.3269901369943286,-0.002062740865575119,-0.01361766913635376,0.05087132385496318,0.03762385307412952,0.12565718499865774,0.13894771241157966,0.22750537527162318,-0.5617821533116665,-0.13746524618506953,0.03177875197425917,1.879003709214956,12.739999771118164,-0.042118603345129804,-0.05346974215568274,-0.04510465319121745,-0.04051709531057682,-0.032665396080913796,-0.025100679161899314,-0.004521014661657672,0.003043702257356798,2.9124779457753388e-05,1.869564029229323,2019-07-26,-1,-0.25259829999055183,-1
GOOGL,2019-07-25,,AMC,,,0.71,0.57,0.14,0.24561403508771934,,,,,yfinance,2813d9109a10,2019,3.3258209920736608,-0.009849702442704444,-0.007114846704235234,0.044465679686237936,-0.10368172131718456,0.10768586271580163,0.13412177950237933,0.2713826967113482,-0.18154817970147338,-0.19862672070458362,0.03177875197425917,1.2794356541756648,12.739999771118164,0.08109017323759918,0.07242619747754343,0.0922190408595146,0.08873285965471439,0.09222645104287758,0.10113333392952428,0.0038268537135633957,0.012733736600210082,-0.0007286976702874621,1.2733334260467932,2019-07-26,1,0.06710412756304457,0
AAPL,2019-07-30,,AMC,,,0.55,0.53,0.020000000000000018,0.03773584905660381,,,,,yfinance,ff2883cf391e,2019,1.0871146130092189,-0.0002872895979977308,0.020929089385314903,0.05487065840148908,0.040414614463312626,0.1757017431349388,0.16718173931988536,0.2632569671791151,-0.5886224987999102,-0.18158203989724764,0.02634812703311651,1.5278270895186818,13.9399995803833,0.01543379614168579,0.030456423854620218,0.028081383674533666,0.028662573421034385,0.01936963922406705,0.04730348547296262,-0.017685506221815236,0.010248340027080334,3.210663312240244e-05,1.5248955213067508,2019-07-31,0,-0.16146362232771647,0
XOM,2019-08-02,,BMO,,,0.61,0.71,-0.09999999999999998,-0.1408450704225352,,,,,yfinance,f5dd8c62d2d5,2019,-0.49940696334184975,-0.03296411598349491,-0.0318011406985198,-0.04305338198197395,-0.062491936522727554,0.15249814338529394,0.1398530619331212,0.15537865730367373,0.05633806755157737,-0.08648514872936656,-0.0053638173503909314,0.8347235378121353,17.8700008392334,-0.027766330437796208,-0.021364053832562103,-0.016086939943845704,0.0018251508757745893,-0.010945350211129544,-0.040677542573668325,-0.007803531564214696,-0.03753572392675348,-0.0003781450958580171,0.8338566252375614,2019-08-02,-1,-0.3078080669135554,-1
CVX,2019-08-02,,BMO,,,1.77,1.82,-0.050000000000000044,-0.027472527472527496,,,,,yfinance,a14c2a87eaf1,2019,-0.1716134392902679,-0.03892381992005012,-0.03160091780367669,-0.01781503649206484,0.03746348782650033,0.14306363881026615,0.12539687743474046,0.15951927215434794,0.04279827166148937,-0.06787294053507203,-0.0053638173503909314,0.8461120809750793,17.8700008392334,0.0003816892941227671,-0.0029445386159795217,0.0037880679524641353,0.015511681531166412,0.024273868867258665,-0.014267940981827987,0.017822859299621373,-0.020718950549465286,-0.00018448633603444076,0.8432552509247527,2019-08-02,-1,-0.2243877924866179,-1
WMT,2019-08-15,,BMO,,,0.42,0.41,0.010000000000000009,0.024390243902439046,,,,,yfinance,4c830e015a71,2019,0.6236095644623241,-0.018484218364277494,-0.03786908053590865,-0.07459042697151796,0.0632760467970348,0.2562154299486049,0.18521042660932555,0.13907886595622648,0.09917016258155024,-0.08488434381004839,-0.05297219610206094,0.5984203766609915,22.100000381469727,0.01706706959569012,0.0671048584847717,0.05714464111187891,0.05171956833530141,0.0315607804755701,0.0492965179741402,-0.02711898848973811,-0.009383250991168022,0.0008629215092963486,0.5936636736916502,2019-08-15,0,-0.27509963822377675,-1
NVDA,2019-08-15,,AMC,,,0.03,0.03,0.0,0.0,,,,,yfinance,b92df84f23fe,2019,0.0,-0.05996463703852617,-0.09792630778628908,-0.12338699743708814,-0.07129029957365351,0.47817834533031406,0.39990000690730626,0.3833749713127522,-0.2920672405467847,-0.1673009905380942,-0.043964521956175395,2.099629233761572,21.18000030517578,0.11977645187142008,0.10622677130694795,0.07919336530950292,0.09116705283398936,0.10520616447494224,0.1359217123060492,0.061352034620418494,0.09206758245152544,-0.002220343385203018,2.093818916066642,2019-08-16,-1,-0.5052010395962985,-1
COST,2019-10-03,,AMC,,,2.69,2.55,0.14000000000000012,0.05490196078431378,,,,,yfinance,d470ab1ece06,2019,1.029682812042892,0.002567092934523396,0.004064946261047808,-0.02404429026945587,0.07735321528424977,0.12784572986625584,0.1723631695330379,0.20363222995264293,0.4060775968557902,-0.06528185558442727,-0.012311233206328986,0.863117377657111,19.1200008392334,0.024419988762423683,0.037064496052103504,0.01129721387043105,0.0055568220728680565,0.0069025420531122084,-0.03904928587373265,0.010155218892394326,-0.03579660903445055,0.0008636130620687923,0.8592801213035877,2019-10-04,0,-0.07221260722895691,0
JPM,2019-10-15,,BMO,,,2.68,2.45,0.22999999999999998,0.09387755102040815,,,,,yfinance,c7d010e65b94,2019,1.8209128193579196,0.01818653625696731,-0.010536200759970415,-0.031439792923148246,0.011553111274570815,0.2547916140770499,0.1884593146222145,0.22753932018573209,-0.23760766352829865,-0.10297011547336268,-0.017071255084447068,0.9268629543286478,14.569999694824219,0.07075238672195285,0.03436530077272602,0.024104947176820633,0.020274651742978586,0.060974535426476656,0.06670315743245811,0.03998798641476575,0.04571660842074719,-0.0001179187606683251,0.9366468177427631,2019-10-15,0,-0.20041316212561405,0
BAC,2019-10-16,,BMO,,,0.56,0.51,0.050000000000000044,0.09803921568627459,,,,,yfinance,c62adafb3743,2019,2.314550249431382,0.07600435922023618,0.045358614063101266,-0.013275792554655275,0.018499451808802192,0.26195861688329997,0.22553039812357506,0.2775695076661621,-0.14320237166085117,-0.15021040729458057,-0.004264388205224567,1.1270453234068736,13.539999961853027,0.08984515043134221,0.04423374276759459,0.02646112668769548,0.016966116875182187,0.05395504448291457,0.0685466882985155,0.0370109017440356,0.051602545559636545,-0.00034421160834853694,1.1208039314065823,2019-10-16,0,-0.11528764831244084,0
MSFT,2019-10-23,,AMC,,,1.38,1.24,0.1399999999999999,0.11290322580645154,,,,,yfinance,e405c0effcd4,2019,1.9444801678797337,-0.022576725918858176,-0.007233796008851101,-0.0010190667103837647,-0.021042848254997137,0.16214493481335357,0.18691064288331208,0.2238929341482993,0.2689592484224662,-0.0645959378843981,0.013553282968206126,1.3733941337548248,14.010000228881836,-0.006793589930603519,0.023578110249067984,0.01822522663724666,0.01637764441482455,0.025343401095355315,0.027905639734899585,0.00845936026284363,0.011021598902387889,0.0005572836116653232,1.3661441084637127,2019-10-24,0,-0.004334425961630903,0
AMZN,2019-10-24,,AMC,,,0.21,0.22,-0.010000000000000009,-0.0454545454545455,,,,,yfinance,f2f7aaac9592,2019,-0.16431360740486733,-0.003748283420386911,0.035180739648476456,0.007040600048649814,-0.08351298400844609,0.17460203907023503,0.1671631061804304,0.20956388612215512,-0.37632983174436313,-0.10820675454257062,0.009239970583687418,1.7109702485797094,13.710000038146973,-0.03178244126898087,-0.023388137222101795,-0.0095854990797564,-0.017741376880055455,-0.024000238952314203,-0.07067724767155413,-0.006503315718552057,-0.053180324437792,-0.00036337826255949186,1.694286630425026,2019-10-25,-1,-0.2815185284308577,-1
GOOGL,2019-10-28,,AMC,,,0.51,0.62,-0.10999999999999999,-0.17741935483870966,,,,,yfinance,ea25244a1d76,2019,-2.273507521958158,0.03592433809815887,0.05847569362759453,0.05141313847753892,0.04965791361413241,0.14614677385120384,0.17750195449925885,0.2115708801410504,0.6224843330541179,-0.05459333400078441,0.02674337867201415,1.2359464220425853,13.109999656677246,0.009560570590145059,-0.011755621691430358,-0.012676452038548246,-0.025283700487582515,-0.01262675754223723,-0.023123083963052793,0.008942748412950768,-0.0015535780078647964,-3.549279503310449e-05,1.2328273750268286,2019-10-29,-1,-0.0733880053426166,0
META,2019-10-30,,AMC,,,2.12,1.91,0.2100000000000002,0.1099476439790577,,,,,yfinance,9111a646a29f,2019,0.8085299768045959,0.011281257976744286,-0.006858364710249254,0.07075821974947849,-0.02324493242801917,0.2973136942401155,0.26401570757300946,0.2673584691922029,0.48518444922614407,-0.08538495711952421,0.037171002513506135,1.245887823067932,12.329999923706055,-0.018185311807164095,0.008018450635880442,0.008766895515420883,0.018832482770356727,-0.008634224027089783,0.014699435233789306,-0.029300029968714596,-0.005966370707835502,0.0006815841456489107,1.2339146728837844,2019-10-31,0,0.13563482980927574,1
AAPL,2019-10-30,,AMC,,,0.76,0.71,0.050000000000000044,0.07042253521126768,,,,,yfinance,2d47af9858ca,2019,2.820380374088834,0.00032898196177399974,0.037931474057518955,0.08312925096119028,0.16710647725845162,0.1810216430314222,0.21500603547389513,0.27251388217035494,-0.2597580075084922,-0.052347846833232924,0.037171002513506135,1.5692522930325925,12.329999923706055,0.028689876408970853,0.015968325020490483,0.03729306444480565,0.041696647715460555,0.04747616188472058,0.05475881249858892,0.020132263926999995,0.027414914540868324,-0.0005447282699189411,1.5730686274220473,2019-10-31,0,0.06893981479230601,0
XOM,2019-11-01,,BMO,,,0.68,0.66,0.020000000000000018,0.030303030303030328,,,,,yfinance,ac4c29754496,2019,0.10250410863616122,-0.022000242055777997,-0.008365126209713636,0.006254626349985193,-0.05825784397457534,0.14463758487117367,0.17316748334967105,0.2081638661951835,0.42187750721478723,-0.09534797353335943,0.05300975193740953,0.8929817377698106,13.220000267028809,0.010010406101755631,0.05974933873284498,0.05058282456600287,0.04963466828556112,0.036838232765331824,0.008003309734196388,0.014192663915202408,-0.014642259115933021,-0.0008050368876641272,0.885409070105593,2019-11-01,0,-0.0583172100262388,0
CVX,2019-11-01,,BMO,,,1.55,1.46,0.09000000000000008,0.061643835616438415,,,,,yfinance,dc2c79a75a2f,2019,0.32027320544992305,-0.012247001352111986,0.006848729310599655,0.034286209303866055,-0.0380187512603225,0.1431335549694817,0.14272335390901983,0.19992916176568035,-0.32238086599602744,-0.10560450184360744,0.05300975193740953,0.8307974770180251,13.220000267028809,0.0045164062928700725,0.021698591452157266,0.03559198204439552,0.03546267374420234,0.025618456855819885,-0.0183562880375233,0.03280470660767647,-0.011170038285666723,0.0001703237881064023,0.8223986302772421,2019-11-01,0,-0.17061093708788175,0
WMT,2019-11-14,,BMO,,,0.39,0.36,0.030000000000000027,0.08333333333333341,,,,,yfinance,30b2bc19567a,2019,1.9364916731037098,0.012384997647496787,0.024386088946461326,0.012130851932335762,0.07356472558855986,0.11667581700327168,0.11170879521020223,0.11680870038731968,0.047852319516751514,-0.026184052682438282,0.03419432900742314,0.6272659781725172,13.0,-0.007378527456506768,0.0010530105573346039,-0.008665505991315494,-0.023682590426368458,-0.013826198479562013,-0.030178064926144457,-0.009796495142805374,-0.02614836158938781,0.0003959782093048357,0.6223373799878469,2019-11-14,0,-0.03852363144330389,0
NVDA,2019-11-14,,AMC,,,0.04,0.04,0.0,0.0,,,,,yfinance,58ad729daa9d,2019,0.0,0.006959799381416332,0.04362754153834847,0.08022247065147137,0.31480318752902914,0.21371109011973902,0.24905557772254192,0.35925825971015907,-0.2409571233248523,-0.06819291113667855,0.03736593205277461,2.0148913455441044,13.050000190734863,0.0034653740811735633,-0.02173580624975205,0.0020923694375684157,-0.0015605823049051476,0.001800089253049956,0.026163306034909045,0.04221625841998131,0.0665794752018404,-0.0007064178185047313,1.9939881991045296,2019-11-15,-1,-0.08538412644512659,0
COST,2019-12-12,,AMC,,,1.9,1.71,0.18999999999999995,0.11111111111111108,,,,,yfinance,3a36c3c38de7,2019,1.4340035911989273,0.014466018922147494,-0.011371237254578892,-0.010515819175072827,0.018636528109470918,0.09645963106484984,0.08754887924127097,0.11464069965424306,-0.045666744639952385,-0.039677552146404386,0.026310695413632734,0.8333214477395466,13.9399995803833,-0.02513661314535471,-0.020269753080794116,-0.02156116240681493,-0.020545794911447725,-0.02215494287157726,-0.03410402013765044,-0.002495503964759829,-0.014444581230833005,0.000765398421059686,0.8305154959680938,2019-12-13,0,-0.12721325818941914,0
JPM,2020-01-14,,BMO,,,2.57,2.36,0.20999999999999996,0.08898305084745761,,,,,yfinance,5e23037704e1,2020,1.66794539667318,-0.007451340599959777,-0.013942809040651594,0.02250711311155129,0.18133285404916943,0.17430995837348567,0.16547538870597892,0.14809536509113058,0.06769681164007152,-0.0369267247169029,0.04303160804490758,1.0598972953009524,12.319999694824219,-0.038971703913428475,-0.01640014181586251,-0.0039596836221153335,-0.004669545964475438,-0.01621013805230663,-0.029658664353728,-0.029211087478663376,-0.042659613780084746,0.0002820146060294091,1.0632872079038738,2020-01-14,0,-0.025260683266805143,0
BAC,2020-01-15,,BMO,,,0.74,0.69,0.050000000000000044,0.0724637681159421,,,,,yfinance,fbb55f80dc80,2020,2.365801117036922,0.020219548946743604,0.004836363060187976,0.018454422837848705,0.21207963056344936,0.1616822216930119,0.12850599771573354,0.15095999374100633,-0.013424963917902934,-0.028619541953750112,0.03254188239940348,1.276608682146439,12.390000343322754,-0.04997574433051556,-0.025168874598365344,-0.02126705337946861,-0.030531509171363193,-0.05125213942620652,-0.0492249779623052,-0.029902130491776552,-0.027874969027875236,8.325453495744645e-05,1.267133233037841,2020-01-15,0,-0.021571958043622774,0
AAPL,2020-01-28,,AMC,,,1.25,1.13,0.1200000000000001,0.10619469026548684,,,,,yfinance,01b2a4675a3f,2020,6.418091235969624,0.003537906596566609,0.0023031644561095632,0.09582283615047138,0.2883851086150646,0.25011160199887217,0.21821344421698413,0.19002440559231065,0.6465678984102509,-0.03220248230275926,0.012231411956305838,1.460518080495899,16.280000686645508,-0.005736615424782949,-0.0023266645540331865,0.02468249417963251,0.013063099998379709,-0.02198812241788366,-0.04023607017421818,-0.042666330089837556,-0.060914277846172094,0.0014535653776939783,1.4520578224486718,2020-01-29,0,0.5051606067388225,1
MSFT,2020-01-29,,AMC,,,1.51,1.32,0.18999999999999995,0.1439393939393939,,,,,yfinance,635fc8e7a80f,2020,2.6960074880902916,0.014121885220200303,0.036452157067361046,0.05712120148944044,0.16540668868091846,0.19497351530651502,0.1818563679925512,0.1308398128461927,0.8303213504535747,-0.028845045769973442,0.011645945413553571,1.2633911059986247,16.389999389648438,0.08587892684845119,0.06654603024804553,0.04631474673620789,0.030451899762197043,0.05757893344161408,0.07239718716099607,0.03415590745681178,0.048974161176193756,0.0007554737258702838,1.2414989361815905,2020-01-30,0,0.2942315223718441,1
META,2020-01-29,,AMC,,,2.56,2.53,0.03000000000000025,0.011857707509881523,,,,,yfinance,ccf1ef8acc6b,2020,0.11910139536042239,0.00862998527070502,0.019035872434125967,0.07270537808873145,0.1786166996897809,0.18324726715059325,0.1938720440218491,0.1744031302757668,0.4223212749629082,-0.04029464114421759,0.011645945413553571,1.2345550509905932,16.389999389648438,-0.05937676631442286,-0.05242529336606585,-0.05492367462867697,-0.08051302996654391,-0.08364269391150736,-0.03553080601475156,-0.017968641044302323,0.030143246852453495,0.00038573457905574,1.2068486711738158,2020-01-30,0,0.07224796716809684,0
AMZN,2020-01-30,,AMC,,,0.32,0.2,0.12,0.6,,,,,yfinance,aee3d573175e,2020,2.0071813516514316,-0.007375645738411873,0.00465084872211885,0.012881102082341611,0.06125226106154247,0.1713820997212969,0.17725502018740735,0.16490400814919212,0.61970188387693,-0.04360708913492077,0.020555644635391168,1.225385203774386,15.489999771118164,0.10666760639656475,0.0986652255037585,0.08945412160750808,0.085864737537947,0.09577742812602663,0.13096095357434298,-0.0006239066725659131,0.034559618775750395,-0.0006837586458022043,1.2075303888911681,2020-01-31,1,0.1993725085039602,1
CVX,2020-01-31,,BMO,,,1.49,1.46,0.030000000000000027,0.02054794520547947,,,,,yfinance,1d047f7dc68d,2020,0.11006951097126116,-0.015030919285389466,-0.04073018031006492,-0.07050477309823888,-0.05697109865415095,0.15614138188960988,0.127810989413069,0.17174454302778236,0.2579676837264267,-0.09739937971549371,0.020555644635391168,0.8097953378780071,15.489999771118164,-0.03303823073292257,-0.04182207892533943,-0.029703163000174726,-0.036845091701364636,-0.029821871109721884,-0.08501568887155037,-0.006547065282955867,-0.061740883044784346,-0.0004110548800800252,0.801564588287346,2020-01-31,0,-0.2538257623605058,-1
XOM,2020-01-31,,BMO,,,0.41,0.45,-0.040000000000000036,-0.08888888888888896,,,,,yfinance,0210eea0f849,2020,-0.2121597992714659,-0.029653973746974427,-0.06223759806461382,-0.0675014711400157,-0.05333140554756399,0.13976577349424554,0.1537955277496914,0.1926696661088383,1.0159507545719721,-0.12286217235564066,0.020555644635391168,0.9572112824642551,15.489999771118164,-0.07194890840127398,-0.07589387308216548,-0.04315640826870046,-0.05158900946090376,-0.05819449499240866,-0.10461885248804734,-0.03512641753418461,-0.08155077502982327,-0.0009063499505093306,0.9492101275058793,2020-01-31,-1,-0.09502776679581303,0
GOOGL,2020-02-03,,AMC,,,0.77,0.63,0.14,0.22222222222222224,,,,,yfinance,5e1477d2b96c,2020,2.307831656885255,0.0355303738063768,0.0020817472279295313,0.08323347024860484,0.17778835193619535,0.2554880725585145,0.2119198242216416,0.1617550323591167,0.9759764356170906,-0.03567068006952472,-0.0023086157886925696,1.209497701622898,17.969999313354492,0.011921705954888276,-0.006991979830753,-0.030725508843897135,-0.056642675287252,-0.02140831891512399,-0.02708393743190249,0.021888433110581907,0.016212814593803408,-4.3568529328318496e-05,1.1978030769241705,2020-02-04,1,0.3769982817673519,1
NVDA,2020-02-13,,AMC,,,0.05,0.04,0.010000000000000002,0.25000000000000006,,,,,yfinance,96ab44c9c8bd,2020,2.23606797749979,0.06501474641227145,0.1015825151194687,0.09503390541963741,0.2918276104837656,0.36639203208608934,0.33173075308256017,0.29144538057959646,0.8058338976908128,-0.06497665485467234,0.029347946230909194,2.1734451958611483,14.149999618530273,0.15092171808949245,0.14309521859856628,0.08997891120102514,0.09465444458573334,0.10921519787511871,0.40762393666434543,0.043010547705552626,0.3414192864947793,0.0005291971208319737,2.1663784092388854,2020-02-14,1,0.3596698000878943,1
WMT,2020-02-18,,BMO,,,0.46,0.48,-0.019999999999999962,-0.04166666666666659,,,,,yfinance,eeb6a2dad4e2,2020,-1.2909944487358032,0.012365810772404062,0.0296968630154526,0.022640499855062668,-0.025541475419419646,0.12034670696058641,0.1369566038110097,0.11009107382691843,0.1446884641527707,-0.057800118668288165,0.028672426314355404,0.5747732593771494,13.680000305175781,0.01255866038370972,0.014976119468028574,-0.0010157142491261442,-0.0035555925750792305,0.011209461482099399,0.17640937471177282,-0.0046351884386565765,0.16056472479101686,0.00038059803830464863,0.5687541278506074,2020-02-18,-1,-0.17657819597572322,0
COST,2020-03-05,,AMC,,,2.1,2.06,0.040000000000000036,0.019417475728155355,,,,,yfinance,a9c79b6e23eb,2020,0.3040704308686287,0.07720125714138182,-0.02567260291090323,0.03561828824708879,0.06794735828968634,0.7286266907199845,0.4988518923912999,0.3040320988316185,2.63686839936931,-0.1324980674616668,-0.08083634079155766,0.6890105277882824,39.619998931884766,0.08875782694759797,0.042137199953386655,0.02417735686098036,0.01817204524963778,0.025517089636920162,0.014337509821300522,0.029366174354312637,0.01818659453869299,0.0011117378507571,0.6811803317774549,2020-03-06,0,0.5583216305458489,1
JPM,2020-04-14,,BMO,,,2.89,2.2,0.69,0.3136363636363636,,,,,yfinance,ec3977f25cc0,2020,5.5591168425145145,0.1682331811569484,0.07747180292736688,0.11516182894040239,-0.27838614568862696,0.8231033223726074,1.24131851587771,0.8441368508004253,0.5394469119947322,-0.4306196178552893,0.11103947033164596,1.1187266852730564,41.16999816894531,-0.03814837409817958,-0.09120960991579391,-0.12059519219031076,-0.0860036511303059,-0.082498454227113,-0.15914453749513008,-0.022651486845472874,-0.09929757011348994,0.00012593182891921877,1.0960325425606083,2020-04-14,1,0.5108730094387091,1
BAC,2020-04-15,,BMO,,,0.4,0.6,-0.19999999999999996,-0.33333333333333326,,,,,yfinance,535dccbc58b2,2020,-9.668029291329589,0.109396924701191,0.07667870038600433,-0.017798025988888466,-0.3231603362025528,0.7871645552211082,1.1371190829392304,0.8847122197968608,0.22445675156249495,-0.4881087180089786,0.05372791039353997,1.26040102045943,37.7599983215332,-0.033803643281969,-0.09585231544918944,-0.12288735917199442,-0.0776109102331351,-0.05481338934142877,-0.09759144875525938,-0.01761828967959009,-0.060396349093420704,-0.0004678425520377376,1.2817038255170243,2020-04-15,-1,-0.7071245093165581,-1
GOOGL,2020-04-28,,AMC,,,0.49,0.54,-0.050000000000000044,-0.09259259259259267,,,,,yfinance,bd006bfa6a2e,2020,-0.7810088881614315,0.01685420414772798,-0.025797680036503512,0.11018141337511334,-0.15023095420711785,0.35434499115738566,0.47391845824022405,0.5925681780977804,-0.3072772380589759,-0.30870826790673994,0.12749590817944445,1.0280880446797698,33.56999969482422,0.06290307077495946,0.0334611070743657,0.04842603065601007,0.07431388266126208,0.09361850791946662,0.07484787329163055,0.03167345833058122,0.012902823702745163,0.0004346893917722618,1.0134503000000514,2020-04-29,-1,-0.09722146145063608,0
MSFT,2020-04-29,,AMC,,,1.4,1.27,0.1299999999999999,0.10236220472440936,,,,,yfinance,1a6297e1f581,2020,1.809827021906599,0.022533358154952943,0.032289897808373436,0.1073456743860226,0.0558795510879333,0.449169719658237,0.4639148467713436,0.7325306699998069,-0.9429532260222303,-0.2823529392738191,0.12061914119929118,1.2624503255369435,31.229999542236328,0.0023310802626471117,0.03533752314024814,0.03614591316245418,0.025346686501154948,0.04836961735265577,-0.048147658431652945,0.028381204224429257,-0.06813607155987944,0.0015953359295310585,1.2406785355832959,2020-04-30,0,-0.0970347187710011,0
META,2020-04-29,,AMC,,,1.71,1.7,0.010000000000000009,0.005882352941176476,,,,,yfinance,95cd5cdc2135,2020,0.04081107762990721,0.06533905936948092,0.09730463412964374,0.17017177470615907,-0.1300900140748883,0.5590365527147204,0.5110650218909729,0.6593288247932375,0.5620033764165124,-0.32961435968328134,0.12061914119929118,1.0687682197426662,31.229999542236328,0.12186071269481898,0.10718169559501155,0.11453618553331339,0.07979014766477555,0.10648408448161323,0.11637731398693768,0.04243947938021183,0.05233270888553629,-0.00021771941734053594,1.0367804408585646,2020-04-30,0,0.29684924648318345,1
AAPL,2020-04-30,,AMC,,,0.64,0.56,0.07999999999999996,0.14285714285714277,,,,,yfinance,55083f3d9e31,2020,2.6754242162397515,0.06824706067331299,0.024800255645523128,0.15537376833534466,-0.0928459189723283,0.37276794606802527,0.48530431041050565,0.7039494365989023,-0.7555536349955243,-0.3142726566427494,0.1269835537781887,1.2322687989640189,34.150001525878906,0.0427758095488784,0.0547682672071626,0.05405895902553756,0.023406921038776417,0.034577842612064445,-0.01068211855550973,0.0200781752629731,-0.02518178590460108,0.0018597311732838464,1.2260866532905195,2020-05-01,0,0.09584944318693916,0
AMZN,2020-04-30,,AMC,,,0.25,0.31,-0.06,-0.1935483870967742,,,,,yfinance,8cc5ff617c74,2020,-0.9707772025358603,0.031069563211174822,0.02732755158717537,0.2689001176660717,0.32251375402049387,0.36435599272001307,0.41482781517363954,0.5063460268640926,-0.204952468477751,-0.2274470190513033,0.1269835537781887,0.7837408015929765,34.150001525878906,-0.048190675238397485,0.0007348788217279734,0.00361749648714833,-0.045679249412103676,-0.04537856824278849,-0.051823617363802074,0.010581034363408463,0.004135985242394887,0.0006661945536024663,0.7811864112374951,2020-05-01,-1,0.21830506572996938,1
XOM,2020-05-01,,BMO,,,0.53,0.05,0.48000000000000004,9.6,,,,,yfinance,a04ef7381fb0,2020,2.6245948383367383,0.06950518768090719,0.18697316499427363,0.22386093565267995,-0.2827596764307764,0.6634069750701752,0.6403154429133477,0.7580405070306561,-0.5625650772110322,-0.49864497062902,0.1269835537781887,1.0221884362439442,34.150001525878906,0.048093858251923235,0.013013153845410463,-0.010503938274024183,-0.0018077662241074988,0.006914961911158823,0.010372401797058294,0.0489218045150029,0.052379244400902365,-0.00267587532886428,1.0190010813638626,2020-05-01,1,1.9425494497853224,1
CVX,2020-05-01,,BMO,,,1.29,0.67,0.62,0.9253731343283581,,,,,yfinance,90f2f4fbe723,2020,2.348442233962344,0.05990779683661396,0.15014379868698868,0.269666038675324,-0.17414722854713938,0.6382361929794177,0.7068019415971784,1.0298831635221926,-0.5560834952399518,-0.5160656838838984,0.1269835537781887,1.1958026562724147,34.150001525878906,0.06385472974637041,0.04203240304410376,0.012090042559528728,0.02672228151570838,0.04211168861212348,-0.006402787634372452,0.036421910960416526,-0.012092565286079392,-0.001959003079005153,1.1920190981826868,2020-05-01,1,0.49529016268087445,1
WMT,2020-05-19,,BMO,,,0.39,0.36,0.030000000000000027,0.08333333333333341,,,,,yfinance,fdba6cf4636c,2020,1.7406041969089459,0.03226332720396874,0.032012926920361506,-0.03375721167463652,0.06712362039288733,0.16295935210347845,0.22331810181206027,0.5297559975979007,-0.3607284197836049,-0.1313965918980913,0.029165451173368107,0.5930985944165554,29.299999237060547,-0.04540248501967916,-0.013847146275348911,-0.02956727099811465,-0.02368747327842795,-0.0657495518942511,-0.12947095146341553,-0.04949179908539147,-0.11321319865455587,0.001209649497616312,0.6016953113236231,2020-05-19,0,-0.24147101042640506,-1
NVDA,2020-05-21,,AMC,,,0.05,0.04,0.010000000000000002,0.25000000000000006,,,,,yfinance,c6490c404979,2020,2.1291625896895083,0.09274017616342789,0.15134327095749933,0.22666440748779149,0.19362744350873284,0.4348029895558179,0.38931605088589083,0.912045930756263,0.6597051894396236,-0.30969037143923267,0.056538869345077014,1.4761022842084162,29.530000686645508,-0.039531809654640204,-0.10308514467612398,-0.047074562619995534,-0.03241189915694772,-0.0645917717735945,-0.05510255381581962,-0.08738670189020184,-0.07789748393242694,0.003034598196630325,1.4604950955153349,2020-05-22,1,0.5812672521893156,1
COST,2020-05-28,,AMC,,,1.89,1.89,0.0,0.0,,,,,yfinance,98dff2ee6e81,2020,0.0,0.015250381557298187,0.024558094096837735,0.015117183692495706,0.05605019070753148,0.11746958732265947,0.14870550948384997,0.4892038141060301,-0.6958222992543778,-0.1274863920179699,0.060336644984764654,0.6560760964707311,28.59000015258789,-0.03917952204637383,-0.018525900015419712,-0.0008083995993575701,-0.012300757600601347,-0.03456309378134437,-0.065580304645355,-0.026808330373482007,-0.057825541237492624,0.0013164030789484633,0.6546917315399488,2020-05-29,-1,-0.32846774612287355,-1
JPM,2020-07-14,,BMO,,,1.08,1.21,-0.1299999999999999,-0.10743801652892554,,,,,yfinance,9210faf57981,2020,-0.7201478046372753,0.027894752903988573,0.05464958838018208,0.004526308461580086,-0.005499550892155036,0.3800969665421641,0.4027041165587404,0.5203900794544795,0.20876343367463315,-0.19541647214904415,0.04733712012156266,1.3494554037478734,32.189998626708984,0.0201474874999006,0.06821562415853817,0.01899084768473025,-0.007501317719895801,-0.021366099225539514,-0.0006482942983337819,-0.010210197434001506,0.010507607493204216,-0.0005223845640750045,1.343699705705169,2020-07-14,-1,-0.17997530931499603,0
BAC,2020-07-16,,BMO,,,0.37,0.29,0.08000000000000002,0.2758620689655173,,,,,yfinance,7ada3f7b4315,2020,1.3415791344636083,0.06493506386273751,0.03578948974609375,-0.021868757272477723,0.10860747135689319,0.37203177194926074,0.4325456100364053,0.5812426379002568,-0.0792786295426855,-0.20217239918252672,0.04820068034174918,1.4775386726621484,27.760000228881836,0.03814763651860009,-0.06564845544215242,-0.04915176252637456,-0.05520772532018393,-0.0027495507631529123,0.01589807008635974,0.019068100070023165,0.03771572091953582,-0.0005579863589955956,1.4756971676615802,2020-07-16,1,-0.1338754792469357,0
MSFT,2020-07-22,,AMC,,,1.46,1.37,0.08999999999999986,0.0656934306569342,,,,,yfinance,62b8c7104855,2020,1.2861432432165314,0.017833141865009283,-0.005074481143462095,0.05574109920487236,0.2203203941115075,0.32209617691863707,0.2862395752473995,0.28002198126253564,0.2867145459974663,-0.053698395966668803,0.05228250109349264,1.1342002097364277,24.31999969482422,-0.039823830889659746,-0.03897207801846094,-0.024921599411492367,-0.031562019141978426,-0.03473973898954498,-0.04932713713811121,-0.0033651020068898928,-0.01795250015545611,0.0013194581205124485,1.126373003680324,2020-07-23,0,0.07239774079735702,0
AMZN,2020-07-30,,AMC,,,0.52,0.08,0.44,5.5,,,,,yfinance,c32c79264244,2020,6.838004259677822,0.02187470334886621,0.017327238294897462,0.10622657866322505,0.23358122801306513,0.5019373759238425,0.4687452236683735,0.35619668759733747,-0.12704610484507217,-0.07438440322875976,0.050590241421013094,0.6392594631742291,24.760000228881836,0.021170350152140263,0.021024587509807707,0.014609642465172268,0.007803694545998056,0.008770493046887866,0.02976509899283222,-0.02165004347961972,-0.0006554375336753722,0.001512967280104846,0.6361919421658464,2020-07-31,1,1.304179243931056,1
GOOGL,2020-07-30,,AMC,,,0.51,0.41,0.10000000000000003,0.24390243902439035,,,,,yfinance,0ced6950d7ca,2020,1.5215781679086413,0.014254178473553702,0.01547937285585066,0.08484900786929805,0.14232574223580063,0.2759739758988615,0.23096359034911892,0.2526665541422009,-0.6254901992817645,-0.06974809403172687,0.050590241421013094,0.9546925063160272,24.760000228881836,-0.05105306691471221,-0.04858373865960398,-0.03892429139530494,-0.051507836446251815,-0.059707434633348065,-0.021562049920199493,-0.01885845621515459,0.01928692849799398,0.0005620230309506871,0.950615700428729,2020-07-31,1,-0.05269983101250774,0
META,2020-07-30,,AMC,,,1.8,1.4,0.40000000000000013,0.2857142857142858,,,,,yfinance,b16c99edcbd7,2020,1.6724458001071851,0.008168503209921685,-0.026688220110619776,0.032721153988304774,0.14552289731381673,0.23608088452428708,0.2768625442202622,0.3412429453581187,-0.7226322922463994,-0.10799208664502612,0.050590241421013094,0.9690480794608911,24.760000228881836,0.10606794397931617,0.05514486040259288,0.0669707090470386,0.05912066969193993,0.10463241646946075,0.1429471600974594,0.031285621366951843,0.0696003649949505,0.0007785503744419121,0.9646737421950159,2020-07-31,1,-0.1661550435767435,0
AAPL,2020-07-30,,AMC,,,0.65,0.52,0.13,0.25,,,,,yfinance,c3deefdcc214,2020,4.123783489268045,0.036027800923301045,-0.0034447579188290334,0.05471497434365036,0.3095984538867742,0.33756581582337636,0.26813346528959386,0.2622019330300048,-0.15265829543459003,-0.05838396067488505,0.050590241421013094,1.1191033246347528,24.760000228881836,0.12315322580510005,0.12642008966785628,0.12290559456890021,0.1090086422461618,0.10156371491001301,0.13593063717179113,0.007842494514027028,0.042209416775805156,0.002173687311540364,1.1128192649069797,2020-07-31,1,0.13537260243331664,0
XOM,2020-07-31,,BMO,,,-0.7,-0.6,-0.09999999999999998,-0.16666666666666663,,,,,yfinance,653370de373b,2020,-0.4760652550340842,-0.041876471375411284,-0.05442637565154829,-0.0637299242178676,-0.09898864144572017,0.42977687180073165,0.38886040095712276,0.5067545720169826,-0.5622295501673045,-0.24442821808276555,0.050590241421013094,1.147945312171758,24.760000228881836,-0.022144565270821856,-0.021238728478744816,-0.04676667772852461,-0.0038221397563036937,0.012632536348229752,-0.07322354288404499,0.014598021066064068,-0.07125805816621068,-0.0020398707579336373,1.1415739751482052,2020-07-31,-1,-0.5060649236745269,-1
CVX,2020-07-31,,BMO,,,-1.59,-0.92,-0.67,-0.7282608695652174,,,,,yfinance,80d66e779976,2020,-2.273169846845515,-0.05208224790577276,-0.023653281494435685,-0.03317277375891947,-0.06228264518406079,0.48288452853282243,0.4094143496055996,0.43262323636087124,-0.570517457743427,-0.19856645122223657,0.050590241421013094,1.392226011222831,24.760000228881836,-0.08149663687545351,-0.060295217463340156,-0.0708801035093221,-0.03483025516782131,-0.030801278060679112,-0.08944990199932638,0.005958280571485088,-0.052690343367162204,-0.0011965057861522076,1.3854238938539962,2020-07-31,-1,-0.635563276983725,-1
WMT,2020-08-18,,BMO,,,0.52,0.42,0.10000000000000003,0.2380952380952382,,,,,yfinance,f3801b491b1d,2020,5.814821983185094,0.028207500097623628,0.04872395274165231,0.029300140892456694,0.06219647854376209,0.19891836859588022,0.15310257871709596,0.2113699706308513,-0.09322735703731445,-0.0614587427025098,0.05032326986191871,0.5179361892364492,21.350000381469727,-0.026004961499134747,-0.013387803851223318,-0.0027936923574847818,-0.023410053027958313,-0.04868205726970319,-0.0009615142259672034,-0.04062653100520646,0.007094012038529527,0.0003950644540533318,0.507777742211862,2020-08-18,1,0.181621181095101,1
NVDA,2020-08-19,,AMC,,,0.05,0.05,0.0,0.0,,,,,yfinance,88d1c5d47361,2020,0.0,0.061034487242884516,0.0754646276324955,0.17524330306585734,0.35323298241592593,0.47486293197897844,0.3860282187332249,0.381423536619763,0.2718010548243422,-0.06090687106746467,0.037598845738675335,1.3573955589555378,22.540000915527344,0.01576400507064147,-0.008002512368204592,0.019738109651338966,0.028029659359353414,-0.026873979484449077,-0.03919806931926276,-0.01894269583187931,-0.031266785666693,0.003937261445659628,1.3489177049001078,2020-08-20,-1,0.2318871660147935,1
COST,2020-09-24,,AMC,,,3.13,2.81,0.31999999999999984,0.1138790035587188,,,,,yfinance,cff038a1a241,2020,2.5581948522846405,0.023961269476478808,0.022001005058639445,0.0066432903068907034,0.154626830630741,0.14284331296514005,0.21590473323571863,0.18145338834446825,1.4909279590871685,-0.06381317179749103,-0.059920944466378745,0.6078217258385802,28.510000228881836,0.046204371265413345,0.016466679936107346,-0.007859322587663769,-0.012756260207387677,0.00179531305959966,0.029000833285085174,0.02468346824605453,0.05188898847154004,0.0003669936077086947,0.6051460382066182,2020-09-25,0,0.3450957663080121,1
JPM,2020-10-13,,BMO,,,3.09,2.24,0.8499999999999996,0.37946428571428553,,,,,yfinance,ae19434b7007,2020,4.547622135877878,0.0343295789019511,0.06530780511785106,0.013554989123564676,0.04307100495230909,0.17154987844127703,0.25114478361246806,0.2543052027194609,-0.03468240693626201,-0.10749370126680137,0.05499010732036358,1.3647762623654311,25.06999969482422,0.01470411999238436,-0.008021379111227703,-0.009683308506780577,-0.0014909678577513207,0.02371277987796827,0.16272468698409934,0.029617302492118695,0.16862920959824976,-0.001427283541143549,1.3595958256075615,2020-10-13,1,0.12629444188754185,0
BAC,2020-10-14,,BMO,,,0.51,0.5,0.010000000000000009,0.020000000000000018,,,,,yfinance,b220b2390e95,2020,0.1686088007216648,0.02379974984540456,0.04964241827729432,-0.031067931536331916,0.014227657562695395,0.23567717155356277,0.2710131691722534,0.28054910513651865,-0.5628061642673292,-0.13595838919165332,0.03447974272398824,1.4969083330969322,26.06999969482422,-0.029506013333261645,-0.037902077091171126,-0.0340767018194853,-0.01680104758005981,0.005585970228227723,0.10619955987325515,0.048102651708039006,0.14871624135306646,-0.0014376041215435227,1.488413957519699,2020-10-14,0,-0.3758660879665048,-1
MSFT,2020-10-27,,AMC,,,1.82,1.55,0.27,0.17419354838709677,,,,,yfinance,d45e12d0697a,2020,3.9655861605276828,-0.006522217266679897,-0.043121244655983326,0.01819135558719087,0.04503578629499616,0.21280021673699037,0.2669309775088788,0.3322532431646492,-0.4222662113371897,-0.13494493991139428,0.01205900460772602,1.1463368797896607,33.349998474121094,-0.003737637116194459,-0.005385523792163768,0.003404762547468172,-0.01444116115281092,-0.008898174635731324,-0.09886220782090589,0.002824698926628434,-0.08713933425854613,0.0011795409475878324,1.1417250094103946,2020-10-28,0,-0.025815803168115797,0
GOOGL,2020-10-29,,AMC,,,0.82,0.56,0.2599999999999999,0.4642857142857141,,,,,yfinance,909912c9f9b6,2020,3.9676617349766086,-0.030983511227175464,0.0009065200382032401,0.062281701238402265,0.04632551803433116,0.4335864613979524,0.3546660499262649,0.31146277407564416,0.31361601691686286,-0.17934192778785274,-0.014661540945805185,0.9660630446216468,37.59000015258789,0.0758287981461981,0.035410618445386094,0.062099804970168086,0.04171583264924713,0.06529407324648583,0.025546959642697285,0.017535487323876723,-0.0222116262799118,0.0003267929420744867,0.963216176064496,2020-10-30,1,0.2961554954808844,1
AAPL,2020-10-29,,AMC,,,0.73,0.7,0.030000000000000027,0.0428571428571429,,,,,yfinance,ae6a553474c3,2020,0.7853875905148171,-0.003714905444283212,-0.04465246815118051,-0.0042310497720339235,0.08526253883355284,0.3625297699571981,0.40643444172336185,0.4370071329091636,-0.8601824786076416,-0.20375613228681702,-0.014661540945805185,1.142689574628715,37.59000015258789,-0.01345322991354795,-0.05512744507592289,-0.038724003231079905,-0.062032849969974935,-0.04941947317949433,-0.1157717445730329,-0.003147014380459598,-0.06949928577399811,0.0021470782722662184,1.1407946165552858,2020-10-30,0,-0.3612047910106458,-1
META,2020-10-29,,AMC,,,2.4,1.91,0.49,0.25654450261780104,,,,,yfinance,b9711c0384fa,2020,2.029667877681174,0.009743964844872943,0.05290186445330325,0.07227946970958432,0.1070681933195412,0.5168408760099301,0.42426868039060256,0.4061846252057562,-0.1250741717116563,-0.18347540092039755,-0.014661540945805185,0.9919151084164353,37.59000015258789,0.03442936029719135,-0.06026372996851155,-0.03446517675473734,-0.07257182544399406,-0.015799548941451476,-0.1199064112875782,0.038031161625498175,-0.06607570072062854,0.0010241773440949355,0.9872674472300859,2020-10-30,1,0.07396089516328114,0
AMZN,2020-10-29,,AMC,,,0.62,0.38,0.24,0.631578947368421,,,,,yfinance,a77f3d0e8a57,2020,2.092457497388747,0.010895977759561859,-0.03823095390091924,0.019779490854505477,0.01463979395224091,0.2947452966738229,0.37026296513053003,0.36240661601908114,0.20709082525455852,-0.16325869966396916,-0.014661540945805185,0.6610184656834706,37.59000015258789,0.011566771710183279,-0.07966368840399228,-0.06329511539343574,-0.06969583663527702,-0.01778019214985426,-0.11374659992839418,0.03194705743431636,-0.06401935034422357,0.002145844604993942,0.6594847522441885,2020-10-30,1,0.12056732782359994,0
CVX,2020-10-30,,BMO,,,0.11,-0.27,0.38,1.4074074074074074,,,,,yfinance,782ec0d023ee,2020,1.154981221078256,-0.06267027763615585,-0.06407290093318152,-0.04444440205891931,-0.18036691624135714,0.3697629132368652,0.31178575180470963,0.28860348576677736,0.5889096612694682,-0.2631926878172173,-0.014661540945805185,1.3900581263490013,37.59000015258789,-0.031841393461095394,0.05071391806660554,0.06759981656072153,0.051028561390997235,-0.03708228715743159,0.16374355059846438,-0.06356185178320045,0.13726398597269554,-0.0019035638644063308,1.381466759127045,2020-10-30,1,0.17666238173599164,1
XOM,2020-10-30,,BMO,,,-0.18,-0.25,0.07,0.28,,,,,yfinance,22dbe35da488,2020,0.3393351591180846,-0.054216849011964996,-0.04296079853294166,-0.039615512316148904,-0.2164924005214386,0.4712718563406346,0.4068586258958173,0.32461600342908403,1.0551682282138235,-0.29797645457278443,-0.014661540945805185,1.1205323577218467,37.59000015258789,-0.04592361896478567,0.04118781993182331,0.07215843760551105,0.036266259258399165,-0.054330861883331104,0.11898722743958498,-0.05821713114651353,0.11510095817640256,-0.002878419132242929,1.1149892351284307,2020-10-30,1,0.06291691560390075,0
WMT,2020-11-17,,BMO,,,0.45,0.4,0.04999999999999999,0.12499999999999997,,,,,yfinance,e5e067d5a881,2020,1.9322588993580723,0.06200355154309878,0.08575496650361547,0.053417122230505765,0.1316160653612195,0.17647159112355962,0.18371056583093318,0.24655563706026423,-0.3853205158937492,-0.08389756266721428,0.043997807029684255,0.5234945248165636,22.450000762939453,0.03429123913932626,0.01656118342757807,-0.008688950327350023,-0.01418028360657685,-0.01141387128102258,-0.07039829026541311,0.006543619322421703,-0.05244079966196883,0.0006223385000106346,0.5213292038032095,2020-11-17,0,-0.056364130839295035,0
NVDA,2020-11-18,,AMC,,,0.07,0.06,0.010000000000000009,0.16666666666666682,,,,,yfinance,427968605664,2020,2.09394732135634,0.0008011489579129449,-0.026496511864817163,-0.015884367890511952,0.10606624380113638,0.593636009458477,0.5622857813159262,0.521397392429019,-0.5200631758445403,-0.16962326857579232,0.03756769093438295,1.384085813489162,23.84000015258789,-0.08322471502115374,-0.0288612121797302,-0.016949979217131577,-0.02991405944595919,-0.06490572007299754,-0.1452274860163533,-0.05587937889079472,-0.13620114483415047,0.004087100755234442,1.3765801035506655,2020-11-19,0,-0.2129773695984608,-1
COST,2020-12-10,,AMC,,,2.29,2.04,0.25,0.12254901960784313,,,,,yfinance,338d2a37407d,2020,1.8599187135394573,-0.003368478249340945,-0.03858153824649424,0.016829451502671455,0.09925398277200714,0.16624924349875278,0.1490588075386847,0.20306971646081778,0.2639349499062749,-0.06269332938099484,0.0358434135553245,0.6156913504875198,22.520000457763672,-0.032278254464879926,-0.018475289652698904,0.0014238911361079284,0.006066092331968188,-0.02472469130530297,-0.06016380983591762,-0.030804202664950125,-0.06624332119556477,0.0008348629212459489,0.6122038200770543,2020-12-11,0,0.027584385964291122,0
JPM,2021-01-15,,BMO,,,3.07,2.65,0.41999999999999993,0.1584905660377358,,,,,yfinance,8e087250b89b,2021,1.7355340706298628,0.0390078990375069,0.1261167635738527,0.19332201629091728,0.4086010422017723,0.27029545475293365,0.261187514178593,0.39144934888254435,0.1826089465507106,-0.07003175815472862,0.03784343677502866,1.321483108752324,23.25,-0.036811745879796604,-0.04426126618773924,-0.010074205095068787,-0.02134577451696401,-0.08158783759190769,-0.0046991476104611025,-0.07408444130621603,0.0028042486752305577,-0.0008199031289162482,1.316165798480344,2021-01-15,0,0.3604240851753431,1
BAC,2021-01-19,,BMO,,,0.59,0.54,0.04999999999999993,0.09259259259259246,,,,,yfinance,d6854b511971,2021,0.8640720800792373,0.014755596687627826,0.08907947552505413,0.152583764839892,0.3668736580933385,0.3946713295476212,0.31933845209248296,0.41859861925811986,-0.10859614476270779,-0.05742973201138496,0.01653187567218306,1.4483104676926537,24.34000015258789,-0.046842553847260514,-0.06265325171988864,-0.0667556558153879,-0.049515201595466345,-0.08882827053276597,0.0034060159897919403,-0.07131245427196913,0.020921832250588777,-0.0010763769749488454,1.4418989203465156,2021-01-19,0,0.15158759523185733,0
MSFT,2021-01-26,,AMC,,,2.03,1.64,0.3899999999999999,0.23780487804878045,,,,,yfinance,d9dbfcdb2251,2021,5.1321401538969775,0.0734152615524486,0.06823300364649199,0.05117182761724792,0.07445778301638817,0.23926889929007658,0.2443348430775568,0.2673174245690225,0.7533461618734965,-0.06083497468304183,0.04412765159698173,1.1505607099794153,23.020000457763672,0.09972925867457709,0.06205895413374835,0.05837605007881769,0.04508510931363405,0.04705294007551159,-0.023944468473466835,0.017321102378922145,-0.05367630617005628,0.000694450236896436,1.144533029683315,2021-01-27,1,0.4013530432668301,1
META,2021-01-27,,AMC,,,3.88,3.24,0.6399999999999997,0.19753086419753074,,,,,yfinance,42146ccf97ba,2021,2.577032144673877,0.01742187629245895,0.08383455580691468,0.017726330815804214,-0.017935011244072374,0.3578748268664038,0.3639953600412671,0.38631061605292394,0.5169414289496487,-0.16641779050160552,0.014661256536881773,1.017842972553555,37.209999084472656,-0.015599149714453043,-0.039877225007437976,-0.052103028669254994,-0.041100702322072205,-0.05575651792723216,-0.08237760580832884,-0.02017226029841511,-0.0467933481795118,0.0006329174399174805,1.0133242275322716,2021-01-28,0,0.14116825862945187,0
AAPL,2021-01-27,,AMC,,,1.68,1.42,0.26,0.18309859154929578,,,,,yfinance,a3143c8a92d6,2021,6.988976189160782,0.07596757458176717,0.10295026547093689,0.07645674202136576,0.23476743842140446,0.3002115545323155,0.34036698228475876,0.3354286084360853,0.5175774365653287,-0.07381669315289063,0.014661256536881773,1.1500032360627965,37.209999084472656,0.019111464579934595,-0.04532831011669533,-0.04336121362417307,-0.06222037735514184,-0.07633956922953616,-0.20456216046413211,-0.03005958944308048,-0.15828218067767638,0.001445932352888992,1.145184970824411,2021-01-28,0,0.47645160712585344,1
CVX,2021-01-29,,BMO,,,-0.01,0.09,-0.09999999999999999,-1.1111111111111112,,,,,yfinance,8299540ad4a4,2021,-0.30174423952047463,-0.03249652672257353,-0.04536196629419409,0.04852762123840071,0.28067895133421095,0.3472557950243656,0.2938275067181817,0.4505461371762593,-0.6900500148185179,-0.11775781021542547,0.01467069150679512,1.4020020247514384,30.209999084472656,-0.028633574418811376,-0.011523210623279153,-0.022928151615578544,-0.021496951155301813,-0.02587827225632828,0.12179101772179275,-0.01211826301179197,0.1355510269663291,-0.0012556093917414348,1.393439422864258,2021-01-29,-1,-0.4708384843704524,-1
AMZN,2021-02-02,,AMC,,,0.7,0.35,0.35,1.0,,,,,yfinance,22d0671591fc,2021,2.9333319330081236,0.016195979415845274,0.0830695476851111,0.03778714032616004,0.11325201611119917,0.35624495021227354,0.30377717094381823,0.29443657838334136,0.5463466407533019,-0.08638770918825266,0.020514557638781294,0.7132089536132408,25.559999465942383,-0.04195411649315686,0.0035707973423581155,-0.027258465681364016,-0.0265574509591957,-0.05413265176782801,-0.15334268526665057,-0.03183682176122177,-0.1310468552600443,0.0017765878908764816,0.7092278780167587,2021-02-03,1,0.3475941278832448,1
XOM,2021-02-02,,BMO,,,0.03,0.02,0.009999999999999998,0.4999999999999999,,,,,yfinance,7ed553d64648,2021,0.04973566371609573,-0.042217554211401276,-0.062017148852691384,0.07980768789906456,0.3624506067879163,0.28552193550392585,0.38299891961381316,0.4787507694994719,-0.2379323567814785,-0.1087259207193559,0.011398211949955162,1.1394245974648183,30.239999771118164,0.08272507727719564,0.03289472375583806,0.026604779653471113,0.04184349604558027,0.09207900779902638,0.25892129922359963,0.09045086801147001,0.25729315943604325,-0.0018797786239155368,1.135595914585047,2021-02-02,1,0.0050164157445750646,0
GOOGL,2021-02-02,,AMC,,,1.12,0.8,0.32000000000000006,0.4000000000000001,,,,,yfinance,9e04efa185a6,2021,3.9691918556812,0.005854474201373749,0.07545655498904069,0.09498809953106813,0.1874934970444717,0.4290237115307442,0.3555142687809669,0.2737380699011958,1.5205434352770792,-0.057398155520641383,0.020514557638781294,0.9791317050605499,25.559999465942383,0.07344693450058727,0.08936440923370377,0.057168620576284836,0.057632262753642714,0.06234988086167091,0.0661720967999363,-0.00933760305628882,-0.005515387118023456,0.0003669634889405944,0.9799966311790443,2021-02-03,1,0.6498857355913741,1
WMT,2021-02-18,,BMO,,,0.46,0.5,-0.03999999999999998,-0.07999999999999996,,,,,yfinance,38644b56d819,2021,-1.5292029095125133,0.009394466844858451,0.045677349282600144,0.017699098239742916,-0.022186820426282172,0.1107914338983163,0.17564020202169925,0.15019551134942297,-0.4372148011227371,-0.08848749388996804,0.04442374740251309,0.5214912995274903,21.5,-0.09603115196373702,-0.04246401809343184,-0.04878373356526782,-0.058405622794918954,-0.09853995456569373,-0.13741382859176549,-0.03510893219922142,-0.0739828062252932,0.0008314800459720827,0.5193246787146321,2021-02-18,-1,-0.349528903285041,-1
NVDA,2021-02-24,,AMC,,,0.08,0.07,0.009999999999999995,0.14285714285714277,,,,,yfinance,dedbbac403b4,2021,2.0434833436620345,-0.027304477253274673,0.01652843769051593,0.06194494871990086,0.1078297731752269,0.4235370708051219,0.4080455090624561,0.3437796812639281,0.4713354575625602,-0.07751012570379769,0.019199183339827508,1.3331959998693184,21.34000015258789,-0.1521164804068737,-0.05341415776119428,-0.009248522431306277,-0.017483889095511046,-0.11575340625365271,-0.1748861818858954,-0.06321181762566996,-0.12234459325791265,0.002371062611877461,1.3283463328705563,2021-02-25,0,0.18201139579126763,1
COST,2021-03-04,,AMC,,,2.14,2.43,-0.29000000000000004,-0.11934156378600824,,,,,yfinance,2ab0e2938578,2021,-2.1316524613764973,-0.04450429956033297,-0.10613023494823459,-0.10276162722087745,-0.1767984039769548,0.11912993864413558,0.14833480348618652,0.15975093864911885,2.091224149099877,-0.16808341970033408,-0.012711245553935435,0.5475735688479845,28.56999969482422,-0.024856518736017207,-0.030653842026643036,-0.039788991730122944,-0.0314230856944234,0.012822625372618347,0.0823216051316978,0.028314137284026486,0.09781311704310593,5.657222230697335e-05,0.5459580736049298,2021-03-05,-1,0.00018426427578457916,0
JPM,2021-04-14,,BMO,,,4.59,3.06,1.5299999999999998,0.49999999999999994,,,,,yfinance,d6dbcc574803,2021,6.322272924030293,0.010161289628814574,0.009235025738464353,-0.01319242804427756,0.11618973510720676,0.1618629699317347,0.20404813958789564,0.21945304356085013,-0.19615089042989756,-0.09428347192202269,0.04770844010923314,1.1764291375407936,16.649999618530273,-0.04807607551987053,-0.03870048794115527,-0.03843030208625685,-0.022353472357336965,-0.03560092612520305,0.033692249533444615,-0.02056153829578779,0.048731637362859875,0.0005255499824428143,1.222929506543645,2021-04-14,1,0.14253168299352673,0
BAC,2021-04-15,,UNKNOWN,,,0.86,0.65,0.20999999999999996,0.323076923076923,,,,,yfinance,91e194b99c4c,2021,3.7087250260537212,-0.004244648493975545,0.022826349098106435,0.056423869354045975,0.18478910424538642,0.1879193777626797,0.23834051557166977,0.2715488905008717,-0.48139133790169597,-0.12768466742047804,0.037940537337553204,1.420720043477249,16.989999771118164,-0.04813082934112576,-0.03299134955947389,-0.03245496479540885,0.011619061618385744,0.004175025297032151,0.07081263651815972,-0.001030950977960689,0.06560666024316689,0.0008105348703950164,1.3663312008451702,2021-04-16,1,0.049338134728697775,0
GOOGL,2021-04-27,,AMC,,,1.31,0.78,0.53,0.6794871794871795,,,,,yfinance,1608a795f618,2021,5.3999231059500294,0.005252307890078356,0.016212586546994867,0.13149901000590014,0.20075478603106012,0.1728794641772241,0.21842835822605158,0.30304071976578884,-0.25530966393064886,-0.05244923363948574,0.05439662970282466,1.189421482994873,17.559999465942383,-0.0018524413007773126,0.0184125334854217,0.026670504805857687,0.0353588865219779,0.011634352049762191,0.02018094901353927,-0.017673401094941716,-0.009126804131164642,0.0007384841105682444,1.1775538748435257,2021-04-28,1,0.4027161337313363,1
MSFT,2021-04-27,,AMC,,,1.95,1.78,0.16999999999999993,0.09550561797752805,,,,,yfinance,6d3f4cd2956c,2021,1.7756382118201341,0.014365334603855251,0.013462846213784907,0.10778926739550698,0.12757714955471822,0.160692524500169,0.19352377062314932,0.23314721873303704,-0.5074022340755665,-0.07453369262500183,0.05439662970282466,1.1267648658963123,17.559999465942383,-0.05536395934413822,-0.0358668124750496,-0.041173004303504075,-0.0430574944018525,-0.055500779437415666,-0.04279785992591455,-0.02757398758195803,-0.014871068070456921,-3.8005492496564824e-05,1.116556740899076,2021-04-28,0,0.009046206505894563,0
META,2021-04-28,,AMC,,,3.3,2.35,0.9499999999999997,0.40425531914893603,,,,,yfinance,68ff2bd9e5a4,2021,3.5881979794333407,0.018675174511612047,0.01413380449038315,0.05597963815861973,0.1284632526394216,0.17960674859281575,0.227871137611359,0.294935266693814,0.07548213563002952,-0.07037266377118934,0.0546262953758907,1.1998429115675924,17.280000686645508,0.05096207844892167,0.06197352714121273,0.0708019771679337,0.059144935848657626,0.037507355668568214,0.07296682573154814,-0.027700166684592097,0.007759303378387829,0.00030757934418961246,1.17026898922076,2021-04-29,1,0.194940821590527,1
AAPL,2021-04-28,,AMC,,,1.4,0.98,0.41999999999999993,0.4285714285714285,,,,,yfinance,2506d4bb0df8,2021,6.891024576608407,0.0005992646520951439,0.011739779338700185,0.10042015407115779,-0.05969305837867145,0.1717497591099214,0.2179563822119638,0.2995608749039844,-0.7256192816775037,-0.15306790066760395,0.0546262953758907,1.2887786196325983,17.280000686645508,-0.04680273408088856,-0.02250669237069699,-0.02398297877936781,-0.01742582480379442,-0.03893467481310004,-0.08731514038497484,-0.02910708569158308,-0.07748755126345788,0.0008988427858777159,1.2835951035632773,2021-04-29,1,0.25410879556023824,1
AMZN,2021-04-29,,AMC,,,0.79,0.47,0.32000000000000006,0.6808510638297874,,,,,yfinance,73e424758370,2021,2.414058756803316,0.049038454266885134,0.027291417139349905,0.13616390389762878,0.07217962277994605,0.17836114536496228,0.19177958902189218,0.24583777341622998,1.1176884333845407,-0.12664199016503327,0.06417040981751687,1.066908177313568,17.610000610351562,-0.025724970714603456,-0.023815566219717622,-0.02166384566955474,-0.018824820508282696,-0.05547047854399905,-0.06427828729834434,-0.06192885135572116,-0.07073666011006645,-0.0004101617470677519,1.0910635136688636,2021-04-30,1,0.604028324934649,1
XOM,2021-04-30,,BMO,,,0.65,0.6,0.050000000000000044,0.08333333333333341,,,,,yfinance,432bc0bfb3f6,2021,0.25510298946668003,0.06640126901663157,0.03439801860685887,0.03968954056280283,0.2796351903907397,0.237599666465087,0.23489527799217763,0.3256911737205262,-0.7719095519526358,-0.10892367059926633,0.06417040981751687,1.3158949792456123,17.610000610351562,0.09889124462895904,0.05832289580902984,0.012208613195631445,0.005751610562874345,0.055844975489057744,0.005327737711317163,0.07543373662283435,0.02491649884509376,-0.0005834716010721568,1.3196240460935167,2021-04-30,0,-0.2708191083667093,-1
CVX,2021-04-30,,BMO,,,0.9,0.94,-0.039999999999999925,-0.042553191489361625,,,,,yfinance,8e893ab9b7e8,2021,-0.12344491935360173,0.05894011646862496,0.03364923050229329,0.009157001962698308,0.20085380315732837,0.22327352157372368,0.19676759577217134,0.25851909369984505,-0.8366936354034746,-0.09510578023075841,0.06417040981751687,1.2297308254066834,17.610000610351562,0.06845461627422855,0.04400810862756367,0.00426739725227003,-0.004762363842277479,0.029320243280481023,-0.00793549913112645,0.05619039654035507,0.018934654128747605,-0.0008890744999758579,1.2280114371326722,2021-04-30,-1,-0.3890019634383515,-1
WMT,2021-05-18,,BMO,,,0.56,0.4,0.16000000000000003,0.4000000000000001,,,,,yfinance,46a60e9f2e45,2021,5.5825816063273415,-0.013705442136347501,-0.022727296518498252,-0.012232424862385627,-0.046478129064622675,0.18760095392127346,0.16533094832355583,0.21229701534909495,-0.5133093437772437,-0.13362773363751398,-0.004170111468219773,0.4173391655970409,19.719999313354492,0.012259975455742915,0.025541218111410996,0.023341008471400443,0.02669070185241278,0.02270789728407226,-0.01625361791610696,-0.002714496441979848,-0.04167601164215907,-0.00011274145871790228,0.41387278168014713,2021-05-18,1,0.01120770417334585,0
NVDA,2021-05-26,,AMC,,,0.09,0.08,0.009999999999999995,0.12499999999999993,,,,,yfinance,0c2641f29f4a,2021,2.0095923811712497,0.11618645809941919,0.1411127445642435,0.020690084043992085,0.17978583086837574,0.33802936484804247,0.3698929536398886,0.4485108206049958,1.0014056825922648,-0.16244332159970765,0.003712440964104724,1.4921790623230617,17.360000610351562,0.1731851680949049,0.035131567486763736,0.029074536676982395,0.029764241485992958,0.09645438774338813,0.1474654171029378,0.111798983844622,0.1628100132041717,0.0010546533772377072,1.4986710824772036,2021-05-27,0,0.22625269566624037,1
COST,2021-05-27,,AMC,,,2.75,2.28,0.4700000000000002,0.2061403508771931,,,,,yfinance,bcb85b5919c3,2021,3.001903122217781,0.010219546287501213,0.020999660754979832,0.04845911371945122,0.17069486404833834,0.11385699554560806,0.1814139216808703,0.18311564863089455,-0.4352689581481456,-0.06133760213344342,0.004528065826724159,0.5197955138426629,16.739999771118164,-0.01769914445268149,-0.015411588320125066,-0.02017503844830255,-0.024650687980825564,-0.022296990316917398,0.011255481377283362,0.002577080027471014,0.03612955172167178,0.00012751388346963913,0.5183393179551228,2021-05-28,0,-0.011002283160259349,0
JPM,2021-07-13,,BMO,,,3.78,3.17,0.6099999999999999,0.1924290220820189,,,,,yfinance,f1d13be7a800,2021,1.6411731016182323,0.012625785016442181,0.025641005322895483,-0.01496255603371921,0.013145258684667871,0.23489997417041775,0.2403961045393066,0.2061275516466451,0.2752775302954347,-0.1112713530449553,0.031798120173026856,0.7665180605091534,16.170000076293945,-0.050963871625201725,0.01602890551158739,-0.009633978753126132,-0.019722499735564145,-0.0510590535293376,-0.03075967925959029,-0.03735564540794238,-0.017056271138195064,0.001461923872193169,0.7720737388284912,2021-07-13,0,-0.031791257557260234,0
BAC,2021-07-14,,BMO,,,1.03,0.76,0.27,0.35526315789473684,,,,,yfinance,04d4a1019138,2021,3.9994181757701783,-0.005240805741752563,-0.04090473307905074,-0.04777830795122873,0.013733492363135147,0.3036729046892541,0.30558144908399987,0.2381576774128738,0.20128808218300934,-0.10376708183420376,0.026584334199523996,0.8494226233884369,17.1200008392334,-0.06069688180065991,-0.053820749688435365,-0.04535830286984904,-0.027615251282210988,-0.04278157941922735,0.0020230724958205486,-0.0147242303670598,0.030080421547988106,0.001697502154073608,0.8524508969047093,2021-07-14,1,0.030600303029122783,0
MSFT,2021-07-27,,AMC,,,2.17,1.93,0.24,0.12435233160621761,,,,,yfinance,100f6561ad56,2021,2.555393381788613,0.025848492880506724,0.019787875796133614,0.08120149582430103,0.09378939271569164,0.1530266197443993,0.14675507529875143,0.18070623921905585,0.08633825401756594,-0.06112506956247987,0.02906641860209591,1.3108034322584818,19.360000610351562,0.006735448560375196,-0.010048071560512498,-0.006396135285776778,-0.004113191343952223,0.0026580356042662837,0.03348760795605765,0.002787811409354369,0.033617383761145744,-0.0004517780678997504,1.3052626674449943,2021-07-28,0,0.1472529679008515,0
AAPL,2021-07-27,,AMC,,,1.3,1.01,0.29000000000000004,0.28712871287128716,,,,,yfinance,8ae7eeeb178e,2021,2.9161721585358613,0.004242288073003309,0.007758891015848368,0.10262191870989357,0.09211998615252681,0.2740942669488226,0.218558589956523,0.2138534988430431,-0.22579210822957504,-0.08092532594557257,0.02906641860209591,1.5942169528366632,19.360000610351562,-0.019594515102573325,-0.01136879123743418,-0.020246134405995965,-0.0129034575269339,0.0033939064571961407,-0.017009048413647705,0.014607328178063362,-0.005795626692780486,-0.00033250761187843324,1.5853081437331877,2021-07-28,1,0.159267729835252,0
GOOGL,2021-07-27,,AMC,,,1.36,0.96,0.40000000000000013,0.4166666666666668,,,,,yfinance,9383ca3cf1b4,2021,2.89630127112312,0.04508765647241919,0.035797399841410726,0.076659944546557,0.15147220621696822,0.25307336503798866,0.19562132492510909,0.20053944065110996,0.39379820710314123,-0.08045523580095186,0.02906641860209591,1.321823297803103,19.360000610351562,0.038878774573493695,0.014675240820390829,0.012803721595544663,0.02335140453517621,0.021080192672782806,0.03309963998366589,-0.010649872382396413,0.001369574928486674,0.0006053833250296932,1.313517690341033,2021-07-28,1,0.2829481519944706,1
META,2021-07-28,,AMC,,,3.61,3.06,0.5499999999999998,0.1797385620915032,,,,,yfinance,9ed2bc672767,2021,1.7912561253945911,0.07812721871194728,0.07378532789518877,0.04960067316468053,0.21549980905397192,0.3177101580377096,0.2589590342262867,0.28810779806095127,0.6080628583273372,-0.08181852196791371,0.02657492998133759,1.3691736257616123,18.309999465942383,0.02568809644569334,-0.04567254184313848,-0.02977447226052313,-0.04505305175953391,-0.0369382340068166,-0.04887614725670421,0.008965778002907866,-0.002972135246979736,0.0001541154124871508,1.3677854839559453,2021-07-29,0,0.1851655147515514,1
AMZN,2021-07-29,,AMC,,,0.76,0.61,0.15000000000000002,0.24590163934426235,,,,,yfinance,7665cd6d5d71,2021,1.0749995520836133,-0.010475462115609013,-0.008614206776596744,0.04401796109609246,0.03704939054254108,0.1828118855038853,0.23207193345047766,0.21378029873632987,0.0480997663342542,-0.09098408543112232,0.030278188730059163,1.2723719428082123,17.700000762939453,-0.09231433929319953,-0.07360678228353582,-0.07691745706586986,-0.06407922684127261,-0.07095254875544611,-0.07931854624861126,-0.002252155591627848,-0.010618153084793028,-0.0007927550337139006,1.267549183252515,2021-07-30,1,0.01090620973503769,0
XOM,2021-07-30,,BMO,,,1.1,0.99,0.1100000000000001,0.11111111111111122,,,,,yfinance,c16cc510049c,2021,0.5748500394551042,0.03186831860222972,-0.00033927832917424183,-0.05892683950254929,-0.00016963559155347419,0.34230538137696465,0.2773831639263407,0.293215797114901,-1.074802207730379,-0.1439839879477756,0.030278188730059163,0.920169926168486,17.700000762939453,-0.010547907294243009,-0.0022447218776285947,-0.010910586575464816,-0.018424426950780715,-0.026986755060158164,-0.09112791454151462,-0.007400519164027912,-0.07154167864538435,0.0009164381416854384,0.9077541385448984,2021-07-30,0,-0.5223402061644714,-1
CVX,2021-07-30,,BMO,,,1.71,1.6,0.10999999999999988,0.06874999999999992,,,,,yfinance,c586e44ed7bf,2021,0.3476440492014243,0.03794778396661358,0.012536985239946397,-0.011468797387300111,-0.040505161545825175,0.307814974088959,0.24608265031350451,0.27036147325674154,-0.5407668152193728,-0.13401316488856305,0.030278188730059163,0.9866046314632596,17.700000762939453,0.016342201868032633,0.015062228030801273,0.007349544334203473,-0.0023621587940094177,-0.009701911618058872,-0.05745965884769576,-0.007044724453460845,-0.054802471683097716,-1.7471840730633355e-05,0.9749835983897548,2021-07-30,0,-0.31368942205648587,-1
WMT,2021-08-17,,BMO,,,0.59,0.52,0.06999999999999995,0.13461538461538453,,,,,yfinance,33b02410bba0,2021,1.692799344356312,0.03551307977572482,0.059977518981686684,0.06491942974859044,0.08539135145013854,0.1524615140051365,0.11944841886380553,0.1302506641784588,0.893978832339896,-0.05090572010958108,0.03623592761049843,0.6050910758577782,16.1200008392334,0.020358556660103146,0.016603015689354076,0.007739527205868752,0.0005149690474341552,-0.010712455808176024,-0.03286835182716198,-0.014795072558379923,-0.03695096857736588,-0.0004791779290315068,0.600300322715461,2021-08-17,0,0.27390703047292186,1
NVDA,2021-08-18,,AMC,,,0.1,0.1,0.0,0.0,,,,,yfinance,739104e3ead9,2021,0.0,-0.03345339912116141,-0.06086609658198494,0.022995992641151153,0.3536427670254163,0.2425298763561714,0.2671979969948815,0.3314523226505966,-0.9824974900272007,-0.12259344497199819,0.018837273611972627,1.7170361930370648,21.56999969482422,0.10127856395158255,0.09542612185971308,0.07032440660677275,0.07369048210716489,0.11999499995326632,0.12237436158944587,0.08346573815994038,0.0858450997961199,0.0006297700172208324,1.7127301233368772,2021-08-19,-1,-0.3838686056881152,-1
COST,2021-09-23,,AMC,,,3.76,3.58,0.17999999999999972,0.05027932960893847,,,,,yfinance,ea21fa28b898,2021,1.030709918298179,-0.022727760753673776,-0.028243987623201128,0.002191261904094466,0.15484477343576697,0.12199796818206066,0.11881529271928422,0.12462905715104278,1.183763418471542,-0.03176372003996353,-0.01069269935904027,0.5818882911319571,18.6299991607666,-0.018589347825120842,-0.011479901177270987,0.011359640823783962,0.017730561660105344,0.0008646156755855172,0.04430358065389494,-0.03091261416234108,0.012526350815968345,0.0003315331899796946,0.5789508077811452,2021-09-24,0,0.1725127187215806,0
JPM,2021-10-13,,BMO,,,3.55,3.0,0.5499999999999998,0.18333333333333326,,,,,yfinance,c14a9326ca99,2021,1.4823621516260612,-0.019566008419927394,-0.004335267417901134,0.034405104335048176,0.06601344646399787,0.18923820695807758,0.24410656610401635,0.21069288109122036,-0.0844880332253223,-0.06188283440073107,-0.029020537965780413,0.981475217612971,19.850000381469727,-0.04063891768839571,-0.04375275319184571,-0.039404028110522696,-0.03303602790165974,-0.014514509534179858,-0.07307824537801186,0.016429824010750133,-0.04213391183308189,0.0010799397233488372,0.9722206851796502,2021-10-13,0,-0.03190206102434004,0
BAC,2021-10-14,,BMO,,,0.85,0.7,0.15000000000000002,0.21428571428571433,,,,,yfinance,c71873ac81c4,2021,1.829307004670305,-0.024864426923242422,0.0016252541286325695,0.08283130583387277,0.1109965839647935,0.18192885656976282,0.2546377870067573,0.23575580347024017,-0.6244307789993778,-0.07954815096719944,-0.020240044307754168,1.002734882416379,18.639999389648438,0.0006274033966584599,0.021595397751649825,0.03251718933392106,0.046721274111930014,0.03388309250152937,0.00438950500250593,0.007067161724819053,-0.022426425774204402,0.0015059957261608125,0.9759521837341419,2021-10-14,0,-0.04632291291276667,0
META,2021-10-25,,AMC,,,3.22,3.17,0.050000000000000266,0.015772870662460654,,,,,yfinance,4d104e7ad785,2021,0.16213644571943728,-0.01983060168517392,0.009955415925177125,-0.068761303267316,-0.10635924900588245,0.3461661047152008,0.33195332830103624,0.26806899674284007,0.8630647100201619,-0.1528337557734503,0.026221495426625552,1.3473989595987277,15.239999771118164,-0.06133931416969579,-0.08692220428044063,-0.04014806513282173,-0.045649763645619304,-0.018474792765521445,-0.0056876424357924695,0.021818420055412832,0.03460557038514181,-9.461563497317315e-05,1.335477166338199,2021-10-26,0,-0.09839102394318038,0
GOOGL,2021-10-26,,AMC,,,1.4,1.16,0.24,0.20689655172413793,,,,,yfinance,aa976fd8472e,2021,1.5988208042196859,-0.02742655408759609,0.020956525609344023,-0.01250073686128994,0.023619764244108277,0.2380192830937462,0.2621268782213926,0.18885544697998122,1.0942896170804441,-0.07957828031837869,0.030092120833720593,1.30580418580877,15.979999542236328,-0.02660546528597174,0.051713278367587344,0.04935089391259394,0.03807687315633092,0.02140640861352997,-0.010869539052013752,-0.032871710434425716,-0.06514765809996942,0.0010953989912489068,1.3043640906093772,2021-10-27,0,0.17684875763657745,0
MSFT,2021-10-26,,AMC,,,2.27,2.08,0.18999999999999995,0.09134615384615381,,,,,yfinance,083c76b86ad5,2021,2.0058614548895077,0.00609925801585165,0.058829487098800426,0.05418625691344947,0.08346720714475131,0.13146028866667,0.22273477312224507,0.17655880518218336,-0.3971948968704486,-0.07633833857474052,0.030092120833720593,1.112106877934661,15.979999542236328,0.0443884626072214,0.05494354624338344,0.04461179576673146,0.03944056181896182,0.052584863249161354,0.04947559045175884,0.005775789202166356,0.002666516404763836,0.00024998140602255046,1.1161768029521828,2021-10-27,0,-0.06002235010218971,0
AMZN,2021-10-28,,AMC,,,0.31,0.44,-0.13,-0.29545454545454547,,,,,yfinance,30a7ed99c80b,2021,-0.950489138753351,0.0033653638142188136,0.04445952508378581,0.04406084434751989,0.035755637436952314,0.2666710978737905,0.2307182869562105,0.1906304156509886,0.4639936587934938,-0.09522618672309151,0.054943018636198326,1.0313461574603098,16.530000686645508,0.002711358652227715,-0.02717047181615874,-0.0326049518788344,-0.03963608704713423,0.004770932780783501,0.04083151149762279,0.027448031046156923,0.06350860976299622,-0.0008964178438123579,1.0163306763948423,2021-10-29,-1,-0.0821606296540428,0
AAPL,2021-10-28,,AMC,,,1.24,1.24,0.0,0.0,,,,,yfinance,9ebd0a1e9cb4,2021,0.0,0.020671739931755972,0.06128278487770733,0.06819299424699965,0.04600306242828145,0.1458561506040291,0.1775898457623933,0.19288531365040043,-0.44903820765758573,-0.1120046127915569,0.054943018636198326,1.413269215676267,16.530000686645508,-0.025412937312212835,-0.00960013609726296,-0.015433268095780616,-0.027656361986626632,-0.034985190212611345,0.04540561768301814,-0.014667909420899163,0.06572289847473033,-0.0006629546740909373,1.3920262187547519,2021-10-29,-1,-0.16108527060493436,0
XOM,2021-10-29,,BMO,,,1.58,1.52,0.06000000000000005,0.03947368421052635,,,,,yfinance,9b400aa83bd1,2021,0.3195159708697951,0.02584142554430624,0.037258025138608764,0.07398123599629303,0.11707482889522214,0.2470564618223959,0.2552321355988069,0.27078484678212966,-0.2543778494392983,-0.096315322688094,0.054943018636198326,1.2396839265733692,16.530000686645508,-0.012097365711929976,-0.035522941005383085,0.004213107660738256,0.01404562527931165,-0.021045484287848828,-0.0766363688065453,-0.020128704981617198,-0.07571958950031367,0.0009456283499281377,1.2119244378321536,2021-10-29,0,-0.07829873111891592,0
CVX,2021-10-29,,BMO,,,2.96,2.19,0.77,0.35159817351598177,,,,,yfinance,2595d8866489,2021,2.48507734581646,0.012350142376903905,0.03961037850099536,0.09474499895523159,0.11108933758179429,0.18282132755033378,0.19581532200404902,0.2295520595344114,-0.8140199541630503,-0.08322797944180427,0.054943018636198326,1.1881247816807698,16.530000686645508,-0.012794329474711182,-0.01808777299780684,0.005717245341413024,0.0077472914866006,-0.012333245617041343,-0.0031963541010659995,-0.021908031806220675,-0.012771140290245333,0.00017598194881268832,1.1631666617738243,2021-10-29,1,-0.012658246688031977,0
WMT,2021-11-16,,BMO,,,0.48,0.46,0.019999999999999962,0.04347826086956513,,,,,yfinance,9f73ccaff790,2021,0.48144689545893266,-0.015810280316224,-0.01922689923102483,0.045250860525706926,-0.025149283886149232,0.08640935804629794,0.1285009577354537,0.12176552197192352,-0.18277900088091398,-0.10379666527705395,0.048354896706891415,0.5345632910363751,16.489999771118164,-0.012310475026117654,-0.03854390888526604,-0.03814425856994611,-0.03309255441455217,-0.002513381256198274,0.008402690396677001,0.024151468623436693,0.035067540276311975,-0.0008815565503064678,0.5277091480127833,2021-11-16,0,-0.10918781657222232,0
NVDA,2021-11-17,,AMC,,,0.12,0.11,0.009999999999999995,0.09090909090909087,,,,,yfinance,013d8be34bee,2021,2.003964325000076,-0.006721204273227532,0.1001203154217436,0.31274107122992745,0.4779775322466,0.7170089223540476,0.5386825457022985,0.42630044681291024,0.3272191134060302,-0.13619051809860316,0.03883365753405732,1.6368935020539017,17.110000610351562,0.08192767217879227,0.06322957209467563,0.09183802441768045,0.11974777965735008,0.10730435048261253,-0.017760159434300864,0.03113602247639869,-0.09392848744051471,0.0007279616927128125,1.649560029351871,2021-11-18,0,0.6366093074196205,1
COST,2021-12-09,,AMC,,,2.98,2.65,0.33000000000000007,0.12452830188679248,,,,,yfinance,cc82a529b813,2021,1.922854926844144,-0.00224542378613779,-0.04620443541618002,0.03070516777169474,0.12720357073243838,0.24988480149105233,0.20400724703370338,0.19791623258537153,1.224260104322173,-0.059027226833912344,-0.002203771595995274,0.687178213595781,21.579999923706055,0.034354610459314844,0.012885182812989587,0.05447088764233851,0.06136380430404553,0.05247466020655506,-0.0175082579453147,-0.006307324759120277,-0.07629024291099003,0.000587047744714463,0.6809511655360628,2021-12-10,0,0.29718011562280566,1
JPM,2022-01-14,,BMO,,,3.33,3.03,0.30000000000000027,0.0990099009900991,,,,,yfinance,dd9ed8c3bf9e,2022,0.8160110826883886,0.01637259174194572,0.0615219602653343,0.05718588930747548,0.029118458868850228,0.25606671839549994,0.22347461127033985,0.20295198609252138,0.5022615365972671,-0.10385374586485747,0.0025250635892666295,0.8400922412211098,20.309999465942383,-0.07804997942283691,-0.08194211874125153,-0.0785864954068786,-0.08888838731187702,-0.10037542792408974,-0.047988162725170626,-0.038572315948277966,0.013814949250641145,-3.074235740878578e-06,0.8379372756504545,2022-01-14,0,0.11118316815506575,0
BAC,2022-01-19,,BMO,,,0.82,0.76,0.05999999999999994,0.07894736842105256,,,,,yfinance,96221d0e0f67,2022,0.7234937885273923,-0.05456779004679768,0.0017323087013592087,0.0279999627007379,-0.0004321620201213072,0.34716056490056146,0.3013921763224292,0.2562950710446567,0.42723999059071205,-0.10771137480919613,-0.02135281747668938,0.9699167080709102,22.790000915527344,-0.00048237955856187537,-0.02694543472503688,-0.008912230718960303,0.008772797460430174,0.03935167143933581,0.037372180677392335,0.02592822088651838,0.023948730124574907,0.0007039455172884668,0.9858218992433992,2022-01-19,0,0.02605394565395596,0
MSFT,2022-01-25,,AMC,,,2.48,2.32,0.16000000000000014,0.06896551724137938,,,,,yfinance,5afcdc3363e3,2022,1.7132587034650846,-0.04678673037393988,-0.0820313732794109,-0.13803822005445,-0.06373937733167845,0.29931402057378353,0.26175518680341336,0.2590471941965676,2.1467850760721023,-0.15919092258775838,-0.07677434002171513,1.1029025275919646,31.15999984741211,0.026803648123262094,0.027845690792195607,0.033234944838461705,0.04639609376430409,0.020820902489637347,0.027692288205958867,-0.009953611756027636,-0.0030822260397061207,0.000601396336990592,1.1490441674261078,2022-01-26,0,0.16850328138105222,0
AAPL,2022-01-27,,AMC,,,2.1,1.89,0.2100000000000002,0.11111111111111122,,,,,yfinance,33c443ab4873,2022,1.967580759664399,-0.0321560601955585,-0.09291857615233723,-0.11194150715037143,0.06966741479322369,0.13842236856890858,0.19722921395546955,0.2603215902735923,0.8668721701410405,-0.12521286728172976,-0.09568646664716085,1.3409239249572231,30.489999771118164,0.04236939745040182,0.03541911459045852,0.04261917818670155,0.03902404219026498,0.028465325251286568,0.02137501073021411,-0.008345135825146663,-0.015435450346219123,1.371583638230269e-05,1.3268753158114173,2022-01-28,0,-0.07688691301580514,0
CVX,2022-01-28,,BMO,,,2.56,3.12,-0.56,-0.1794871794871795,,,,,yfinance,40c283a04c77,2022,-1.6466885542918648,0.05387308939939994,0.06314296057892554,0.14178473266487757,0.20790573289739522,0.25481620583943293,0.2056966624281894,0.20823062864719438,1.68225800943101,-0.04578781696010258,-0.09568646664716085,0.9784290521952494,30.489999771118164,0.04833700688612123,-0.02331492167093755,-0.04558623202037091,-0.06983876675035382,-0.03504828171340305,0.04200432746320541,0.023334704925789915,0.10038731410239837,0.000468512393800861,0.9160962770079216,2022-01-28,-1,0.4012852963689264,1
XOM,2022-02-01,,BMO,,,2.05,1.93,0.11999999999999988,0.06217616580310875,,,,,yfinance,08a48da50cee,2022,0.6530097660432371,0.04354991247526008,0.05690825353537554,0.24954758908500851,0.17822239252695682,0.20416544230127878,0.25700236536830456,0.2702346995839568,1.3622264715038532,-0.10849910633991643,-0.055128527801817206,1.0086091720949646,24.829999923706055,0.06904593686233101,0.022165053561869597,0.03408619227180487,0.04380194138158652,0.051898108948433726,0.07689191859152389,-0.004854480917950991,0.020139328725139183,0.0005225085308357576,1.0119438263444402,2022-02-01,0,0.6946546541708791,1
GOOGL,2022-02-01,,AMC,,,1.53,1.36,0.16999999999999993,0.12499999999999994,,,,,yfinance,afa519cb28d6,2022,1.1360991957434938,0.08436601283933332,0.012103090342895806,-0.04976118771885152,-0.04078828874572149,0.31573050671435354,0.29790385675322545,0.23889892526126388,1.0857193493762631,-0.15285459523885173,-0.046340701625451675,1.2416282015886249,21.959999084472656,0.04357452497241973,0.05355293857859591,0.06641032396512675,0.0579280991122617,0.015957038543503593,0.012970792580467152,-0.04683672544415822,-0.04982297140719467,0.0005263788838182871,1.2268217967148005,2022-02-02,0,0.06270595192339964,0
META,2022-02-02,,AMC,,,3.67,3.83,-0.16000000000000014,-0.04177545691906009,,,,,yfinance,51f534b891c4,2022,-0.526931937551028,0.09629024419448218,0.010669932417108896,-0.04590301929663898,-0.015483987991284143,0.4042354403435735,0.36796920872670413,0.3258308517678313,0.9549254218415965,-0.15229023203931286,-0.04261996967981996,1.2826384379416653,22.09000015258789,-0.2583573377268733,-0.2805039891407227,-0.24269154576961965,-0.24258231152094092,-0.2807776611122457,-0.35996625202674837,-0.047181264866618285,-0.126369855781121,8.789721563695033e-05,1.2930219270167986,2022-02-03,-1,-0.07440794368028117,0
AMZN,2022-02-03,,AMC,,,1.39,0.18,1.21,6.722222222222222,,,,,yfinance,924edf2ac4e5,2022,8.553203418880246,-0.005671773018056547,-0.08454013765632917,-0.17118048894944238,-0.1794000752658722,0.599995384472166,0.43751364302107204,0.3331587889573733,1.0686506146652286,-0.24868368241789102,-0.06480993085664322,1.0239333975583484,24.350000381469727,0.09194108090384773,0.08485324182157442,0.08351018587955647,0.1370953045666867,0.1260453956481183,0.07984291408583873,-0.005228141137056568,-0.051430622699336105,-0.0006868778780419452,1.0149186277714626,2022-02-04,1,1.3469862336478875,1
NVDA,2022-02-16,,AMC,,,0.13,0.12,0.010000000000000009,0.08333333333333341,,,,,yfinance,acc4c293533a,2022,1.9856628975878936,-0.007264566361912306,0.050273317113591176,0.02347217714168237,-0.12223949752037722,0.785523995154608,0.6824633923002662,0.6302858969426076,0.5866854515263992,-0.3425215542514285,-0.02166528147918767,2.1400419348986017,24.290000915527344,-0.008478234009020778,0.010175383482265203,-0.0566751157346588,-0.0535279710039112,-0.05302550088008983,-0.0042303628662948775,-0.022164585724507017,0.026630552289287925,0.0013340105768800444,2.156427704188993,2022-02-17,0,0.12035127840981191,0
WMT,2022-02-17,,BMO,,,0.51,0.5,0.010000000000000009,0.020000000000000018,,,,,yfinance,4fe3cc050b00,2022,0.24603445525919798,-0.03021285062854817,-0.05197023219927821,-0.06307892954223315,-0.06733254012566359,0.0884240947698355,0.15656014947090338,0.18241881215934,-0.1589941119917854,-0.08878128392022373,-0.02166528147918767,0.4750981867668442,24.290000915527344,0.012342170532584896,0.02960707681397407,0.0397121079330637,0.04630491139712027,0.03157683609293546,0.0919378807819573,-0.018111443618086975,0.042249601070934874,-0.00015537977722782526,0.4431825599974618,2022-02-17,0,-0.3357800368028969,-1
COST,2022-03-03,,AMC,,,2.92,2.79,0.1299999999999999,0.04659498207885301,,,,,yfinance,fb8360b431f0,2022,0.7447495058635603,0.05433364047288425,0.0403004730581733,0.0484647901366535,0.006058358702249578,0.21995910699918458,0.2191932466194011,0.2791082767701625,-0.012219193746311885,-0.1593074820711855,-0.03806164099201559,0.8760157534309579,30.479999542236328,0.0447096125760689,0.023297447977038255,0.0358159767611549,0.023055485812792362,0.014055532718741423,0.01343729545818521,0.02216911371264048,0.02155087645208427,0.0013201369482734046,0.907157264868124,2022-03-04,0,-0.04673530022417807,0
JPM,2022-04-13,,BMO,,,2.63,2.71,-0.08000000000000007,-0.029520295202952056,,,,,yfinance,f59ac15e7a58,2022,-0.22225795328900788,-0.013499348291539648,-0.06828162551181471,0.010524661108233246,-0.2146397458235113,0.20761246137705294,0.2638755368666236,0.3142950959919625,-0.6468670998027354,-0.23830443367282417,0.05105517636671908,0.8854539319654727,24.260000228881836,0.011509128187662074,-0.015933782279734018,-0.04670048151644179,-0.039547966559226315,-0.00315693585930224,0.001871243265025015,0.03871471971442884,0.04374289883875609,-0.0005342107034330279,0.8881414445764922,2022-04-13,-1,-0.3417895016799365,-1
BAC,2022-04-18,,BMO,,,0.8,0.74,0.06000000000000005,0.08108108108108115,,,,,yfinance,909949b2b1ae,2022,0.7388662040260426,-0.04620461343044624,-0.08854928233349157,-0.12219625316506244,-0.2294913661177732,0.16489399278016495,0.24440283240481395,0.33231644317247766,-0.4352015993490372,-0.23916567674837005,0.004981436692662822,0.955755408079227,22.700000762939453,-0.010128070386018968,-0.0011571273818758673,0.01608838557877308,0.036373104714218854,0.013463604409376927,0.009028956591638632,-0.020091987863085706,-0.024526635680824006,0.00011683219525156441,0.9662900472549318,2022-04-18,0,-0.4871956348472849,-1
GOOGL,2022-04-26,,AMC,,,1.23,1.28,-0.050000000000000044,-0.039062500000000035,,,,,yfinance,93a834528843,2022,-0.3399630412271277,-0.08737088143920324,-0.07897239196041683,-0.16250804281719078,-0.06526959618753259,0.3897371179480389,0.3214221476751359,0.3726518411361661,0.6712500428555492,-0.1983108005008182,-0.0808279311240735,1.3074285303156439,33.52000045776367,-0.015495287250489008,-0.004328002854070829,-0.03557977818789099,-0.03688207433928255,-0.010760679782357025,-0.05991732014523933,0.029956692040970814,-0.01919994832191149,0.00035747470069153175,1.2984986367849627,2022-04-27,-1,-0.3681677661352054,-1
MSFT,2022-04-26,,AMC,,,2.22,2.2,0.020000000000000018,0.009090909090909097,,,,,yfinance,9621e68e850e,2022,0.21842601416525967,-0.05285659732733183,-0.05272385904101673,-0.11018174480398224,-0.06332971552610533,0.3446651321294839,0.3304281640379464,0.34114921258385905,-0.1457338680269805,-0.1432738401341802,-0.0808279311240735,1.238885147139508,33.52000045776367,0.0580132549940965,0.053436035896569804,0.03300160365201677,0.03482694229914883,0.030671786944989385,0.02075251283625784,-0.013454891283201414,-0.02337416539193296,0.00048125912500891733,1.24512123932148,2022-04-27,0,-0.42997206785313086,-1
META,2022-04-27,,AMC,,,2.72,2.53,0.1900000000000004,0.07509881422924918,,,,,yfinance,13c2bb3f21ed,2022,0.61976661568535,-0.12708313268835092,-0.1830111261469477,-0.2175410357632609,-0.40620441214794945,0.5386372052634415,0.46229455349721515,0.7016279832404757,0.18562535375519956,-0.4583591425751016,-0.08475360123283227,1.7467794212038625,31.600000381469727,0.20508059492499964,0.20432096103389819,0.1391313385046739,0.17505849025355003,0.21737617734418307,0.20656767250372957,0.08338617138999134,0.0725776665495379,-0.0021384902440183956,1.7452664230522763,2022-04-28,0,-0.5307477021632934,-1
AMZN,2022-04-28,,AMC,,,-0.38,0.42,-0.8,-1.9047619047619049,,,,,yfinance,c1a605637720,2022,-2.9801645047620218,-0.024946785726155274,-0.07036410823134465,-0.1459912323358893,0.03551338101990731,0.49194770930989207,0.4086068176888113,0.5038355484979974,0.1780197859733558,-0.1839647671262703,-0.07310148657074456,1.2620877674573625,29.989999771118164,-0.1569726065210079,-0.10210129212517827,-0.08319166662079049,-0.09835205446688337,-0.16587463613021342,-0.15934872215741314,-0.07277816173152235,-0.06625224775872204,-0.0006076595938922456,1.2661187323471808,2022-04-29,-1,-0.9177053989146953,-1
AAPL,2022-04-28,,AMC,,,1.52,1.43,0.09000000000000008,0.062937062937063,,,,,yfinance,f79e7bd5439d,2022,0.8320265902142455,-0.01670471583874611,-0.03967133068644679,-0.08560575966402018,0.027760319903644026,0.38289344923571383,0.31452680988130466,0.32824168004855947,0.4616750684172004,-0.14556389743476106,-0.07310148657074456,1.2464763373680416,29.989999771118164,0.015457964231437995,0.013269737412575644,0.015542970870235524,0.0021762766974695157,0.005696626842601405,-0.0616850166243348,-0.0025889602881130173,-0.06997060375504921,0.0006569020456141579,1.2324843982741536,2022-04-29,0,-0.189961452727364,0
XOM,2022-04-29,,BMO,,,2.07,2.22,-0.15000000000000036,-0.06756756756756772,,,,,yfinance,cff755446d49,2022,-0.8297133681759846,0.0019533284077875024,0.004492563075873868,0.058637781238396025,0.16080928860468924,0.3236676505589536,0.2927519083230454,0.3551650842848381,-0.06390202299587687,-0.12360445004563035,-0.07310148657074456,0.40418225512838757,29.989999771118164,0.06311155320541904,0.06241821233129877,0.019271545258367197,0.0007691937649286669,0.057889646855753554,0.09769960499269485,0.06678153669810004,0.10659149483504132,0.001506505558671811,0.4052686356314198,2022-04-29,-1,-0.1379057250458794,0
CVX,2022-04-29,,BMO,,,3.36,3.45,-0.0900000000000003,-0.026086956521739216,,,,,yfinance,3f7174553473,2022,-0.2540565823598583,-0.016952293801684837,-0.057552309595118145,-0.015396871502652676,0.19516879014492083,0.35049686243352657,0.29749323279741346,0.32358717005255105,-0.5101155057576483,-0.1015009141321273,-0.07310148657074456,0.3623933426367132,29.989999771118164,0.03835800163561117,0.028118332658178133,0.019490308917231036,-0.00503152643551175,0.05643333022246241,0.06960710471383312,0.07696317169465648,0.0901369461860272,0.002021039182540282,0.3554836353182299,2022-04-29,-1,-0.3606615710325648,-1
WMT,2022-05-17,,BMO,,,0.43,0.49,-0.06,-0.12244897959183673,,,,,yfinance,b534917e1514,2022,-1.5034493617201055,-0.02048780524699223,-0.024805923699277477,-0.056468082874224224,0.10645756031963138,0.18225529997176546,0.1803835725251587,0.20591999933944669,-0.019225141835425022,-0.07750048784314915,-0.08611437326387228,0.2643963037609389,27.469999313354492,-0.18717249560576013,-0.2034828316412906,-0.17466715783655373,-0.17666354497486636,-0.16424987130096863,-0.195074761093236,-0.04468714142839498,-0.0755120312206623,0.00019162774840687032,0.272897661679202,2022-05-17,-1,-0.4002680400926001,-1
NVDA,2022-05-25,,AMC,,,0.14,0.13,0.010000000000000009,0.07692307692307698,,,,,yfinance,2178c05720fa,2022,1.9738550848793084,0.0021844761322420414,0.02074571485950827,-0.0964977493631427,-0.28520292405518655,0.8041315536650526,0.8355790837438639,0.710734368009915,1.0500229541490398,-0.43627864142944117,-0.04501324371927207,2.426681477674432,28.3700008392334,-0.02215477748160189,0.0005985489943228003,0.022868609254221087,-0.0051564283343232264,0.014536119833421783,0.025375160652735703,0.012679041853427768,0.023518082672741702,0.0014374225495969038,2.4177888775576424,2022-05-26,0,-0.0062502424575028165,0
COST,2022-05-26,,AMC,,,3.17,3.02,0.1499999999999999,0.0496688741721854,,,,,yfinance,5e86239c3b53,2022,0.8774330708611846,0.09944907735790931,-0.04358468624918754,-0.1607890992412795,-0.10145123768717224,0.7677020596870622,0.5939553929565983,0.39482493021816417,1.0751190965393869,-0.3151385559807478,-0.02866247698126756,0.7496502668258951,27.5,0.052454151313157456,0.005860592182574464,0.02456760972677568,-0.015170323523629797,-0.005076883117760157,0.01658316181073519,0.0027080290318101975,0.024368073960305537,0.001918455372760812,0.7444402303412686,2022-05-27,0,-0.18810250417517824,0
JPM,2022-07-14,,BMO,,,2.76,2.9,-0.14000000000000012,-0.04827586206896556,,,,,yfinance,a5a3c20da8e3,2022,-0.38949668016143685,0.0001787851690950859,-0.03375924747899628,-0.06390630861247892,-0.1585714010367716,0.21984305435125673,0.25098667848798006,0.30693520607808433,-0.815320300055538,-0.1538228616432942,-0.028142641262804635,0.8791051963367505,26.81999969482422,0.0018850578331766977,-0.0006910161909516504,-0.007185346143369728,-0.002814545236768537,-0.010804929765486346,-0.007982545776394782,0.021586900036510405,0.02440928402560197,-0.0004264498231269683,0.8731954791113394,2022-07-14,-1,-0.5440795832254588,-1
BAC,2022-07-18,,BMO,,,0.73,0.75,-0.020000000000000018,-0.02666666666666669,,,,,yfinance,2a9b1d9f0005,2022,-0.2513082752383311,0.01446992989069007,0.035978184048425677,0.025111282216065067,-0.16924265189265786,0.43948037794546946,0.342375401474193,0.35725497993774186,-0.09641011541659265,-0.24029250436992522,0.0301174470074701,0.9916337960002374,24.229999542236328,0.04376862359164341,0.04059120649146317,0.0673415707374102,0.015657746473360417,0.01844304430226357,0.011478938845313712,0.010197789376807681,0.003233683919857824,9.573700346163389e-05,0.9726331049726726,2022-07-18,-1,-0.17694261755126772,0
GOOGL,2022-07-26,,AMC,,,1.21,1.29,-0.08000000000000007,-0.06201550387596905,,,,,yfinance,aa790bdd7f7c,2022,-0.5429329840447035,-0.0772339961698173,-0.0789375903945796,-0.10981141766148428,-0.14669224386613688,0.42443193492290965,0.40328465608645414,0.425974160157932,-0.02547551838199842,-0.14101802471813718,0.002076569175696097,1.262298799755544,24.690000534057617,-0.027743325869567067,0.02528346480566493,0.030275978651164655,0.038653544141276516,0.04657164877540669,0.011505745031642839,0.002488216706699551,-0.0325776870370643,8.7162380969383e-06,1.250259928586428,2022-07-27,-1,-0.4499013081998986,-1
MSFT,2022-07-26,,AMC,,,2.23,2.29,-0.06000000000000005,-0.026200873362445438,,,,,yfinance,33d6f9dcd0f7,2022,-0.6484075035325371,-0.029399317684662085,-0.006977586175887063,-0.05902135819974341,-0.102664602446907,0.23163040633754964,0.26561156068228414,0.3642651282238257,-0.6284535612622537,-0.1645631239104342,0.002076569175696097,1.2376940302217447,24.690000534057617,0.017892774404931075,0.02535216543499764,0.035319002757922366,0.047760151756705685,0.04393847549800609,0.019755743534787415,0.009140018525388904,-0.01504271343782977,0.00018638281058040035,1.2272441371105367,2022-07-27,-1,-0.4969689237173599,-1
META,2022-07-27,,AMC,,,2.46,2.55,-0.08999999999999986,-0.03529411764705877,,,,,yfinance,2fb4924a2fcd,2022,-0.2996209759184489,-0.07378881848849561,0.037249961057376435,0.0005309831551940647,-0.06283501137852854,0.7400460277136841,0.5977115077355307,0.6857063970675045,0.06921650044019945,-0.3024036365926259,0.03203894162063192,1.7871055396159716,23.239999771118164,-0.1265548007415486,-0.09474157058045646,-0.08524468050797847,-0.10658520715766202,-0.037197138106403106,-0.037650868201771125,0.03536804580684645,0.03491431571147845,-0.0019902169650576375,1.778662352534006,2022-07-28,-1,-0.18891273209779685,0
AAPL,2022-07-28,,AMC,,,1.2,1.15,0.050000000000000044,0.04347826086956526,,,,,yfinance,fda60c219ab4,2022,0.4716012638954029,0.012874154627759316,0.05981009503470158,0.14486323711029803,0.004981789249595359,0.27544264492925236,0.24212478254974765,0.40297589854378285,-0.9079808493846627,-0.2166004444551876,0.0667805433740456,1.277985979973933,22.329999923706055,0.010630306420190342,-0.0033125277815837756,-0.002379584222766838,0.010626893629198267,0.023914802981317415,0.029662548376963624,0.010292197527757452,0.016039942923403654,0.0006118750065503237,1.2729906811550618,2022-07-29,0,-0.09049845494850522,0
AMZN,2022-07-28,,AMC,,,-0.2,0.12,-0.32,-2.666666666666667,,,,,yfinance,44687bb26086,2022,-0.9939310246996735,-0.018855801379363712,0.10530599127822882,0.13854745849172545,-0.11498409758326777,0.5017971667358809,0.4262867828802036,0.5908381686990856,-0.7540593313951999,-0.2924448380355321,0.0667805433740456,1.5704663886346648,22.329999923706055,0.08407803301841195,0.09862652974104422,0.08260604483519002,0.09056239391508912,0.1243563131808763,0.09860303437777643,0.042741503495304825,0.01698822469220495,-0.0010127657414465904,1.5785054748889948,2022-07-29,-1,-0.6150439859907038,-1
CVX,2022-07-29,,BMO,,,5.82,5.03,0.79,0.15705765407554673,,,,,yfinance,aa0daa880e42,2022,2.2715582538967896,0.034319158890175894,0.10629687133094268,0.003001180078131771,-0.03744243406194436,0.24137299520023936,0.2711744494644392,0.37103729513812966,-1.028064007748827,-0.24948932381823366,0.0667805433740456,0.4713865150098647,22.329999923706055,0.015707206796497522,0.048717485146739806,0.05799863439539344,0.05868754928841428,0.0025514254285923816,0.035780404469414384,-0.0772960919803598,-0.04406711293953779,0.002543665355961544,0.4557318156065908,2022-07-29,0,-0.2941296537065227,-1
XOM,2022-07-29,,BMO,,,4.14,3.89,0.24999999999999956,0.06426735218508986,,,,,yfinance,226339a5512f,2022,1.382965200587464,0.055726488770922344,0.11426509585929612,0.01245900972293379,0.09451795909368133,0.25036336292023537,0.33741301139753155,0.4111289637368898,-1.2280787777334594,-0.20508650635138545,0.0667805433740456,0.47430175280586406,22.329999923706055,-0.03411359771027348,0.01682534124069026,0.013703134697868567,0.010429246403791996,-0.06752920358656117,0.0048869374288550115,-0.10448596333769258,-0.03206982232227641,0.002619075245031085,0.46180070014747293,2022-07-29,0,-0.38554949004419464,-1
WMT,2022-08-16,,BMO,,,0.59,0.54,0.04999999999999993,0.09259259259259246,,,,,yfinance,5c72437f1f16,2022,1.1767023810310724,0.039103531499097954,0.0004527038846879883,0.02734949006983234,-0.1043565931188889,0.25424142391654286,0.3681418510383033,0.3828145914591054,-0.2440929947945249,-0.20187568523827934,0.11354602319820861,0.3180872791391896,19.950000762939453,0.05710351788016774,0.06712078330033412,0.0570184491254886,0.0548871083915176,0.027760152007448014,0.05767706391741368,-0.023238160721834804,0.006678751188130865,-0.0005631956482417829,0.31689758667845813,2022-08-16,0,-0.1168527560033742,0
NVDA,2022-08-24,,AMC,,,0.05,0.05,0.0,0.0,,,,,yfinance,b2eb3081bf42,2022,0.0,-0.060703518842545656,-0.048350555014523566,0.041674175080127496,0.06611370792651328,0.47465110971744234,0.552661820064602,0.578060779214031,-0.7226370575630416,-0.25872802854403054,0.05827725939682793,2.3329445051298716,22.81999969482422,-0.10161236698870435,-0.013357170596032938,-0.01339375033801257,-0.007690134533426984,-0.10927570920125063,-0.05042832497222445,-0.1159764268264136,-0.05712904259738742,0.0006613547260407376,2.3205928226248638,2022-08-25,-1,-0.2820208737412032,-1
COST,2022-09-22,,AMC,,,4.2,4.2,0.0,0.0,,,,,yfinance,a594fb23cd65,2022,0.0,-0.03243294254670437,-0.07928254852694083,-0.1012784200466712,0.02562108090049353,0.2964567028491623,0.2708326896273037,0.24780595135544842,0.3321468481820166,-0.13154236604140523,-0.09246999955964696,0.9400436392058751,27.350000381469727,0.008307765939719096,0.004533434970451443,0.004945200658470775,0.010079950690264856,0.00755453429143471,-0.04007124067191366,0.03551048576124739,-0.01211528920210098,0.001058027789989652,0.9391985552428291,2022-09-23,-1,-0.30605851004210577,-1
JPM,2022-10-14,,BMO,,,3.12,2.85,0.27,0.09473684210526316,,,,,yfinance,9175ce4147f7,2022,0.7483730679532496,0.011374175734010006,0.03023736787622555,-0.05812951981004566,-0.031695389981290956,0.49650768136206586,0.3900312652469766,0.2970502542865497,0.754084752179228,-0.1752810697271629,-0.07255449680682968,0.8722308470381847,31.940000534057617,0.13562311774508845,0.1288690516748444,0.09210169731458902,0.05831597734729445,0.1002324899397601,0.16309876261568318,0.06271177519897539,0.12557804787489843,-0.0010996711267634248,0.8679849529319864,2022-10-14,0,-0.06102159714170739,0
BAC,2022-10-17,,BMO,,,0.81,0.77,0.040000000000000036,0.05194805194805199,,,,,yfinance,2a6704843aea,2022,0.5047750753398601,0.030894333754128533,0.04966887291740596,-0.08142560693317669,-0.01735888368661065,0.4688367551717683,0.38345356988704965,0.3092898357944085,1.320219573407051,-0.1874999739717704,-0.0832820430663016,0.9484061786865379,32.02000045776367,0.10439892164118753,0.10447122905818908,0.08713169589955308,0.06461345278287237,0.05473033058818306,0.10096383799120608,0.01741661018955058,0.06365011759257362,-0.0008375837155791257,0.9375284603382918,2022-10-17,0,0.013225325792618647,0
MSFT,2022-10-25,,AMC,,,2.35,2.31,0.040000000000000036,0.01731601731601733,,,,,yfinance,c0140e747e53,2022,0.40853330597880316,0.05098534030234547,0.11201809853057743,0.055632793782459444,-0.06727687441120167,0.3233552923359237,0.37960721084770077,0.3081235727241549,0.03230551641845428,-0.23191466683304868,0.056572743013526106,1.2341694315901446,28.459999084472656,-0.08787259726393729,-0.06951490332530816,-0.08677612795867769,-0.08100566264124694,-0.09302805177056298,-0.05914021937191043,-0.025172443864143686,0.008715388534508857,-4.830764881412269e-05,1.2280671495531796,2022-10-26,0,-0.043286722532129715,0
GOOGL,2022-10-25,,AMC,,,1.06,1.26,-0.19999999999999996,-0.1587301587301587,,,,,yfinance,22e337ceeb2a,2022,-1.345753343409239,0.036816580703165735,0.07511836827365204,0.06427630952105234,-0.07588885889736152,0.2636148651032002,0.30382513141055273,0.2998822394497534,0.5843844253048105,-0.2164973780206196,0.056572743013526106,1.335334230194518,28.459999084472656,-0.15095667710971966,-0.09350805728800951,-0.10408093768554215,-0.102264460643356,-0.1397443540072226,-0.10253599204732412,-0.058641328117226305,-0.0214329661573278,-0.0002886783069245766,1.3290745692397516,2022-10-26,-1,-0.007524257718248273,0
META,2022-10-26,,AMC,,,1.64,1.85,-0.2100000000000002,-0.1135135135135136,,,,,yfinance,bc262e5515ab,2022,-0.7005290892862548,-0.025594749776123082,0.018196135876225483,-0.0340772825911968,-0.19225979132523796,0.5695615145878224,0.4996133241362525,0.4523432762468783,1.9144917673829653,-0.29924261947073455,0.05129611943527457,1.8064679681554427,27.280000686645508,-0.3581711975812992,-0.3168914913979198,-0.303504287771204,-0.2626884419234077,-0.2779296011505259,-0.1680876263469308,-0.04352560035315219,0.06631637445044285,-0.0015766578889073741,1.7959169216625834,2022-10-27,-1,0.16611964982512795,0
AMZN,2022-10-27,,AMC,,,0.28,0.21,0.07000000000000003,0.33333333333333354,,,,,yfinance,480615fd1619,2022,0.21494028425228803,-0.03722343527572536,-0.013951832505600836,-0.059740724719412386,-0.17776953246594362,0.5777778706969086,0.47669936529896045,0.4017772101934513,0.9474923620071708,-0.2616383310733575,0.02550404080145774,1.6479118873088394,27.389999389648438,-0.2794090272724784,-0.21333409872811132,-0.13665224948093088,-0.10472366713594213,-0.17850408272074952,-0.2241103904243035,-0.07136201440555284,-0.11696832210910676,5.5829638947617766e-05,1.641136879553791,2022-10-28,1,-0.0008739215577472995,0
AAPL,2022-10-27,,AMC,,,1.29,1.27,0.020000000000000018,0.015748031496063006,,,,,yfinance,07d779c77f00,2022,0.19215125793895632,0.009833347291381411,0.012658210287853189,-0.03363583428531047,-0.10897786015452215,0.3590342799554807,0.3914905305353204,0.32471786465978797,0.19383790864816708,-0.20824981648804136,0.02550404080145774,1.2599435318179437,27.389999389648438,-0.07919968410484593,-0.011656897760522285,0.012622103291687111,0.037411355556179866,-0.035713715972135386,-0.06983630181865047,-0.08050354501811255,-0.11462613086462764,0.0010035261378686024,1.2508748022681244,2022-10-28,0,-0.19276883076437773,0
CVX,2022-10-28,,BMO,,,5.56,4.92,0.6399999999999997,0.13008130081300806,,,,,yfinance,3bf1b8c5afde,2022,1.7201235263266106,0.0529118538551967,0.07635524691671458,0.2203319754846167,0.08621318367583464,0.26597697256556474,0.33651776802542427,0.3255773775512388,-0.2669403470465246,-0.14377693899598784,0.02550404080145774,0.464261933997766,27.389999389648438,0.04696809957187566,0.03147570907222208,0.010213992194758435,0.005118824809985045,0.023338336402898598,-0.056390981418651315,0.024732107232365436,-0.054997210589184484,0.001973077779878034,0.4671018838161536,2022-10-28,0,0.29708152974974017,1
XOM,2022-10-28,,BMO,,,4.45,3.82,0.6300000000000003,0.16492146596858648,,,,,yfinance,43b3d3e67fb1,2022,3.454226280907526,0.034831162666721927,0.05575733927587789,0.2103308835587494,0.10956363059058982,0.24092673535197764,0.34233111895688645,0.34625443712473236,-0.2087730642682525,-0.16120654161887182,0.02550404080145774,0.45975100242658884,27.389999389648438,0.03996666516966271,0.04513043242732538,0.02224895590530853,0.01817918528329021,0.03486593079395979,-0.042646992986016555,0.018793533463310422,-0.05871939031666593,0.00222425902996278,0.46202945220564196,2022-10-28,0,0.384213693231693,1
WMT,2022-11-15,,BMO,,,0.5,0.44,0.06,0.13636363636363635,,,,,yfinance,496aff31ed23,2022,1.42772311364641,-0.028501211209891575,-0.0276821110582669,0.06102895751015591,-0.007031666146206983,0.23343434410396635,0.20624412303647757,0.21325205182373447,0.5057742871755923,-0.07855509158718196,0.10482898448819933,0.4059485015046464,23.729999542236328,0.04357642215650919,0.041351848640107894,0.04602027134314188,0.07205071460006224,0.08853734469668292,0.054331664375898925,0.02667739057626571,-0.007528289744518257,8.466268319249232e-05,0.40453248545079373,2022-11-15,0,0.15684822548823896,0
NVDA,2022-11-16,,AMC,,,0.06,0.07,-0.010000000000000009,-0.14285714285714296,,,,,yfinance,a5e97019b2e2,2022,-1.9748417658131516,0.15490707178995233,0.20357061901031703,0.3294894156654893,-0.15250629949284011,0.8763731532244026,0.6688337599658436,0.6395727362716846,0.1852925226612277,-0.37324846929230476,0.06552961766564258,2.22617527228204,24.110000610351562,0.02379169002070489,-0.0535669232082051,-0.061126033539237214,-0.033430236508452414,-0.009408354066851456,0.13385743406905476,-0.0023237517272751557,0.14094203640863104,-0.0007922421681789654,2.2118720895298423,2022-11-17,-1,0.39512105327128844,1
COST,2022-12-08,,AMC,,,3.1,3.16,-0.06000000000000005,-0.018987341772151913,,,,,yfinance,4aa7b63fce1f,2022,-0.3619580130141288,-0.04453612625771597,-0.09929087125349034,-0.023013223705560693,-0.10279921336107734,0.3516413245127782,0.34220642168314447,0.3186356094903963,0.5391970755654547,-0.15730653648126544,0.037277461346531426,0.9433107613916214,22.290000915527344,-0.038143603801995454,-0.008409812719548103,-0.0042080644837509,0.005007445863589149,-0.015083055486593486,0.0008203376571969626,-0.02469617686228499,-0.008792783718494545,0.0007216647037690801,0.9385741757637249,2022-12-09,-1,-0.11957982410614547,0
BAC,2023-01-13,,BMO,,,0.85,0.77,0.07999999999999996,0.10389610389610385,,,,,yfinance,d15f32900911,2023,1.0285414423775652,0.011740579086053637,0.051876739065980004,0.053162288506036104,0.15438715727130337,0.1498468265144663,0.15516795261101093,0.304675301061476,-0.1047855711194502,-0.17469406693904857,-0.004988145609882588,0.9731261892965887,18.829999923706055,-0.03998712023858734,-0.01134790128900944,0.0003146218857373491,0.0007800325167078188,-0.009957287852287819,0.005495615071934917,-0.02869177442150051,-0.013238871497277767,-0.0004307239440024239,0.9651605177465525,2023-01-13,0,-0.036067471661321224,0
JPM,2023-01-13,,BMO,,,3.57,3.1,0.46999999999999975,0.15161290322580637,,,,,yfinance,69cc119375e7,2023,1.3274265031318502,0.03058736019917263,0.053072613792649825,0.039341319686792886,0.34629866491119166,0.12142007139616928,0.14988046993939375,0.2507885044597622,-0.42952433470217705,-0.06433637184007887,-0.004988145609882588,0.9063542865498667,18.829999923706055,-0.03130981093767292,-0.014941204720136367,0.004400960233948769,0.008420002523750417,-0.022102357740357178,-0.007593111787137105,-0.04410759627923465,-0.029598350326014572,-0.00023313469408886095,0.8925364555051962,2023-01-13,0,-0.12098899300404703,0
MSFT,2023-01-24,,AMC,,,2.32,2.32,0.0,0.0,,,,,yfinance,007aa7cb7cd2,2023,0.0,0.007031359016855365,0.06569213847176703,-0.009777848305296155,-0.00033042223966661677,0.27598494542857765,0.31298798234106845,0.38959636700602024,0.18512274773743193,-0.1452565352675499,0.0361701598097659,1.2792859344791638,19.200000762939453,0.011661700795162091,0.0022650975747976155,0.00979093961809606,0.010543412498289481,0.011391467524507589,0.05545850489061557,0.017670291665680345,0.061737329031788316,-0.00010662435307535209,1.273659628412049,2023-01-25,-1,-0.1595894531735756,0
CVX,2023-01-27,,BMO,,,4.09,4.3,-0.20999999999999996,-0.048837209302325574,,,,,yfinance,edfe1c02165e,2023,-0.5497338447070607,0.049106107743758676,0.07186071094287727,0.058568206015334745,0.07351512690100281,0.28448590551989,0.2570316514388727,0.26139016395586456,0.4463258116408005,-0.10662059413122883,0.05703689151240576,0.5723893641923687,18.729999542236328,-0.10339765858352332,-0.05261017230312696,-0.030144778382371958,-0.07093018378400295,-0.12135518627561992,-0.1628462090335457,-0.07406562305582678,-0.11555664581375255,0.0015635789908397587,0.5721780971621555,2023-01-27,-1,0.005869868438891077,0
XOM,2023-01-31,,BMO,,,3.4,3.28,0.1200000000000001,0.03658536585365857,,,,,yfinance,97ca7a1ff754,2023,0.5677821796536179,0.007094673707054078,0.003623473505840691,0.04779480011485626,0.05588093292701868,0.2994036763440531,0.2763880434504317,0.2705543091885244,-0.22399965829677557,-0.09318619163785487,0.06353207785036852,0.545290009112045,19.940000534057617,-0.020724717726481393,-0.08299093449431155,-0.020168640291928726,-0.007296358860836261,-0.01885016012203844,-0.05544961848422754,-0.030345809881532654,-0.06694526824372173,0.0020184493866290086,0.5482043252699446,2023-01-31,0,-0.11123585560516187,0
META,2023-02-01,,AMC,,,1.76,2.24,-0.4800000000000002,-0.21428571428571436,,,,,yfinance,18f8cddf7982,2023,-1.5806382174781766,0.08212010683524729,0.1511050232982729,0.2723948793155786,0.6436237558829705,0.35263602638546965,0.31813668724644534,0.4671623047559875,-0.093805332370678,-0.07741515688695738,0.07418349936072932,1.7272892435542948,17.8700008392334,0.254431997764349,0.23199750628264293,0.2312952588358256,0.21922223680830522,0.2056184208367676,0.2985176515945897,-0.004655442344953065,0.08824378841286903,-0.0025137640510875144,1.7217775381165474,2023-02-02,-1,0.21878876708584666,1
AMZN,2023-02-02,,AMC,,,0.03,0.17,-0.14,-0.823529411764706,,,,,yfinance,69ef0139c148,2023,-0.43839006609730374,0.1379762373813569,0.20527330587413695,0.31566073250544346,0.1665461576000049,0.4151172320122308,0.42072844993653563,0.46859381521774846,0.4019259472644709,-0.18821312678230837,0.09442778941092467,1.6264390988451844,18.729999542236328,-0.012739116644413954,-0.03378004955177159,-0.015997943338687478,-0.06706776324064395,-0.10205869836625396,-0.11345055740196931,-0.035884491142096325,-0.04727635017781168,-0.0008925838670804838,1.6227337375467294,2023-02-03,-1,0.3781409488024657,1
GOOGL,2023-02-02,,AMC,,,1.05,1.2,-0.1499999999999999,-0.12499999999999993,,,,,yfinance,14449d0a54e0,2023,-0.9611210463251485,0.10479903171151062,0.15787205083529776,0.20893171615057682,0.19089196871939862,0.5137121033258069,0.39918045341855246,0.395757685748805,0.5865062168121171,-0.1482325134900677,0.09442778941092467,1.3374454866260306,18.729999542236328,-0.021558934120991503,0.06640691333292842,0.03342426967684331,-0.021210774869361404,-0.09072392162747914,-0.0566383329119535,-0.07833370243295622,-0.04424811371743061,-0.0010572915606864744,1.3195886903287133,2023-02-03,-1,0.30738658398798246,1
AAPL,2023-02-02,,AMC,,,1.88,1.95,-0.07000000000000006,-0.03589743589743593,,,,,yfinance,82a4a5f51855,2023,-0.6817957653219349,0.04765212760781812,0.11495529356557865,0.20588476606880612,0.0011285325895944442,0.24544298562593478,0.22214705635814183,0.3612697517962163,0.027450064203995584,-0.17364001460018774,0.09442778941092467,1.285431948377081,18.729999542236328,0.039858188881872245,0.04372583160305962,0.04669463905352524,0.02815152910412179,0.029614097085342808,0.06221237796074712,-0.008518649171213474,0.024079631704190838,-0.00012163507298995385,1.2805623302023368,2023-02-03,-1,0.1921562416501646,1
WMT,2023-02-21,,BMO,,,0.57,0.5,0.06999999999999995,0.1399999999999999,,,,,yfinance,aabdf7ceb971,2023,1.6730039446204312,0.0189256711320549,0.03337796779389879,0.05481516139729847,-0.013872088808001948,0.17312344847865763,0.15781502154117663,0.16516288293331066,-0.013997363874796309,-0.09562888011457958,0.0479106484545373,0.458177899247375,20.020000457763672,-0.0030942603866589754,-0.017884385200433246,0.009852740510279588,-0.005788649247279037,-0.020057407873839243,-0.04449002010901718,-0.03518051636807147,-0.05961312860324942,0.0006011420523889619,0.48086650465844605,2023-02-21,0,0.028295442061650623,0
NVDA,2023-02-22,,AMC,,,0.09,0.08,0.009999999999999995,0.12499999999999993,,,,,yfinance,afdd6ce1c821,2023,1.7638342073763926,-0.09651303367315933,-0.06399678005353615,0.08133167571993893,0.3468751493113913,0.49334104740449014,0.5493159294453537,0.5699967506553216,-0.1320120460280871,-0.22332891430472385,-0.00521677436142598,2.1357689010802337,22.290000915527344,0.10656479328623994,0.1552848726684594,0.14427284540443708,0.1362499328735054,0.13159288055472101,0.3171629597380924,0.00240800035609769,0.18797807953946902,-0.00029594970050456505,2.1289978786219557,2023-02-23,0,0.053918886097451886,0
COST,2023-03-02,,AMC,,,3.3,3.23,0.06999999999999984,0.02167182662538695,,,,,yfinance,94654b02d8ac,2023,0.4227507903774711,-0.015107296073595622,-0.050050845718564885,-0.04979068646099993,-0.0818020601441346,0.14329938063263822,0.17934566686403172,0.2748766584980322,-0.3098925432350996,-0.16515530377115206,-0.02132949516188143,0.9453092850177426,19.59000015258789,-0.010785572146567739,-0.002902484616097635,-0.013770160926007826,-0.021001357965259163,-0.0020485527559914404,-0.006230568334543638,0.03467184784599753,0.03048983226744533,7.998407725469641e-05,0.9456290923807105,2023-03-03,0,-0.3375481488455587,-1
JPM,2023-04-14,,BMO,,,4.1,3.37,0.7299999999999995,0.21661721068249243,,,,,yfinance,0e78290fc66a,2023,2.084771353174749,0.010814237725977671,-0.0011614828650556852,-0.04182134770635293,-0.07620138235029272,0.109285701274987,0.2961534090071287,0.26440226475509826,-0.365141508048389,-0.1313629971401974,0.05549738244367952,0.8543843122520441,17.799999237060547,0.0816278248846865,0.08531537053703082,0.07281748233293939,0.08099371453717065,0.0867337774475389,0.030969223165771036,0.009892129619197498,-0.04587242466257038,0.0007373374183077577,0.8471282795835703,2023-04-14,1,-0.21805441513014379,0
BAC,2023-04-18,,BMO,,,0.94,0.83,0.10999999999999999,0.1325301204819277,,,,,yfinance,ba3c9094de53,2023,1.4360100408221608,0.0869720922951922,0.06188812706836444,0.04832590814848725,-0.13795057525267362,0.29354431496625405,0.3699313825521228,0.3129041408574935,0.15717988765973476,-0.26652164869201117,0.045012793792660766,0.9412317965843157,16.950000762939453,0.04196861088519853,0.05072812434106586,0.015002251984031139,-0.010483473954678274,-0.0330770823326941,-0.09314974302391874,-0.03876135257243993,-0.09883401326366456,-3.605421701387336e-05,0.9320352487496959,2023-04-18,0,0.04466268309683682,0
GOOGL,2023-04-25,,AMC,,,1.17,1.07,0.09999999999999987,0.09345794392523352,,,,,yfinance,6d09f51e1ee6,2023,0.6278455746707272,-0.006220110295491965,-0.014238253647136712,-0.015079703437684722,0.06294781697011675,0.25778617180411795,0.27789519559703824,0.37675191182128054,-0.5819865590642362,-0.17273065694583306,0.02610230340433506,1.3609313835811638,18.760000228881836,0.03508971396194692,0.008851078296905537,0.017839098314598213,0.015827170245399532,0.011864005413507081,0.148790067656276,0.00696860748255093,0.14389466972531986,-0.0005026382139608982,1.3553741164519033,2023-04-26,0,-0.3128055618868879,-1
MSFT,2023-04-25,,AMC,,,2.45,2.23,0.2200000000000002,0.09865470852017946,,,,,yfinance,825bb5d36ba7,2023,2.2394552959278515,-0.04490752127034059,-0.02619939008001171,-0.018355468375253592,0.1379111761176619,0.20236223386264038,0.22002599345165053,0.28128881942057193,-0.36775907496298055,-0.09516114148317194,0.02610230340433506,1.2795000490322108,18.760000228881836,0.07298311785917037,0.06256583017984386,0.08132674161464565,0.08393104230582749,0.09490257746972726,0.11181153034404906,0.017358649995456978,0.03426760286977877,0.0002853654262427475,1.2736113919117764,2023-04-26,0,-0.18482174945671015,0
META,2023-04-26,,AMC,,,2.2,1.98,0.2200000000000002,0.11111111111111122,,,,,yfinance,77c9921c2057,2023,0.6831681789736854,-0.029207246828424904,-0.02149535562390481,0.032340749738853924,0.4798586141094303,0.23434753923531101,0.22425667617282607,0.5773832650253732,-0.4220561932774649,-0.11522806801843095,0.019849164697790522,1.6697660967015342,18.84000015258789,0.10802588415597086,0.1229379169571178,0.11058494130411742,0.09614494228655748,0.10533059744815242,0.12255800679658042,0.00079939904915843,0.01802680839758641,0.0015347560009465048,1.6671187543977444,2023-04-27,0,-0.17242078658295396,0
AMZN,2023-04-27,,AMC,,,0.31,0.21,0.1,0.4761904761904762,,,,,yfinance,891ce8e7dc45,2023,0.31641134622445666,0.05789425178281338,0.07246091853885472,0.12937065104298862,0.10683328304484352,0.36371584835098014,0.35764269653751857,0.38302887795176055,1.026708580359604,-0.19643963852442067,0.04249240975541113,1.6618291185216403,17.030000686645508,0.0259496676069993,-0.0029719243735839146,-0.06915602418640662,-0.0829925005138189,-0.0338474993051081,0.0786361768507223,0.019342202099489787,0.1318258782553202,-0.0007645155695102183,1.6592295444217426,2023-04-28,1,0.4271361983762577,1
XOM,2023-04-28,,BMO,,,2.83,2.59,0.2400000000000002,0.09266409266409276,,,,,yfinance,10efbd232fac,2023,1.1545359850196062,0.01029057806716649,0.009156130420012065,0.09064599361002612,-0.007897420926503695,0.19674395791293833,0.2647691912769144,0.2911767611936223,-0.3081350113525275,-0.16220527085727457,0.04249240975541113,0.7370964290332458,17.030000686645508,-0.0736942799278457,-0.06942163632312003,-0.029377096976462857,-0.025776550531429347,-0.07757677068894653,-0.14090374854061397,-0.08319580844664887,-0.14652278629831633,0.0011155786446428375,0.7252462096682919,2023-04-28,0,-0.007276725912763434,0
CVX,2023-04-28,,BMO,,,3.55,3.38,0.16999999999999993,0.05029585798816566,,,,,yfinance,e24c531a6cd1,2023,0.4489938291668672,-0.01707394201390855,-0.029868089366195893,0.04677403723205642,-0.1109750097607013,0.14948254894649216,0.1995800018282001,0.24478006998624643,-0.4888485068285658,-0.1510727281771465,0.04249240975541113,0.7515651755821751,17.030000686645508,-0.0610254527808166,-0.06334400055692695,-0.013513513826594197,-0.004283207482281606,-0.04175616758579449,-0.09664647191252976,-0.04491600245944985,-0.09980630678618511,0.00024639760051317963,0.7448240667355026,2023-04-28,0,-0.1825311217643629,0
AAPL,2023-05-04,,AMC,,,1.52,1.43,0.09000000000000008,0.062937062937063,,,,,yfinance,79e346a316c2,2023,0.8631561352499707,-0.015557332219012565,-0.005160519903083527,0.0009659385292750677,0.09925729502010294,0.18543090072595467,0.1952558865042571,0.21321240493565694,-0.03341143064456055,-0.06450784880154213,-0.008662266446294753,1.3078426870502327,20.09000015258789,0.0232712480103931,0.017503743619076213,0.020135402258129046,0.021247437622678944,0.01793308764229313,0.0032449026400977214,-0.004481882668223523,-0.01917006767041893,0.00041727585914632986,1.3015301368348695,2023-05-05,0,-0.13818599645283128,0
WMT,2023-05-18,,BMO,,,0.49,0.44,0.04999999999999999,0.1136363636363636,,,,,yfinance,bb251255c4e5,2023,1.1913781534964971,-0.019796741520756722,-0.007236780771495255,-0.0021354667329764876,0.02019514842964454,0.10437734262033964,0.08994190121647594,0.12949279022740495,-0.2724260456542104,-0.07031836215497225,0.0024625662159107886,0.5268991047996404,16.8700008392334,-0.05224649892490822,-0.03302111819986947,-0.012732641706838623,-0.003369747193690256,-0.025743417519871206,-0.006894772651815718,-0.032477735828866594,-0.013629090960811103,0.0006493944739138872,0.5803138859843582,2023-05-18,0,-0.17840629712364017,0
NVDA,2023-05-24,,AMC,,,0.11,0.09,0.020000000000000004,0.22222222222222227,,,,,yfinance,934b777bc1cd,2023,3.5209297869860308,0.01192924038565879,0.057226929715474606,0.16375142000841558,0.290483463398274,0.35116707006003006,0.35192920055151844,0.33537919599887467,0.7958108014640142,-0.06164852213049579,0.012337494905658053,2.055486169444923,20.030000686645508,0.20891404922069592,0.2601319212085629,0.2283336862577958,0.22074770894778872,0.18677042570083854,0.17301565344557857,-0.037092347683639615,-0.05084711993889958,0.002242605105637328,2.031314901443535,2023-05-25,1,0.5538347915328952,1
COST,2023-06-01,,BMO,,,2.93,3.43,-0.5,-0.14577259475218657,,,,,yfinance,3e0b90755aa7,2023,-3.0735044982845485,0.05504568793735243,0.03105916326046443,0.036406737077389284,0.06871118559388267,0.24747611725135032,0.18938518358214784,0.18951249400543985,1.4153845364895699,-0.05604005105318223,0.005631624468470875,0.8633508544929118,17.940000534057617,0.036776650746619906,0.0053753553649551165,-0.007843410946760627,-0.019224109704923813,-0.00820279572037044,-0.006367476638386037,-0.0017467398186109713,8.857926337343123e-05,0.0003297868537181166,0.8587734057390253,2023-06-01,-1,0.059046183320290296,0
JPM,2023-07-14,,BMO,,,4.75,3.76,0.9900000000000002,0.2632978723404256,,,,,yfinance,704f60044285,2023,2.789772629678127,0.03952229689248554,0.07417561909904102,0.05581556820700362,0.15852136277966933,0.21286449798880716,0.1825454527854352,0.23721341817010694,-0.11198457193633528,-0.05162650712922166,0.03633012957378523,0.9158480240749692,13.609999656677246,0.047696532501805576,0.015121729645405394,0.023545629615190647,0.02646750454515189,0.03184584948064086,0.03408976018387012,0.025773189595243634,0.028017100298472902,0.0005411406302638431,0.9122827984150426,2023-07-14,1,0.08341967156339462,0
BAC,2023-07-18,,BMO,,,0.88,0.83,0.050000000000000044,0.06024096385542174,,,,,yfinance,c6a8df677fc9,2023,0.6572815746906715,0.025819950281157578,0.0247472663386612,0.00961534241852191,-0.004065069016685574,0.23579671251265455,0.21161236850213228,0.2458276090118891,-0.09351336955504268,-0.11681936378313121,0.031245720048858283,1.0443247828042002,13.479999542236328,0.0909732522652664,0.06600836761838276,0.07056813967607968,0.06323323332714999,0.08618723376571444,0.05832259966719373,0.048636748576580534,0.02077211447805983,-0.0009165222997621795,1.0206142574597565,2023-07-18,0,-0.14655979562166516,0
CVX,2023-07-23,,AMC,,,3.08,2.98,0.10000000000000009,0.0335570469798658,,,,,yfinance,8adf7ff47606,2023,0.2683783950339825,0.033272565108918295,0.02898457518688602,0.02459967354389314,-0.06570505305315022,0.20978267609531817,0.1951520256752685,0.2232461209737941,-0.4458213432502607,-0.12164684587172242,0.039637628494972654,0.7315932194674175,13.600000381469727,0.04762240103989393,0.0405767788298764,0.03284357191000495,0.018479088498011872,0.02083820505124037,0.027031755919188556,0.004658260480643914,0.010851811348592097,0.0002775155284771741,0.7312173454840873,2023-07-24,0,-0.2281522374448425,-1
GOOGL,2023-07-25,,AMC,,,1.44,1.34,0.09999999999999987,0.07462686567164169,,,,,yfinance,ccdb6d2353dd,2023,0.6386982997117359,-0.012524264907911253,0.04328154107257287,-0.001062589973101935,0.15325089814754822,0.3073002535658355,0.27757187737934536,0.26954538406003753,0.9482986406201922,-0.08530359609309791,0.05131463129846403,1.3727129904438016,13.859999656677246,0.048935730941542514,0.08606244884884974,0.06882815677042153,0.06718344084368666,0.0659588456390211,0.11578701543761151,0.008619736746410738,0.05844790654500113,0.00022031570898243613,1.3663825581677191,2023-07-26,0,0.0922792218164147,0
MSFT,2023-07-25,,AMC,,,2.69,2.55,0.14000000000000012,0.05490196078431378,,,,,yfinance,e42ca785dc1b,2023,1.4235187187211586,-0.023672367741028544,0.055674225336611816,0.04763901407687321,0.24562595262513232,0.2832806493489445,0.24050289232759772,0.27130999492907987,1.1167981267966713,-0.05601838453918677,0.05131463129846403,1.3236692319166248,13.859999656677246,-0.08702442758969062,-0.03174722927993502,-0.038610362242304824,-0.05133654684866266,-0.05651531701201022,-0.04715372261280606,-0.017991935018840347,-0.008630340619636176,0.0006831645645837114,1.3185806393246882,2023-07-26,0,0.26718856740305225,1
META,2023-07-26,,AMC,,,2.98,2.91,0.06999999999999984,0.024054982817869358,,,,,yfinance,51ffb47d6a3a,2023,0.22104954885766537,-0.055188132978259086,-0.034816024895493514,0.07218014872483614,0.43854494306975655,0.30959230131546905,0.3072860287092012,0.37126807147073393,0.5556218098837606,-0.07721282130322155,0.05578992951050643,1.6516260145999198,13.1899995803833,-0.005499783196796441,0.06725536074793564,0.09036976520270015,0.07880710301206664,0.06148593440746468,-0.012355908885960384,0.00876344173323964,-0.06507840156018545,0.0021097618371838656,1.6323636797680163,2023-07-27,0,0.1115195519431361,0
XOM,2023-07-28,,BMO,,,1.94,2.02,-0.08000000000000007,-0.03960396039603964,,,,,yfinance,ac9be00417ad,2023,-0.3866094670158196,0.019437137952374117,0.008417804148758812,0.008321330385392844,-0.08687742784257901,0.2298100745810664,0.23254006844365643,0.2392740008880197,-0.020205103253615124,-0.14720296356277393,0.03741654929092131,0.7214830301613485,14.40999984741211,0.04222420746837709,0.005371801423656134,0.015730623337737372,0.008309385231489247,0.025669877208598663,0.03873525043760615,0.04509995560115923,0.05816532883016673,0.00046683869795397263,0.7161255358431816,2023-07-28,-1,-0.20063124712129254,0
AAPL,2023-08-03,,AMC,,,1.26,1.19,0.07000000000000006,0.05882352941176476,,,,,yfinance,b624118445c1,2023,0.6827153909558901,-0.010609683463443376,-0.010148639073749743,-0.0008362706349140936,0.14165423501342223,0.13330746848108985,0.13101260773424242,0.16607533717068296,-0.5467635125228046,-0.030365517103578675,0.012885589764087824,1.2962350383397172,15.920000076293945,-0.06575684515205363,-0.06261553294594147,-0.07525023872399653,-0.07129528229542055,-0.06398089782571639,-0.02011073111488428,-0.021454217234390505,0.02241594947644161,0.000311685296001535,1.283518148689635,2023-08-04,0,-0.27893869919109704,-1
AMZN,2023-08-03,,AMC,,,0.65,0.34,0.31,0.9117647058823529,,,,,yfinance,3917f044883c,2023,0.9987018039444348,0.005146227384868363,-0.008079432113831775,-0.011274744329273334,0.24370479270975842,0.24660261373631134,0.27825176939650953,0.2746856876333829,-0.28040056410669467,-0.053265415790163695,0.012885589764087824,1.5144137243600813,15.920000076293945,0.1084771107990784,0.09239765191209506,0.1064897599032142,0.09626599277366163,0.08811469016686314,0.07496771057584227,-0.0018340548354153466,-0.014981034426436203,-0.00045482705097381245,1.5036237230546399,2023-08-04,1,-0.06781300243467511,0
WMT,2023-08-17,,BMO,,,0.61,0.57,0.040000000000000036,0.0701754385964913,,,,,yfinance,229f9c87a80e,2023,0.9643245503802987,-0.010254165383523972,0.00025120651000776206,0.030342205508993247,0.06329282694283678,0.09956703003949942,0.09979946762305132,0.1188423073356264,0.18656018469456848,-0.035716641365052613,-0.03203502436151884,0.517850124061442,16.780000686645508,-0.020282701028825893,-0.007785331915139131,-0.0016215647184653868,-0.0053828106777437205,-0.014522259178505272,0.01858711612990506,0.0044904834518853355,0.03759985876029567,0.0005104025455086893,0.5136310301926963,2023-08-17,0,-0.018523535805958807,0
NVDA,2023-08-23,,AMC,,,0.27,0.21,0.060000000000000026,0.28571428571428586,,,,,yfinance,10e35ddaa070,2023,9.541829574453057,0.08347516586994241,0.10720496740735053,0.031458662575297724,0.5353233039246459,0.6315367190872041,0.5141922235901458,0.6476211237588012,0.5886121783469368,-0.13978607848329677,-0.027248383092361217,2.0564227862473317,15.979999542236328,0.03635791255575135,-0.0385914019280868,-0.012920908142684047,-0.017597966797953866,-0.011324029009393792,-0.14943288846753663,-0.03663664494026687,-0.17474550439840975,0.004152365592711983,2.0540702977204837,2023-08-24,1,0.5495961320653114,1
COST,2023-09-26,,AMC,,,4.86,4.78,0.08000000000000007,0.01673640167364018,,,,,yfinance,30c05bca8ade,2023,0.41351196036309634,-0.02018242953134819,-0.01043317934095489,0.03548624905991615,0.042671551964931886,0.15135178597051496,0.1340066004604379,0.13648483716910448,0.1251304370592664,-0.06086504402860288,-0.032024902376975084,0.8214308635588612,18.940000534057617,0.04799871617574047,0.0172334898249877,0.025101246613361064,0.023029124196850402,0.03623671900030115,0.011721087929778617,0.01744816492382579,-0.00706746614669675,-4.67211486350331e-06,0.8303922558451419,2023-09-27,0,-0.0603847110481425,0
JPM,2023-10-13,,BMO,,,4.33,3.97,0.3599999999999999,0.09068010075566747,,,,,yfinance,f3bdafa41b48,2023,0.9674905803417004,0.020363917329607073,-0.01206042972737642,-0.004098122317518271,-0.026440586238237418,0.1443677549350353,0.14375734092523593,0.1495450663534692,0.3037419586017956,-0.09677210940590388,-0.028778763795823226,0.845516530587956,16.690000534057617,-0.0009674223900599851,0.0063270123487516846,0.009951331595014344,0.007852427987971183,0.0005646747261940374,-0.02384198841127033,-0.01793625804580408,-0.042342921183268434,0.0007329063721631797,0.8460925548217131,2023-10-13,0,-0.05453714421861591,0
BAC,2023-10-17,,BMO,,,0.9,0.82,0.08000000000000007,0.09756097560975618,,,,,yfinance,1ad7377eb439,2023,1.069620186936761,0.02584569817479565,0.010861385763750286,-0.06414703091822704,-0.1208469348411203,0.22437896788748057,0.20076482215321648,0.20370805987376378,0.7588367599109102,-0.20643189474660714,-0.01653243713600472,1.0075798289590532,17.209999084472656,0.0051439726699574456,0.02687585062183355,0.0278986844732157,0.028708030019582685,-0.018876892859285233,0.08413863640772204,-0.04368431268877733,0.05933121657822994,-0.0014181760895428722,1.0286049358772325,2023-10-17,0,-0.055341885608924814,0
GOOGL,2023-10-24,,AMC,,,1.55,1.45,0.10000000000000009,0.06896551724137938,,,,,yfinance,0fe4f145ec77,2023,0.6493694925119796,-0.006513052205545877,0.005432420782722991,0.05872928771563335,0.07379897092000931,0.20476439289655285,0.22162362093262697,0.21390612381572519,0.6140642887362084,-0.06974892497911453,-0.019896827811402562,1.4630028866833764,18.969999313354492,-0.05350859826269558,-0.06430506838186678,-0.07841995481394445,-0.08396308252090826,-0.08714497481132276,-0.10958587885497506,-0.012605929643747339,-0.03504683368739964,0.00038165621667007746,1.458774470751949,2023-10-25,0,0.12841382219306702,0
MSFT,2023-10-24,,AMC,,,2.99,2.65,0.3400000000000003,0.12830188679245294,,,,,yfinance,78e3ada5f61f,2023,3.513873470213764,-0.004607597393681551,0.006516593183109931,0.04090820017893071,-0.021434675873711062,0.15144939330698953,0.1991220092439988,0.19496409263815567,0.8129234356432004,-0.0784174685602281,-0.019896827811402562,1.3941875161858654,18.969999313354492,0.0804248622633896,0.04319574149314703,0.021477623966137283,0.02872206305746671,0.04758313772722041,0.026626552809865235,-0.00252194222285383,-0.023478527140209003,0.0004676896337352421,1.3861805884831537,2023-10-25,0,0.2955673620672709,1
META,2023-10-25,,AMC,,,4.39,3.6,0.7899999999999996,0.21944444444444433,,,,,yfinance,4d0aaf1cee4d,2023,2.5343523661776617,-0.05502098739389205,-0.08629738244421015,0.0019066341333648928,-0.03907475862074372,0.31667846683690803,0.31402807862652293,0.29719841710457634,0.6480114975531279,-0.12974686481776607,-0.019559540232784278,1.8439447410834504,20.190000534057617,-0.051563009816583155,-0.028372346953332923,-0.002488517732033152,0.015967157018561422,-0.03559997227594701,-0.09505007716098163,-0.017154291796113635,-0.07660439668114827,0.0028892070247908282,1.8178994881567225,2023-10-26,1,0.14379453871488845,0
AMZN,2023-10-26,,AMC,,,0.94,0.58,0.36,0.6206896551724138,,,,,yfinance,31e08a20a22a,2023,1.1683165708345709,-0.0687694285155408,-0.09642561746897826,-0.05088111995003042,-0.09560552437153147,0.37078241552589014,0.32963469468045165,0.3386148047087378,0.6315662625628802,-0.174525407963223,-0.03168642268934907,1.5451115873331382,20.68000030517578,0.05110930674062018,0.05839614273460615,0.09904984834736703,0.09575540761473518,0.07014105472695799,0.06578114415696151,-0.005075402827751546,-0.009435313397748021,5.48367282671232e-05,1.5317631565831482,2023-10-27,1,0.03658825536222978,0
CVX,2023-10-27,,BMO,,,3.05,3.68,-0.6300000000000003,-0.17119565217391314,,,,,yfinance,d62933030b1a,2023,-1.7193740130164339,-0.08486106200807098,-0.0401910060116204,-0.095240843811782,-0.025933122954705623,0.2750705463297204,0.256366665574876,0.20974208498262098,1.6149287403273025,-0.09524084381178197,-0.03168642268934907,0.6602532551531581,20.68000030517578,-0.13767996661638848,-0.058235151524715645,-0.05740205563995459,-0.05875489098671804,-0.07499721027006177,-0.11629824989795064,-0.011424767845621207,-0.052725807473510064,-0.0006447273681336209,0.6591905043170125,2023-10-27,-1,-0.09154409304546574,0
XOM,2023-10-27,,BMO,,,2.27,2.36,-0.08999999999999986,-0.03813559322033892,,,,,yfinance,9911e02224ac,2023,-0.4388069114619214,-0.047956099185372136,0.010613292387172901,-0.10482528114827339,0.033026062702252945,0.24047010164483648,0.2929074321312599,0.25547847051513717,0.31996013308227766,-0.11422625687296119,-0.03168642268934907,0.6850741031194478,20.68000030517578,-0.0602799420952987,-0.01485021012348205,-0.021954751319550603,-0.021100129031874422,-0.03407595913139489,-0.10064041672878773,-0.01813893707186313,-0.08470339466925597,2.0166231116161754e-05,0.6916620486624243,2023-10-27,-1,-0.344790964140548,-1
AAPL,2023-11-02,,AMC,,,1.46,1.39,0.07000000000000006,0.050359712230215875,,,,,yfinance,95a99b578bce,2023,0.6943854828659229,0.06399429548582503,0.012025535903418039,0.02251528031588146,-0.024287037944571876,0.2364091080403347,0.18339769927422434,0.20731668355945237,-0.07141275673976719,-0.12024247720371466,0.014364446971486533,1.3160355939080934,15.65999984741211,0.02398933796249903,0.005333715231927154,-0.010049524279911758,-0.005661324937269577,0.0186982796164569,-0.013339088702424721,0.03586981779417691,0.0038324494752952814,9.565181621846454e-05,1.3037645257862254,2023-11-03,0,-0.11516686803105865,0
WMT,2023-11-16,,BMO,,,0.51,0.51,0.0,0.0,,,,,yfinance,c3c6fd4492aa,2023,0.0,0.03335364201083624,0.02978101435866609,0.05179036369482093,0.09050035282702651,0.11637854957611683,0.1278726245306104,0.12279693866264217,0.47311709991966683,-0.05694400151248999,0.03132884731502772,0.4356339562242695,14.180000305175781,-0.06700183592610795,-0.0872609752091914,-0.07524867782131787,-0.08684640933119374,-0.0872605086158025,-0.12418700283917651,-0.005588327929028558,-0.042514822152402564,0.0002465543536457628,0.4066076455859725,2023-11-16,-1,0.035002872441462024,0
NVDA,2023-11-21,,AMC,,,0.4,0.34,0.06,0.1764705882352941,,,,,yfinance,62e1e16a5c71,2023,5.126347125474767,0.005799944103958676,0.08680226861377949,0.16216409581064117,0.060022052959001426,0.22965139768836132,0.3338192524040784,0.34274414094889877,-0.33192307270111476,-0.1829399131264619,0.07803357804638877,2.158717587184746,13.350000381469727,-0.144470457702273,-0.06095582810059857,-0.07155890671570693,-0.06251605475717052,-0.10650444796217384,-0.20111588839094682,-0.06911128926272238,-0.16372272969149537,0.004504324027214046,2.150127354480766,2023-11-22,0,0.3428335542089738,1
COST,2023-12-14,,AMC,,,3.58,3.42,0.16000000000000014,0.0467836257309942,,,,,yfinance,756f3be92af1,2023,0.8411587311041765,0.032457675249417894,0.06417660304555906,0.06767102628633825,0.13376239468100248,0.1720137194831896,0.1827352884355747,0.17583367784023307,0.9243865139798367,-0.05500832616207795,0.051879745524767706,0.8119448523956572,12.479999542236328,0.06647884600733522,0.05559714152442931,0.05732705775050024,0.07772960257511013,0.0593499980060794,0.07461067420173538,0.01082192769669987,0.026082603892355838,0.0003976931260958017,0.7877744982646704,2023-12-15,0,0.2289875349456248,1
BAC,2024-01-12,,BMO,,,0.35,0.64,-0.29000000000000004,-0.45312500000000006,,,,,yfinance,ef842d19f635,2024,-3.9323309336534105,-0.019230701948328432,-0.02039003024815933,0.07455433114972321,0.2268690216233471,0.17228258357061094,0.2924487385003657,0.28278705542801796,-0.2255145176066711,-0.08870386272614804,0.03108295887938084,1.1988892677838778,12.4399995803833,-0.06439336839236555,-0.04548947971269961,-0.036949193113203,-0.025298370972450038,-0.028337277241792816,-0.0194792379252391,-0.01816592060727082,-0.009307881290717107,-0.001215078701732834,1.1956834094694715,2024-01-12,-1,-0.3689210950661403,-1
JPM,2024-01-12,,BMO,,,3.04,3.6,-0.56,-0.15555555555555556,,,,,yfinance,7491a371d8cf,2024,-1.5290679825432123,-0.00647570495675176,0.005312923185956109,0.0703959554907565,0.16524126010144413,0.09062325707270323,0.11208648801606165,0.14556926393851216,0.26685968295646145,-0.0831756591796875,0.03108295887938084,0.8907474158885329,12.4399995803833,-0.0373140504814883,-0.017883235088636804,-0.014641690401373024,-0.010869675054351501,-0.01390700030589102,-0.011892743199685222,-0.005997373743549797,-0.003983116637344004,-4.626179248183246e-05,0.8890788387702636,2024-01-12,-1,-0.08269155600337855,0
MSFT,2024-01-30,,AMC,,,2.93,2.77,0.16000000000000014,0.05776173285198561,,,,,yfinance,8d2b0e821fb7,2024,1.5570291019896607,0.024291808948788463,0.04694188085155826,0.08876038602361924,0.23886479901295554,0.1144803593700064,0.13423069042441887,0.1636080814430506,-0.12785882931367545,-0.043820274356766505,0.029788777054909454,1.1786889287671176,13.3100004196167,-0.006039746185061964,-0.003907403555416364,-0.012975634240326453,-0.009946487464051138,-0.010008227586767261,-0.05104777506251087,-0.0007880841384478084,-0.04182763161419142,0.0011666914298249717,1.1578432612008274,2024-01-31,0,0.047647449016462666,0
GOOGL,2024-01-30,,AMC,,,1.64,1.6,0.039999999999999813,0.024999999999999883,,,,,yfinance,232cf2149c89,2024,0.2639471908335973,0.030059940353324377,0.06295179223032221,0.08008280202865836,0.23974796581741442,0.1816270558783758,0.1826967204995646,0.20580560150862998,0.2023962689063512,-0.06657521015953913,0.029788777054909454,1.4142712338511447,13.3100004196167,-0.050928246953518726,-0.08640833116374065,-0.0768654181960239,-0.0640371797638765,-0.060872178561300734,-0.14510282056693496,-0.008093571054263676,-0.09232421305989791,0.0005538591205771117,1.3959738874738088,2024-01-31,0,0.04195567029573932,0
AAPL,2024-02-01,,AMC,,,2.18,2.1,0.08000000000000007,0.038095238095238126,,,,,yfinance,ad8a85d2111a,2024,0.8067001785018122,-0.03764741014331885,-0.009383471487267148,0.006571866110290259,0.09422027250300524,0.20205806727206613,0.21210223881456866,0.18719133983355937,-0.03949145589777862,-0.08545761386306155,0.03501537823815459,1.1008127132516792,13.880000114440918,-0.06441381043971833,-0.003611298524191696,-0.006230546725038444,-0.004505871192266522,-0.020182871269123923,-0.13000974016300018,-0.002524589890064247,-0.1123514587839405,0.0006926859073761817,1.0981374228080105,2024-02-02,0,-0.1356757612104883,0
AMZN,2024-02-01,,AMC,,,1.0,0.8,0.19999999999999996,0.24999999999999994,,,,,yfinance,26b5ef88eee1,2024,0.6511240629990707,0.00969888291154919,0.03765471517457253,0.06236247955894125,0.19678415479789124,0.22777476265376925,0.23051713530138063,0.2090969424919147,0.48578417688596226,-0.06166028135514124,0.03501537823815459,1.5133048019646025,13.880000114440918,0.05448911427639819,0.051173730645204044,0.06355849751482677,0.05780544788607675,0.0524491019071993,0.02465624186526744,-0.00952367374158812,-0.03731653378351997,0.0008995854025719797,1.500290932180225,2024-02-02,1,0.1357868762635359,0
META,2024-02-01,,AMC,,,5.33,4.94,0.3899999999999997,0.07894736842105256,,,,,yfinance,67b35eaac1b1,2024,1.193556941711571,0.0040693985790751785,0.04958390358220677,0.1400271132226003,0.31038607619619696,0.20845156921205185,0.2219847935115876,0.22641616680385768,0.8248316440615296,-0.07039731387395683,0.03501537823815459,1.868192367700548,13.880000114440918,0.11366286133395681,0.1212076048957407,0.13685054391633933,0.15203813857479764,0.1278501212249927,0.1093393204706552,-0.053001223469085694,-0.07151202422342323,0.0027746102713901623,1.857107725790702,2024-02-02,0,0.3722093117870733,1
XOM,2024-02-02,,BMO,,,2.48,2.19,0.29000000000000004,0.13242009132420093,,,,,yfinance,9bfd585452f2,2024,1.4250519203419623,0.0025457959778978356,0.05774789423200444,0.00029307130830402706,-0.03268775752810782,0.20468221382657353,0.20207621417879615,0.19833654700226855,-0.14218657259813824,-0.11282189982341423,0.03501537823815459,0.4944513982818372,13.880000114440918,-0.008627285970457341,-0.024649233912308128,-0.020301500362385077,-0.010292640467035236,-0.013747849425882813,0.011834702152298867,-0.005019934569440585,0.020562617008741093,-0.000708903191494811,0.5067617366592583,2024-02-02,0,-0.12625374621494118,0
CVX,2024-02-02,,BMO,,,3.45,3.22,0.22999999999999998,0.07142857142857142,,,,,yfinance,e831c62e6caa,2024,0.6042120932682834,-0.0045770202668588,0.04280067516533759,-0.010636850303292422,0.014821956532186986,0.18808664660794058,0.2124969069805298,0.19794129315714243,-0.18946155759333605,-0.06948360398552633,0.03501537823815459,0.5802015879841592,13.880000114440918,0.010735556881776857,0.015714455425162536,0.023801838585847057,0.027618022952543002,0.012416583081218433,-0.0015926594451409308,-0.011585602696672845,-0.025594845223032216,-0.0008566429948954906,0.5954238107803158,2024-02-02,0,-0.21155065536724313,0
WMT,2024-02-20,,BMO,,,0.6,0.55,0.04999999999999993,0.09090909090909079,,,,,yfinance,a22b2bda521b,2024,1.235490044338033,0.006379973055545385,0.0046588257621031914,0.043616753606196434,0.0034161739162203997,0.08012964579946247,0.11783534562774005,0.20883709213752466,-0.41106360255195745,-0.04904187113494095,0.048311653976040425,0.3104982789325987,14.239999771118164,0.049414744383799385,0.03377125369886086,0.028479010102257583,0.02090954913606157,0.04317261495260078,0.05627196994009992,0.009483223972947204,0.022582578960446353,0.00022862538214911987,0.2967025930908152,2024-02-20,0,-0.12313049009089622,0
NVDA,2024-02-21,,AMC,,,0.52,0.46,0.06,0.13043478260869565,,,,,yfinance,21eec35398eb,2024,4.025328159002542,-0.06455188465448503,-0.011008009841061317,0.13105576962896248,0.36865592240296996,0.3985190065315321,0.39223021334801766,0.34517569443945223,0.8064874618786735,-0.09732393037089718,0.028462051712917047,1.9325441703417614,15.34000015258789,0.01789578639108222,0.058122311302102006,0.08679719618983874,0.12017847672288887,0.11076939647435488,0.1631324127042083,-0.010313336234759166,0.042049679995094284,0.003130500274089159,1.9229094245166265,2024-02-22,0,0.5001316387399033,1
COST,2024-03-07,,AMC,,,3.71,3.64,0.06999999999999984,0.019230769230769187,,,,,yfinance,b37399aa866c,2024,0.37294801908574343,0.05605669035191796,0.06970316004856891,0.10523509213750826,0.29774520283918604,0.11828247288258899,0.12316305653946391,0.17805033514142116,0.24779541140380162,-0.05365214655175194,0.04216767097655327,0.6998192840564228,14.4399995803833,-0.03342862123185877,-0.04452403319088621,-0.0811499655828765,-0.08933280302171662,-0.07453878676848094,-0.119240135691433,-0.0013552664423942882,-0.046056615365346346,0.0009218898825522682,0.6917971148203333,2024-03-08,0,0.10794343971922307,0
JPM,2024-04-12,,BMO,,,4.44,4.13,0.3100000000000005,0.07506053268765145,,,,,yfinance,f8fe2295a1af,2024,0.7948564538927954,-0.0011244632127078713,-0.020499255759309443,0.029445830413635132,0.1427317728540778,0.11043445753817335,0.16479622566255142,0.13829551187783679,-0.30711592263722964,-0.024313581137181236,0.0023607156506897375,0.7642258769015121,14.90999984741211,-0.032629136039696346,-0.06570017958197148,-0.05287094971193119,-0.04595533057144664,-0.019450070464085315,-0.004578141273777042,0.03565385343656299,0.050525782626871255,0.0009544750165827696,0.7627603745777176,2024-04-12,0,-0.15044981269690558,0
BAC,2024-04-16,,BMO,,,0.76,0.77,-0.010000000000000009,-0.012987012987012998,,,,,yfinance,e1db1d693b59,2024,-0.10645839831915414,-0.041333312988281246,-0.041844341035964794,0.007285013904032356,0.09603663412039776,0.19682494287146945,0.20831092558467232,0.20183073533580512,-0.00047554687932143514,-0.05863756429557489,-0.020390328674812386,1.1259000143231535,19.229999542236328,0.056065678821403966,0.026766574494313664,0.008520574482811814,-0.010293339723646402,0.06540435069339155,0.0332868153628055,0.09845122929790227,0.06633369396731624,-0.00022462098485621614,1.126966129386635,2024-04-16,-1,-0.17913776394676253,0
META,2024-04-24,,AMC,,,4.71,4.36,0.34999999999999964,0.08027522935779807,,,,,yfinance,f8b5b8096ba2,2024,1.0807523170806548,-0.0013558358652459024,-0.05065120563303882,-0.018925667412022285,0.2631174419787201,0.32467075543077634,0.28697565260462937,0.4987821463402018,0.40357123618211316,-0.08774228614345542,-0.02762763401030921,1.8548143100844439,15.970000267028809,-0.1451261800933871,-0.14966232229681978,-0.12259776184878234,-0.11608825808919974,-0.11630528770019134,-0.1696448883873352,-0.01557900340582161,-0.06891860409296548,0.0021474145686824777,1.8516010782117551,2024-04-25,0,-0.05558492829687334,0
GOOGL,2024-04-25,,AMC,,,1.89,1.51,0.3799999999999999,0.2516556291390728,,,,,yfinance,6b9cbccf2c4d,2024,2.5451438091679197,-6.406324714980371e-05,-0.021391403197865366,0.035375336137445146,0.027194343949413113,0.1978816066471349,0.22784424601655712,0.2873224832551843,0.024707917015202314,-0.1440297140351144,-0.029529128961105933,1.2743224339712969,15.369999885559082,0.04373761936009389,0.04208252638648997,0.03662860859140316,0.05168679531141455,0.05448416749419906,0.053308516643702515,-0.03559802577172849,-0.03677367662222502,0.00018934303497540844,1.263684389949666,2024-04-26,1,0.06221617097737795,0
MSFT,2024-04-25,,AMC,,,2.94,2.84,0.10000000000000009,0.03521126760563384,,,,,yfinance,3113f13aff1b,2024,0.9872007504643133,-0.012936850646544373,-0.06751100559746859,-0.05362263886837215,-0.014399650857254032,0.209194793018342,0.18136739722197523,0.2039335407356837,0.4062360241794685,-0.07063834668742443,-0.029529128961105933,1.168629346544263,15.369999885559082,-0.025143495823542927,-0.03828803458012785,-0.02844471948000217,-0.008070454386002164,-0.0010411840894690282,0.007893989733679628,-0.007605051106131135,0.001330122717017523,0.0004015813249427674,1.190462194602243,2024-04-26,0,-0.13690319534332135,0
XOM,2024-04-26,,BMO,,,2.06,2.16,-0.10000000000000009,-0.046296296296296335,,,,,yfinance,89de1decd085,2024,-0.48918802924769733,0.023709123081152805,-0.003776985639335928,0.06626242072996114,0.18799574164283217,0.10863583527337263,0.12470038648922287,0.15688075696566017,-0.44683123773546385,-0.03824513299559285,-0.029529128961105933,0.38405677632902085,15.369999885559082,-0.024313054159074206,-0.017468670580596306,-0.013243647037804541,-0.017454980349394505,-0.04719326287101719,-0.07488604253825874,-0.01634633380526286,-0.0440391134725044,-0.0004758417475325552,0.37442405020534975,2024-04-26,-1,-0.19696430985635832,0
CVX,2024-04-26,,BMO,,,2.93,2.91,0.020000000000000018,0.006872852233676982,,,,,yfinance,9a6e34dc67e5,2024,0.053175437967721374,0.048930577500157835,0.020940140851376077,0.06446830831066919,0.11247217225084016,0.16948954217511822,0.12379796423171066,0.1541524206652007,-0.30950232460199384,-0.04574112518450137,-0.029529128961105933,0.45810375236299195,15.369999885559082,0.014728410655411972,-0.002571521720964181,0.014765762888543697,0.0019242455175142723,-0.03317641747275157,-0.05353593334310842,-0.0333347735873469,-0.05369428945770375,-0.000693010675021,0.44600005273685567,2024-04-26,0,-0.13003519148490159,0
AMZN,2024-04-30,,AMC,,,0.98,0.83,0.15000000000000002,0.1807228915662651,,,,,yfinance,fd2a4a032a01,2024,0.4953360167026465,-0.02528680770805991,-0.04538515705764745,-0.03298889970952901,0.10062893081761004,0.3330376063047262,0.2723030298503452,0.28455972876788377,0.7683890241512005,-0.08135416363152233,-0.038647087475273456,1.5042111064252754,15.649999618530273,0.0017124994495065068,0.02249504331313809,0.033003528208472147,0.04344103342064661,0.020961466790397815,-0.05869693738669001,-0.0056077583772787,-0.08526616255436652,0.0011315097876877578,1.4916436388111733,2024-05-01,0,-0.004698631781203423,0
AAPL,2024-05-02,,AMC,,,1.53,1.51,0.020000000000000018,0.013245033112582794,,,,,yfinance,79241a5341e2,2024,0.20486307873444545,0.0184825440045282,0.03585970865613852,0.019923401145978792,-0.0740126393336239,0.22175358074341936,0.2514970292438153,0.21101894196810278,0.11999568972434807,-0.12887388833830896,-0.02768521035161753,1.0406055913180448,14.680000305175781,0.052873102553928325,0.0446567137423344,0.04271599764444814,0.02931547108438806,0.03223690269442057,0.09222681562007091,-0.015818191633266684,0.044171721292383684,-0.0009924670804507384,1.0289062806345983,2024-05-03,0,-0.10380770448391229,0
WMT,2024-05-16,,BMO,,,0.6,0.52,0.07999999999999996,0.15384615384615377,,,,,yfinance,a4d21df7d6fd,2024,1.9974009085835487,-0.007794318606176631,0.016652563846106805,-0.00016708424979461345,0.0645907654597222,0.11406331231013994,0.13629699366981404,0.1401933858454481,-0.08660220745599131,-0.04231085852787203,0.052132009177637606,0.36717045635594,12.449999809265137,0.0639785177785362,0.054451177485904334,0.07379655330874588,0.07912904338413387,0.08263398141926044,0.09801601833236068,0.01252173277309597,0.02790376968619622,0.00047602943130137904,0.3517160391818144,2024-05-16,0,-0.0810367218859622,0
NVDA,2024-05-22,,AMC,,,0.61,0.56,0.04999999999999993,0.08928571428571416,,,,,yfinance,a4d41300768b,2024,2.9023679349568967,0.003381588334693264,0.05019238879903787,0.15198428783228013,0.20896883690933477,0.2781393350867369,0.42078385859849227,0.4699152649111691,-0.7624211141232198,-0.19791164576069165,0.04781968453520724,2.2868909226865135,12.289999961853027,0.13278336702724888,0.17668930138190564,0.11365101360952534,0.11457366751279507,0.14392036464148047,0.11577462087307758,0.036916588662442344,0.008770844894039481,0.0029623347046477976,2.295880734424937,2024-05-23,0,0.08926748384230956,0
COST,2024-06-06,,BMO,,,3.78,3.76,0.020000000000000018,0.005319148936170218,,,,,yfinance,18e3aa702197,2024,0.10825707996807019,0.03444423893887283,0.04166405980840304,0.10291489765305317,0.07896642482250038,0.14421314439192756,0.15999559681253564,0.2261900463827669,0.4538338828691396,-0.10273809393395611,0.035038765954867435,0.7751389489017857,12.630000114440918,0.013377378206610733,0.02338616089167787,0.010637451083056276,0.012456192029650775,-0.0031940356694026718,0.005124481426620775,-0.012213629041722854,-0.003895111945699409,0.0009913018328547814,0.7723090014801756,2024-06-06,0,0.13878358248529354,0
JPM,2024-07-12,,BMO,,,6.12,5.09,1.0300000000000002,0.20235756385068768,,,,,yfinance,e3363183a05c,2024,2.681481666804151,-0.0059418538437758794,0.050752188847597024,0.039276570882812,0.061288154973778264,0.17441521068976554,0.18948195275118254,0.23272520766465227,-0.13996799689764117,-0.07854470357675461,0.03886795423969658,0.6881877088447241,12.920000076293945,0.00028809992351216344,0.013592242205889187,0.00833920548356482,0.0049290622003764495,0.016488121549721946,0.006509746141643576,0.033763933493826025,0.023785558085747657,0.0008373375006835994,0.6879404703320465,2024-07-12,0,0.02727250738268485,0
BAC,2024-07-16,,BMO,,,0.83,0.8,0.029999999999999916,0.037499999999999895,,,,,yfinance,876b760ee45a,2024,0.3228232151960021,0.03126539860065791,0.05330648497568502,0.06292817944274054,0.17043862302542268,0.16649860457617377,0.16625278585542172,0.20226720631600656,-0.2590928064658262,-0.038832366568855185,0.03725809903037791,0.9991010005557004,13.119999885559082,0.038872724820683116,0.03282694428212614,0.06032521308562093,0.05667695078244747,0.02317552115761894,-0.06379146952874654,-0.023519806837805295,-0.11048679752417077,0.0007862693429317938,1.010400820333537,2024-07-16,0,-0.10175262683271907,0
GOOGL,2024-07-23,,AMC,,,1.89,1.84,0.04999999999999982,0.027173913043478163,,,,,yfinance,dec82fe7949d,2024,0.32060260888765524,-0.0115811488909211,-0.03804636789055915,0.012024652589245566,0.16323262545491746,0.24917508974420552,0.23453903197440978,0.28661477435203764,0.01129364943518532,-0.0707186396674896,0.01702451628986612,1.3395497907292082,14.720000267028809,-0.0430946568169653,-0.053140984286088905,-0.04384925790335173,-0.0458220641745488,-0.05421570351670824,-0.1226172202501503,-0.03322393864030603,-0.10162545537374808,0.0007760088036763888,1.3313610888580714,2024-07-24,0,-0.13835377468228638,0
MSFT,2024-07-30,,AMC,,,2.95,2.94,0.010000000000000231,0.003401360544217766,,,,,yfinance,d141284d060a,2024,0.10012814250053995,-0.049297498875785495,-0.05917417742490749,-0.05376439897749896,0.051385987390265786,0.2576318765981151,0.23743693442648747,0.2034282709182167,1.0811817938234298,-0.10514159448798598,-0.00407917905007571,1.1608332800194523,17.690000534057617,-0.038280031772266486,-0.01767256814433153,-0.020499863581511076,-0.017026331410451005,-0.01129900851349163,-0.07293339122848838,0.018755162419361517,-0.04287922029563525,0.00041531818529194457,1.1586258840053012,2024-07-31,0,-0.019537844702623625,0
META,2024-07-31,,AMC,,,5.16,4.76,0.40000000000000036,0.08403361344537823,,,,,yfinance,a6ff791c8ac4,2024,1.2489758476576245,0.029397094720141848,0.027792802028842045,-0.05914640274375216,0.10381935455859903,0.4148617063779809,0.4482704688515931,0.31872379566477854,0.6348813882520089,-0.16021183861196478,0.010030385509506523,1.7650747611462672,16.360000610351562,0.12848223908341516,0.10891950005527448,0.0810216190974035,0.08521110856145106,0.1335188330794008,0.050246044703834175,0.06106719911796611,-0.02220558925760053,0.0007162612599365046,1.7597022301850371,2024-08-01,0,-0.0695373689580326,0
AMZN,2024-08-01,,UNKNOWN,,,1.26,1.02,0.24,0.23529411764705882,,,,,yfinance,d7ed75d013ff,2024,0.8047353168638717,0.034009809402259394,-0.005055057655864115,-0.05182556480153244,0.06845711844308044,0.29110415369170584,0.24516098701152061,0.22910090326296012,-0.2220614111718713,-0.10074996948242188,0.010030385509506523,1.5100008418915611,16.360000610351562,-0.060829600188156474,-0.05811552406712148,-0.05399213505977787,-0.05895468929517576,-0.06918622987439127,-0.09096534534430109,-0.008479271863652153,-0.03025838733356199,0.000487851001500836,1.4839060225687861,2024-08-02,1,-0.26315316840615105,-1
AAPL,2024-08-01,,AMC,,,1.4,1.34,0.05999999999999983,0.04477611940298495,,,,,yfinance,1197c27c3c16,2024,0.6217094313330364,0.004000161364724697,-0.02596124656782739,-0.008671192741008915,0.28978143339782036,0.1927827817317051,0.23431105109929953,0.27650121493612795,-0.5468191730351731,-0.07380121493279297,-0.010928762487520838,1.0530337572645931,18.59000015258789,0.010565397482739014,-0.012091808307078344,0.008560560560417575,0.009926829151254448,0.013255236595742022,0.018637341114124698,-0.013693711980881169,-0.008311607462498491,-0.0004685967367763233,1.0533099921795461,2024-08-02,0,-0.30013644090406405,-1
XOM,2024-08-02,,BMO,,,2.14,2.01,0.13000000000000034,0.06467661691542306,,,,,yfinance,3373dbeb63b2,2024,0.6397088886780041,-0.004087570090148707,-0.01557244154875681,0.024259910979706367,0.007928968186022844,0.24183369627045392,0.20500677293151504,0.1919030979627384,-0.5616940524230936,-0.09428283882349175,-0.010928762487520838,0.257234411733523,18.59000015258789,0.013428820622930788,-0.026256927252038147,-0.01816584356437421,-0.007568645262051136,0.019985192619057932,-0.0019351887177440127,0.016291663414876957,-0.005628717921924983,0.00013592698661620526,0.23782906019230127,2024-08-02,0,-0.23357970055317792,-1
CVX,2024-08-02,,BMO,,,2.55,3.0,-0.4500000000000002,-0.15000000000000005,,,,,yfinance,d1a44777f67b,2024,-1.2149075097532929,-0.031230153476072164,-0.057726776767601184,-0.026347718550638,-0.043914111076869156,0.3193709709589012,0.25626074517517494,0.20541501909801904,0.29216948650378616,-0.07990591855476765,-0.010928762487520838,0.38427999664293755,18.59000015258789,-0.07373896674673365,-0.09112206035094729,-0.07831389342317287,-0.03486730478136596,-0.04196380994088005,-0.036682805655978874,-0.02238493635090433,-0.017103932066003164,-0.00033722082648455045,0.36261921242120776,2024-08-02,-1,-0.2531953971947366,-1
WMT,2024-08-15,,BMO,,,0.67,0.65,0.020000000000000018,0.030769230769230795,,,,,yfinance,046467939f7f,2024,0.4939829336687466,0.02615453451231864,0.0002914375384444057,-0.01900263240826061,0.14700973875760415,0.19482011234091132,0.15054173233211912,0.20212136801618508,0.32460627387456137,-0.058003592679046416,-0.03737206723613795,0.29675197534416037,16.190000534057617,0.09370824694897992,0.05397849539042737,0.06800821473977427,0.0620510209387742,0.08613335774018738,0.13416998622064982,0.026216803923651975,0.0742534324041144,0.0008988882976330882,0.2926527656481095,2024-08-15,0,-0.1133409053343032,0
NVDA,2024-08-28,,AMC,,,0.68,0.64,0.040000000000000036,0.06250000000000006,,,,,yfinance,b51c61cb435f,2024,2.183604242998225,-0.022490267623723303,0.06377031387643917,0.21093219459493495,0.09392557325275397,0.48591885556863873,0.760652693489655,0.6269158042429345,0.029990846526502645,-0.2704676034349044,0.030073778215809588,2.319126252124121,17.110000610351562,-0.15577483540511908,-0.127168526069756,-0.08537491414575868,-0.07524481372719924,-0.1328076216119037,-0.12300725982348128,-0.06642047922668153,-0.056620117438259066,0.002335535936115642,2.268960671796216,2024-08-29,0,0.36322834910358337,1
COST,2024-09-26,,AMC,,,5.15,5.08,0.07000000000000028,0.013779527559055173,,,,,yfinance,fef661439379,2024,0.3841728473185985,0.0007771523576398653,-0.014852000940244081,-0.00820774757649001,0.05974466579194093,0.1573658542251268,0.18921861527069075,0.21223160395970647,0.9129999636858686,-0.09586735167909485,0.01912527651732243,0.8275481945026895,15.369999885559082,-0.034061321256206735,-0.028441054672849676,-0.03283959497732601,-0.02080111622103198,-0.027810464496020953,-0.04297200849315709,-0.010383157844462804,-0.025544701841598932,0.0010767588723722325,0.8268244557826864,2024-09-27,0,0.045816782883021205,0
JPM,2024-10-11,,BMO,,,4.37,3.99,0.3799999999999999,0.0952380952380952,,,,,yfinance,a62c2b0f8a60,2024,0.9509429198402815,0.03708035262279363,0.014586698333491244,0.02707137347880595,0.03854783742741019,0.2009634256210087,0.16775172308475972,0.24128404474772497,-0.3105385044955753,-0.10130493712987568,0.0391580798706066,0.6180886371355736,20.93000030517578,0.06323143368918954,0.041411135615374614,0.026628750570659446,0.02952691952339358,0.041635871699529856,0.06616979004622214,0.0021770904873191265,0.02671100883401141,0.001257051143268294,0.615154879362976,2024-10-11,0,-0.14470476971473786,0
BAC,2024-10-15,,BMO,,,0.81,0.76,0.050000000000000044,0.06578947368421058,,,,,yfinance,fdd96237e38a,2024,0.5460256322010946,0.048798819009411964,0.05619958480558407,0.08434665440699662,-0.05030594078791262,0.28202044290763906,0.24204415921023345,0.23926794107321797,-0.6209570032848462,-0.16666662329812068,0.039696797514154,0.8628115844824622,19.700000762939453,0.02427984273668418,0.05077414008327813,0.01307800688025446,0.021904210309662695,0.004687047763251144,0.05425742972617378,-0.006231339163904949,0.04333904279901769,0.0010506737394384647,0.8341557522621105,2024-10-15,0,-0.13262222119161796,0
GOOGL,2024-10-29,,AMC,,,2.12,1.85,0.27,0.14594594594594595,,,,,yfinance,55f84ced9e7b,2024,1.755944147586232,0.027491784564081856,0.02550456781505983,0.02309307465370325,-0.010842956063598752,0.16973457957269156,0.1699253931876762,0.2271476368708505,0.2916112892497852,-0.12942136071480048,0.013960557775535731,1.2091686257268295,19.34000015258789,0.056201733571018715,0.054900930133644485,0.053054604586161944,0.0368494392520585,0.023589751586972386,-0.025882848517270247,-0.008593664610707784,-0.05806626471495042,-0.00038925234793139754,1.1977142631041349,2024-10-30,0,0.04590603583976237,0
MSFT,2024-10-30,,AMC,,,3.3,3.11,0.18999999999999995,0.061093247588424424,,,,,yfinance,6df84967149d,2024,1.8925873042885124,0.018676383800729335,0.03943574895382751,0.028144230357695976,0.03696869883068743,0.12771900532734135,0.12909623287175265,0.1749802340321305,-0.040133333628756616,-0.06644781903908968,0.02003097806310894,1.1193209337681573,20.350000381469727,-0.025948423714221826,-0.01848970146983363,-0.02770258252170851,-0.032772164006111354,-0.04242747935198978,-0.05393643716541242,-0.0041173448514934,-0.015626302664916023,-0.0003525433864429331,1.1153795619844054,2024-10-31,0,-0.03444819947795788,0
META,2024-10-30,,AMC,,,6.03,5.3,0.7300000000000004,0.13773584905660385,,,,,yfinance,3b3579a93ee8,2024,2.2982150283946026,0.04986780895494847,0.026023353971856622,0.026592915275613693,0.1889741620204215,0.23522507216440605,0.22369370849441442,0.24449406226648232,0.3974120080995324,-0.06897070124034274,0.02003097806310894,1.5527841143314598,20.350000381469727,-0.0062509758497505605,-0.0038501549958797412,-0.01778973477811053,-0.019217056746985522,-0.04581947561423613,-0.1049506204438927,-0.03476040097211674,-0.09389154580177331,0.0008126466700405948,1.5650335642192383,2024-10-31,0,0.10478828260507947,0
AMZN,2024-10-31,,AMC,,,1.43,1.14,0.29000000000000004,0.25438596491228077,,,,,yfinance,28f5e9fce6d2,2024,0.9838186687282721,0.00010724870237255324,-0.006025728630982385,0.008876377129291235,0.11018463771598364,0.251454473858126,0.24113997768006804,0.2644088035926058,0.38427353420215354,-0.06784905757156019,-0.0003866868979878202,1.4613227336097812,23.15999984741211,0.0704868107938454,0.06083949507481696,0.044294851506484226,0.04864470804117062,0.04184847396055143,0.04801276015236364,-0.014250961870225363,-0.00808667567841314,-0.00031100046450217053,1.437682094286641,2024-11-01,1,0.02102096624546343,0
AAPL,2024-10-31,,AMC,,,0.97,0.95,0.020000000000000018,0.02105263157894739,,,,,yfinance,f24fc910ae98,2024,0.2103320299170491,-0.020210797215947762,-0.026879131589197525,-0.003836295625145425,0.027517524947523242,0.18696203872110856,0.1948785820976945,0.22173761624033891,-0.13769272753867995,-0.05861867947026455,-0.0003866868979878202,1.0171247439876743,23.15999984741211,-0.04760919241978452,-0.03555943159971286,-0.017739024134903657,-0.019302248321119028,-0.04613515631832034,4.483671760061817e-05,-0.02865586129216246,0.01752413174375849,-4.721275302254778e-05,1.0062436119681277,2024-11-01,0,-0.21363008297588837,-1
CVX,2024-11-01,,BMO,,,2.51,2.42,0.08999999999999986,0.037190082644628045,,,,,yfinance,b2bfc52f5ab6,2024,0.24038294259665482,-0.010834095427626922,-0.01574067243426025,-0.014110564207257092,0.0018175985655608518,0.07839165571592896,0.14416440277640424,0.17711568410285278,0.018939356205548475,-0.07151511863425926,-0.0003866868979878202,0.4697520306281411,23.15999984741211,0.03328686387893962,0.03948909041698186,0.04955018267365169,0.0345055865093791,0.032758559418584195,0.07007578590872308,0.005681652429360433,0.04299887891949933,-0.000525173336418702,0.47535582214281297,2024-11-01,0,-0.19095672288599433,0
XOM,2024-11-01,,BMO,,,1.92,1.87,0.04999999999999982,0.026737967914438405,,,,,yfinance,45f3dd7829ad,2024,0.24927730551014943,-0.023496928210068324,-0.02966347935261404,-0.03900590844889551,-0.0008555653359939575,0.07964353523497335,0.173999574983334,0.21878207718904233,0.03932802702167751,-0.07798318301930147,-0.0003866868979878202,0.24492140305641075,23.15999984741211,0.0039457449728611755,0.01634226792872861,0.02093569787261039,0.01540163612933143,0.02367987807881229,-0.007080905874833327,0.040529192265060854,0.009768408311415242,0.00012620411253549447,0.24940048022407482,2024-11-01,0,-0.23707154651219592,-1
WMT,2024-11-19,,BMO,,,0.58,0.53,0.04999999999999993,0.0943396226415093,,,,,yfinance,4600e95807ef,2024,1.2527665102080923,-0.001543727049415633,0.01976961726069848,0.034067203980233884,0.1279849852207351,0.13828696024024673,0.13559840903279027,0.14801024157561699,0.43244788071203427,-0.03176175691139386,0.006089733651022167,0.28449284636341815,15.579999923706055,0.06266999401944837,0.03730861196687299,0.02728254416162206,0.03215617923374399,0.06743707833061388,0.07382009643345533,0.04019538152265926,0.046578399625500685,0.001686280394451188,0.2854458252579445,2024-11-19,0,0.06860696349841844,0
NVDA,2024-11-20,,AMC,,,0.81,0.75,0.06000000000000005,0.08000000000000007,,,,,yfinance,691362829207,2024,3.207519982484967,-0.0025979686313856165,0.0019229364612540767,0.016017850201385464,0.1790043794106475,0.37948908832567474,0.3787932071051997,0.4693182595062905,-0.38159468680408876,-0.20514798089071606,0.01230884006313615,2.8620043686362395,17.15999984741211,-0.0995037778663992,-0.08180428601509046,-0.06515987046598401,-0.05468976927686353,-0.12098104981048437,-0.11947818016624945,-0.10917402041777381,-0.10767115077353889,0.0018880965518613207,2.843620876903834,2024-11-21,0,-0.0744845035878946,0
COST,2024-12-12,,AMC,,,4.04,3.8,0.2400000000000002,0.06315789473684216,,,,,yfinance,75e0e3738d20,2024,1.33693747841746,0.006240715107881822,0.027913293324535626,0.0600720837773272,0.07902840027122005,0.11416575987447802,0.17176626112682147,0.17075945696234604,0.048283970329293234,-0.04742224170621571,0.012447633392333568,0.8456363588493723,13.920000076293945,-0.016190871943387378,-0.017170176825379406,-0.0031541732970220182,-0.0002953220318510124,-0.021889990641276134,,-0.0222787830607176,,0.0007450580849252265,0.8189685834207747,2024-12-13,0,0.023966712017705998,0
